accession,Organism Name,GenBank/RefSeq,Submitters,Organization,Submitter Country,Release date,Isolate,Virus Lineage,Length,Nuc Completeness,Proteins/Segments,Segment,Is Vaccine Strain,Geographic Region,Geographic Location,Host,Host Lineage,Lab Host,Tissue/Specimen/Source,Collection Date,Sample Name,Annotated,SRA Accessions,Bioprojects,Biosample,Protein count,Gene count,Mature Peptide Count,definition,strain,isolation_source,create_date,update_date,assembly_name,authors,title,journal,pubmed_id,reference_count,comment
PX659872.2,,GenBank,,,,2025-12-28,,[],1542,partial,"Orthonairovirus haemorrhagiae isolate 11-2 segment S nucleocapsid protein gene, partial cds",S,False,Africa,Cameroon,Bos taurus,"[{'tax_id': 131567, 'name': 'cellular organisms'}, {'tax_id': 2759, 'name': 'Eukaryota'}, {'tax_id': 33154, 'name': 'Opisthokonta'}, {'tax_id': 33208, 'name': 'Metazoa'}, {'tax_id': 6072, 'name': 'Eumetazoa'}, {'tax_id': 33213, 'name': 'Bilateria'}, {'tax_id': 33511, 'name': 'Deuterostomia'}, {'tax_id': 7711, 'name': 'Chordata'}, {'tax_id': 89593, 'name': 'Craniata'}, {'tax_id': 7742, 'name': 'Vertebrata'}, {'tax_id': 7776, 'name': 'Gnathostomata'}, {'tax_id': 117570, 'name': 'Teleostomi'}, {'tax_id': 117571, 'name': 'Euteleostomi'}, {'tax_id': 8287, 'name': 'Sarcopterygii'}, {'tax_id': 1338369, 'name': 'Dipnotetrapodomorpha'}, {'tax_id': 32523, 'name': 'Tetrapoda'}, {'tax_id': 32524, 'name': 'Amniota'}, {'tax_id': 40674, 'name': 'Mammalia'}, {'tax_id': 32525, 'name': 'Theria'}, {'tax_id': 9347, 'name': 'Eutheria'}, {'tax_id': 1437010, 'name': 'Boreoeutheria'}, {'tax_id': 314145, 'name': 'Laurasiatheria'}, {'tax_id': 91561, 'name': 'Artiodactyla'}, {'tax_id': 9845, 'name': 'Ruminantia'}, {'tax_id': 35500, 'name': 'Pecora'}, {'tax_id': 9895, 'name': 'Bovidae'}, {'tax_id': 27592, 'name': 'Bovinae'}, {'tax_id': 9903, 'name': 'Bos'}, {'tax_id': 9913, 'name': 'Bos taurus'}]",False,,,,True,[],[],,1.0,,,,,,,,,,,,,,
PX499075.1,,GenBank,,,,2025-11-17,,[],1673,complete,"Orthonairovirus haemorrhagiae isolate Larissa-465/Greece/2025 segment S, complete sequence",S,False,Europe,Greece,Homo sapiens,"[{'tax_id': 131567, 'name': 'cellular organisms'}, {'tax_id': 2759, 'name': 'Eukaryota'}, {'tax_id': 33154, 'name': 'Opisthokonta'}, {'tax_id': 33208, 'name': 'Metazoa'}, {'tax_id': 6072, 'name': 'Eumetazoa'}, {'tax_id': 33213, 'name': 'Bilateria'}, {'tax_id': 33511, 'name': 'Deuterostomia'}, {'tax_id': 7711, 'name': 'Chordata'}, {'tax_id': 89593, 'name': 'Craniata'}, {'tax_id': 7742, 'name': 'Vertebrata'}, {'tax_id': 7776, 'name': 'Gnathostomata'}, {'tax_id': 117570, 'name': 'Teleostomi'}, {'tax_id': 117571, 'name': 'Euteleostomi'}, {'tax_id': 8287, 'name': 'Sarcopterygii'}, {'tax_id': 1338369, 'name': 'Dipnotetrapodomorpha'}, {'tax_id': 32523, 'name': 'Tetrapoda'}, {'tax_id': 32524, 'name': 'Amniota'}, {'tax_id': 40674, 'name': 'Mammalia'}, {'tax_id': 32525, 'name': 'Theria'}, {'tax_id': 9347, 'name': 'Eutheria'}, {'tax_id': 1437010, 'name': 'Boreoeutheria'}, {'tax_id': 314146, 'name': 'Euarchontoglires'}, {'tax_id': 9443, 'name': 'Primates'}, {'tax_id': 376913, 'name': 'Haplorrhini'}, {'tax_id': 314293, 'name': 'Simiiformes'}, {'tax_id': 9526, 'name': 'Catarrhini'}, {'tax_id': 314295, 'name': 'Hominoidea'}, {'tax_id': 9604, 'name': 'Hominidae'}, {'tax_id': 207598, 'name': 'Homininae'}, {'tax_id': 9605, 'name': 'Homo'}, {'tax_id': 9606, 'name': 'Homo sapiens'}]",False,blood,,,True,[],[],,1.0,,,,,,,,,,,,,,
PX210841.1,,GenBank,,,,2025-09-02,,[],1651,partial,"Orthonairovirus haemorrhagiae isolate CCHF/2025/Mibulak/KZ nucleoprotein (N) gene, complete cds",S,False,Asia,Kazakhstan,Hyalomma asiaticum,"[{'tax_id': 131567, 'name': 'cellular organisms'}, {'tax_id': 2759, 'name': 'Eukaryota'}, {'tax_id': 33154, 'name': 'Opisthokonta'}, {'tax_id': 33208, 'name': 'Metazoa'}, {'tax_id': 6072, 'name': 'Eumetazoa'}, {'tax_id': 33213, 'name': 'Bilateria'}, {'tax_id': 33317, 'name': 'Protostomia'}, {'tax_id': 1206794, 'name': 'Ecdysozoa'}, {'tax_id': 88770, 'name': 'Panarthropoda'}, {'tax_id': 6656, 'name': 'Arthropoda'}, {'tax_id': 6843, 'name': 'Chelicerata'}, {'tax_id': 6854, 'name': 'Arachnida'}, {'tax_id': 6933, 'name': 'Acari'}, {'tax_id': 6934, 'name': 'Parasitiformes'}, {'tax_id': 6935, 'name': 'Ixodida'}, {'tax_id': 297308, 'name': 'Ixodoidea'}, {'tax_id': 6939, 'name': 'Ixodidae'}, {'tax_id': 426438, 'name': 'Hyalomminae'}, {'tax_id': 34625, 'name': 'Hyalomma'}, {'tax_id': 266040, 'name': 'Hyalomma asiaticum'}]",False,,,,True,[],[],,1.0,,,,,,,,,,,,,,
PV976896.1,,GenBank,,,,2025-08-10,,[],1629,partial,"Orthonairovirus haemorrhagiae isolate 2425 nucleoprotein gene, complete cds",S,False,Europe,France,Ixodoidea,"[{'tax_id': 131567, 'name': 'cellular organisms'}, {'tax_id': 2759, 'name': 'Eukaryota'}, {'tax_id': 33154, 'name': 'Opisthokonta'}, {'tax_id': 33208, 'name': 'Metazoa'}, {'tax_id': 6072, 'name': 'Eumetazoa'}, {'tax_id': 33213, 'name': 'Bilateria'}, {'tax_id': 33317, 'name': 'Protostomia'}, {'tax_id': 1206794, 'name': 'Ecdysozoa'}, {'tax_id': 88770, 'name': 'Panarthropoda'}, {'tax_id': 6656, 'name': 'Arthropoda'}, {'tax_id': 6843, 'name': 'Chelicerata'}, {'tax_id': 6854, 'name': 'Arachnida'}, {'tax_id': 6933, 'name': 'Acari'}, {'tax_id': 6934, 'name': 'Parasitiformes'}, {'tax_id': 6935, 'name': 'Ixodida'}, {'tax_id': 297308, 'name': 'Ixodoidea'}]",False,,,,True,[],[],,1.0,,,,,,,,,,,,,,
PV976895.1,,GenBank,,,,2025-08-10,,[],1673,partial,"Orthonairovirus haemorrhagiae isolate 3154 nucleoprotein gene, complete cds",S,False,Europe,France,Ixodoidea,"[{'tax_id': 131567, 'name': 'cellular organisms'}, {'tax_id': 2759, 'name': 'Eukaryota'}, {'tax_id': 33154, 'name': 'Opisthokonta'}, {'tax_id': 33208, 'name': 'Metazoa'}, {'tax_id': 6072, 'name': 'Eumetazoa'}, {'tax_id': 33213, 'name': 'Bilateria'}, {'tax_id': 33317, 'name': 'Protostomia'}, {'tax_id': 1206794, 'name': 'Ecdysozoa'}, {'tax_id': 88770, 'name': 'Panarthropoda'}, {'tax_id': 6656, 'name': 'Arthropoda'}, {'tax_id': 6843, 'name': 'Chelicerata'}, {'tax_id': 6854, 'name': 'Arachnida'}, {'tax_id': 6933, 'name': 'Acari'}, {'tax_id': 6934, 'name': 'Parasitiformes'}, {'tax_id': 6935, 'name': 'Ixodida'}, {'tax_id': 297308, 'name': 'Ixodoidea'}]",False,,,,True,[],[],,1.0,,,,,,,,,,,,,,
PV976894.1,,GenBank,,,,2025-08-10,,[],1673,partial,"Orthonairovirus haemorrhagiae isolate 2456 nucleoprotein gene, complete cds",S,False,Europe,France,Ixodoidea,"[{'tax_id': 131567, 'name': 'cellular organisms'}, {'tax_id': 2759, 'name': 'Eukaryota'}, {'tax_id': 33154, 'name': 'Opisthokonta'}, {'tax_id': 33208, 'name': 'Metazoa'}, {'tax_id': 6072, 'name': 'Eumetazoa'}, {'tax_id': 33213, 'name': 'Bilateria'}, {'tax_id': 33317, 'name': 'Protostomia'}, {'tax_id': 1206794, 'name': 'Ecdysozoa'}, {'tax_id': 88770, 'name': 'Panarthropoda'}, {'tax_id': 6656, 'name': 'Arthropoda'}, {'tax_id': 6843, 'name': 'Chelicerata'}, {'tax_id': 6854, 'name': 'Arachnida'}, {'tax_id': 6933, 'name': 'Acari'}, {'tax_id': 6934, 'name': 'Parasitiformes'}, {'tax_id': 6935, 'name': 'Ixodida'}, {'tax_id': 297308, 'name': 'Ixodoidea'}]",False,,,,True,[],[],,1.0,,,,,,,,,,,,,,
PV976893.1,,GenBank,,,,2025-08-10,,[],1629,partial,"Orthonairovirus haemorrhagiae isolate 1008 nucleoprotein gene, complete cds",S,False,Europe,France,Ixodoidea,"[{'tax_id': 131567, 'name': 'cellular organisms'}, {'tax_id': 2759, 'name': 'Eukaryota'}, {'tax_id': 33154, 'name': 'Opisthokonta'}, {'tax_id': 33208, 'name': 'Metazoa'}, {'tax_id': 6072, 'name': 'Eumetazoa'}, {'tax_id': 33213, 'name': 'Bilateria'}, {'tax_id': 33317, 'name': 'Protostomia'}, {'tax_id': 1206794, 'name': 'Ecdysozoa'}, {'tax_id': 88770, 'name': 'Panarthropoda'}, {'tax_id': 6656, 'name': 'Arthropoda'}, {'tax_id': 6843, 'name': 'Chelicerata'}, {'tax_id': 6854, 'name': 'Arachnida'}, {'tax_id': 6933, 'name': 'Acari'}, {'tax_id': 6934, 'name': 'Parasitiformes'}, {'tax_id': 6935, 'name': 'Ixodida'}, {'tax_id': 297308, 'name': 'Ixodoidea'}]",False,,,,True,[],[],,1.0,,,,,,,,,,,,,,
PV976892.1,,GenBank,,,,2025-08-10,,[],1672,partial,"Orthonairovirus haemorrhagiae isolate 1002 nucleoprotein gene, complete cds",S,False,Europe,France,Ixodoidea,"[{'tax_id': 131567, 'name': 'cellular organisms'}, {'tax_id': 2759, 'name': 'Eukaryota'}, {'tax_id': 33154, 'name': 'Opisthokonta'}, {'tax_id': 33208, 'name': 'Metazoa'}, {'tax_id': 6072, 'name': 'Eumetazoa'}, {'tax_id': 33213, 'name': 'Bilateria'}, {'tax_id': 33317, 'name': 'Protostomia'}, {'tax_id': 1206794, 'name': 'Ecdysozoa'}, {'tax_id': 88770, 'name': 'Panarthropoda'}, {'tax_id': 6656, 'name': 'Arthropoda'}, {'tax_id': 6843, 'name': 'Chelicerata'}, {'tax_id': 6854, 'name': 'Arachnida'}, {'tax_id': 6933, 'name': 'Acari'}, {'tax_id': 6934, 'name': 'Parasitiformes'}, {'tax_id': 6935, 'name': 'Ixodida'}, {'tax_id': 297308, 'name': 'Ixodoidea'}]",False,,,,True,[],[],,1.0,,,,,,,,,,,,,,
PV976890.1,,GenBank,,,,2025-08-10,,[],1673,partial,"Orthonairovirus haemorrhagiae isolate 2150 nucleoprotein gene, complete cds",S,False,Europe,France,Ixodoidea,"[{'tax_id': 131567, 'name': 'cellular organisms'}, {'tax_id': 2759, 'name': 'Eukaryota'}, {'tax_id': 33154, 'name': 'Opisthokonta'}, {'tax_id': 33208, 'name': 'Metazoa'}, {'tax_id': 6072, 'name': 'Eumetazoa'}, {'tax_id': 33213, 'name': 'Bilateria'}, {'tax_id': 33317, 'name': 'Protostomia'}, {'tax_id': 1206794, 'name': 'Ecdysozoa'}, {'tax_id': 88770, 'name': 'Panarthropoda'}, {'tax_id': 6656, 'name': 'Arthropoda'}, {'tax_id': 6843, 'name': 'Chelicerata'}, {'tax_id': 6854, 'name': 'Arachnida'}, {'tax_id': 6933, 'name': 'Acari'}, {'tax_id': 6934, 'name': 'Parasitiformes'}, {'tax_id': 6935, 'name': 'Ixodida'}, {'tax_id': 297308, 'name': 'Ixodoidea'}]",False,,,,True,[],[],,1.0,,,,,,,,,,,,,,
PV976889.1,,GenBank,,,,2025-08-10,,[],1673,partial,"Orthonairovirus haemorrhagiae isolate 2005 nucleoprotein gene, complete cds",S,False,Europe,France,Ixodoidea,"[{'tax_id': 131567, 'name': 'cellular organisms'}, {'tax_id': 2759, 'name': 'Eukaryota'}, {'tax_id': 33154, 'name': 'Opisthokonta'}, {'tax_id': 33208, 'name': 'Metazoa'}, {'tax_id': 6072, 'name': 'Eumetazoa'}, {'tax_id': 33213, 'name': 'Bilateria'}, {'tax_id': 33317, 'name': 'Protostomia'}, {'tax_id': 1206794, 'name': 'Ecdysozoa'}, {'tax_id': 88770, 'name': 'Panarthropoda'}, {'tax_id': 6656, 'name': 'Arthropoda'}, {'tax_id': 6843, 'name': 'Chelicerata'}, {'tax_id': 6854, 'name': 'Arachnida'}, {'tax_id': 6933, 'name': 'Acari'}, {'tax_id': 6934, 'name': 'Parasitiformes'}, {'tax_id': 6935, 'name': 'Ixodida'}, {'tax_id': 297308, 'name': 'Ixodoidea'}]",False,,,,True,[],[],,1.0,,,,,,,,,,,,,,
PV976887.1,,GenBank,,,,2025-08-10,,[],1673,partial,"Orthonairovirus haemorrhagiae isolate 590 nucleoprotein gene, complete cds",S,False,Europe,France,Ixodoidea,"[{'tax_id': 131567, 'name': 'cellular organisms'}, {'tax_id': 2759, 'name': 'Eukaryota'}, {'tax_id': 33154, 'name': 'Opisthokonta'}, {'tax_id': 33208, 'name': 'Metazoa'}, {'tax_id': 6072, 'name': 'Eumetazoa'}, {'tax_id': 33213, 'name': 'Bilateria'}, {'tax_id': 33317, 'name': 'Protostomia'}, {'tax_id': 1206794, 'name': 'Ecdysozoa'}, {'tax_id': 88770, 'name': 'Panarthropoda'}, {'tax_id': 6656, 'name': 'Arthropoda'}, {'tax_id': 6843, 'name': 'Chelicerata'}, {'tax_id': 6854, 'name': 'Arachnida'}, {'tax_id': 6933, 'name': 'Acari'}, {'tax_id': 6934, 'name': 'Parasitiformes'}, {'tax_id': 6935, 'name': 'Ixodida'}, {'tax_id': 297308, 'name': 'Ixodoidea'}]",False,,,,True,[],[],,1.0,,,,,,,,,,,,,,
PV955428.1,,GenBank,,,,2025-08-13,,[],1657,partial,"Orthonairovirus haemorrhagiae isolate DoG22-103 segment S nucleocapsid protein gene, complete cds",S,False,Asia,Mongolia: Dornogovi,Hyalomma asiaticum,"[{'tax_id': 131567, 'name': 'cellular organisms'}, {'tax_id': 2759, 'name': 'Eukaryota'}, {'tax_id': 33154, 'name': 'Opisthokonta'}, {'tax_id': 33208, 'name': 'Metazoa'}, {'tax_id': 6072, 'name': 'Eumetazoa'}, {'tax_id': 33213, 'name': 'Bilateria'}, {'tax_id': 33317, 'name': 'Protostomia'}, {'tax_id': 1206794, 'name': 'Ecdysozoa'}, {'tax_id': 88770, 'name': 'Panarthropoda'}, {'tax_id': 6656, 'name': 'Arthropoda'}, {'tax_id': 6843, 'name': 'Chelicerata'}, {'tax_id': 6854, 'name': 'Arachnida'}, {'tax_id': 6933, 'name': 'Acari'}, {'tax_id': 6934, 'name': 'Parasitiformes'}, {'tax_id': 6935, 'name': 'Ixodida'}, {'tax_id': 297308, 'name': 'Ixodoidea'}, {'tax_id': 6939, 'name': 'Ixodidae'}, {'tax_id': 426438, 'name': 'Hyalomminae'}, {'tax_id': 34625, 'name': 'Hyalomma'}, {'tax_id': 266040, 'name': 'Hyalomma asiaticum'}]",False,,,,True,[],[],,1.0,,,,,,,,,,,,,,
PV953857.1,,GenBank,,,,2025-07-27,,[],1671,partial,"Orthonairovirus haemorrhagiae isolate CCHFV_30_185 nucleocapsid protein gene, complete cds",S,False,Asia,Tajikistan,Hyalomma anatolicum,"[{'tax_id': 131567, 'name': 'cellular organisms'}, {'tax_id': 2759, 'name': 'Eukaryota'}, {'tax_id': 33154, 'name': 'Opisthokonta'}, {'tax_id': 33208, 'name': 'Metazoa'}, {'tax_id': 6072, 'name': 'Eumetazoa'}, {'tax_id': 33213, 'name': 'Bilateria'}, {'tax_id': 33317, 'name': 'Protostomia'}, {'tax_id': 1206794, 'name': 'Ecdysozoa'}, {'tax_id': 88770, 'name': 'Panarthropoda'}, {'tax_id': 6656, 'name': 'Arthropoda'}, {'tax_id': 6843, 'name': 'Chelicerata'}, {'tax_id': 6854, 'name': 'Arachnida'}, {'tax_id': 6933, 'name': 'Acari'}, {'tax_id': 6934, 'name': 'Parasitiformes'}, {'tax_id': 6935, 'name': 'Ixodida'}, {'tax_id': 297308, 'name': 'Ixodoidea'}, {'tax_id': 6939, 'name': 'Ixodidae'}, {'tax_id': 426438, 'name': 'Hyalomminae'}, {'tax_id': 34625, 'name': 'Hyalomma'}, {'tax_id': 176092, 'name': 'Hyalomma anatolicum'}]",False,pooled ticks,,,True,[],[],,1.0,,,,,,,,,,,,,,
PV738570.1,,GenBank,,,,2025-06-15,,[],1249,partial,"Orthonairovirus haemorrhagiae isolate CCHFV_27_27 segment S, partial sequence",S,False,Asia,Tajikistan,Hyalomma anatolicum,"[{'tax_id': 131567, 'name': 'cellular organisms'}, {'tax_id': 2759, 'name': 'Eukaryota'}, {'tax_id': 33154, 'name': 'Opisthokonta'}, {'tax_id': 33208, 'name': 'Metazoa'}, {'tax_id': 6072, 'name': 'Eumetazoa'}, {'tax_id': 33213, 'name': 'Bilateria'}, {'tax_id': 33317, 'name': 'Protostomia'}, {'tax_id': 1206794, 'name': 'Ecdysozoa'}, {'tax_id': 88770, 'name': 'Panarthropoda'}, {'tax_id': 6656, 'name': 'Arthropoda'}, {'tax_id': 6843, 'name': 'Chelicerata'}, {'tax_id': 6854, 'name': 'Arachnida'}, {'tax_id': 6933, 'name': 'Acari'}, {'tax_id': 6934, 'name': 'Parasitiformes'}, {'tax_id': 6935, 'name': 'Ixodida'}, {'tax_id': 297308, 'name': 'Ixodoidea'}, {'tax_id': 6939, 'name': 'Ixodidae'}, {'tax_id': 426438, 'name': 'Hyalomminae'}, {'tax_id': 34625, 'name': 'Hyalomma'}, {'tax_id': 176092, 'name': 'Hyalomma anatolicum'}]",False,pooled ticks,,,True,[],[],,1.0,,,,,,,,,,,,,,
PV738568.1,,GenBank,,,,2025-06-15,,[],1246,partial,"Orthonairovirus haemorrhagiae isolate CCHFV_26_26 segment S, partial sequence",S,False,Asia,Tajikistan,Hyalomma anatolicum,"[{'tax_id': 131567, 'name': 'cellular organisms'}, {'tax_id': 2759, 'name': 'Eukaryota'}, {'tax_id': 33154, 'name': 'Opisthokonta'}, {'tax_id': 33208, 'name': 'Metazoa'}, {'tax_id': 6072, 'name': 'Eumetazoa'}, {'tax_id': 33213, 'name': 'Bilateria'}, {'tax_id': 33317, 'name': 'Protostomia'}, {'tax_id': 1206794, 'name': 'Ecdysozoa'}, {'tax_id': 88770, 'name': 'Panarthropoda'}, {'tax_id': 6656, 'name': 'Arthropoda'}, {'tax_id': 6843, 'name': 'Chelicerata'}, {'tax_id': 6854, 'name': 'Arachnida'}, {'tax_id': 6933, 'name': 'Acari'}, {'tax_id': 6934, 'name': 'Parasitiformes'}, {'tax_id': 6935, 'name': 'Ixodida'}, {'tax_id': 297308, 'name': 'Ixodoidea'}, {'tax_id': 6939, 'name': 'Ixodidae'}, {'tax_id': 426438, 'name': 'Hyalomminae'}, {'tax_id': 34625, 'name': 'Hyalomma'}, {'tax_id': 176092, 'name': 'Hyalomma anatolicum'}]",False,pooled ticks,,,True,[],[],,1.0,,,,,,,,,,,,,,
PV696549.1,,GenBank,,,,2025-06-04,,[],1668,partial,"Orthonairovirus haemorrhagiae isolate BG111-2024 segment S, complete sequence",S,False,Europe,Bulgaria,Homo sapiens,"[{'tax_id': 131567, 'name': 'cellular organisms'}, {'tax_id': 2759, 'name': 'Eukaryota'}, {'tax_id': 33154, 'name': 'Opisthokonta'}, {'tax_id': 33208, 'name': 'Metazoa'}, {'tax_id': 6072, 'name': 'Eumetazoa'}, {'tax_id': 33213, 'name': 'Bilateria'}, {'tax_id': 33511, 'name': 'Deuterostomia'}, {'tax_id': 7711, 'name': 'Chordata'}, {'tax_id': 89593, 'name': 'Craniata'}, {'tax_id': 7742, 'name': 'Vertebrata'}, {'tax_id': 7776, 'name': 'Gnathostomata'}, {'tax_id': 117570, 'name': 'Teleostomi'}, {'tax_id': 117571, 'name': 'Euteleostomi'}, {'tax_id': 8287, 'name': 'Sarcopterygii'}, {'tax_id': 1338369, 'name': 'Dipnotetrapodomorpha'}, {'tax_id': 32523, 'name': 'Tetrapoda'}, {'tax_id': 32524, 'name': 'Amniota'}, {'tax_id': 40674, 'name': 'Mammalia'}, {'tax_id': 32525, 'name': 'Theria'}, {'tax_id': 9347, 'name': 'Eutheria'}, {'tax_id': 1437010, 'name': 'Boreoeutheria'}, {'tax_id': 314146, 'name': 'Euarchontoglires'}, {'tax_id': 9443, 'name': 'Primates'}, {'tax_id': 376913, 'name': 'Haplorrhini'}, {'tax_id': 314293, 'name': 'Simiiformes'}, {'tax_id': 9526, 'name': 'Catarrhini'}, {'tax_id': 314295, 'name': 'Hominoidea'}, {'tax_id': 9604, 'name': 'Hominidae'}, {'tax_id': 207598, 'name': 'Homininae'}, {'tax_id': 9605, 'name': 'Homo'}, {'tax_id': 9606, 'name': 'Homo sapiens'}]",False,blood,,,True,[],[],,1.0,,,,,,,,,,,,,,
PV390612.1,,GenBank,,,,2025-04-05,,[],1254,partial,"Orthonairovirus haemorrhagiae isolate CCHFV_14_169 segment S nucleocapsid protein gene, partial cds",S,False,Asia,Tajikistan,Hyalomma anatolicum,"[{'tax_id': 131567, 'name': 'cellular organisms'}, {'tax_id': 2759, 'name': 'Eukaryota'}, {'tax_id': 33154, 'name': 'Opisthokonta'}, {'tax_id': 33208, 'name': 'Metazoa'}, {'tax_id': 6072, 'name': 'Eumetazoa'}, {'tax_id': 33213, 'name': 'Bilateria'}, {'tax_id': 33317, 'name': 'Protostomia'}, {'tax_id': 1206794, 'name': 'Ecdysozoa'}, {'tax_id': 88770, 'name': 'Panarthropoda'}, {'tax_id': 6656, 'name': 'Arthropoda'}, {'tax_id': 6843, 'name': 'Chelicerata'}, {'tax_id': 6854, 'name': 'Arachnida'}, {'tax_id': 6933, 'name': 'Acari'}, {'tax_id': 6934, 'name': 'Parasitiformes'}, {'tax_id': 6935, 'name': 'Ixodida'}, {'tax_id': 297308, 'name': 'Ixodoidea'}, {'tax_id': 6939, 'name': 'Ixodidae'}, {'tax_id': 426438, 'name': 'Hyalomminae'}, {'tax_id': 34625, 'name': 'Hyalomma'}, {'tax_id': 176092, 'name': 'Hyalomma anatolicum'}]",False,pooled ticks,,,True,[],[],,1.0,,,,,,,,,,,,,,
PV390611.1,,GenBank,,,,2025-04-05,,[],1248,partial,"Orthonairovirus haemorrhagiae isolate CCHFV_12_167 segment S nucleocapsid protein gene, partial cds",S,False,Asia,Tajikistan,Hyalomma anatolicum,"[{'tax_id': 131567, 'name': 'cellular organisms'}, {'tax_id': 2759, 'name': 'Eukaryota'}, {'tax_id': 33154, 'name': 'Opisthokonta'}, {'tax_id': 33208, 'name': 'Metazoa'}, {'tax_id': 6072, 'name': 'Eumetazoa'}, {'tax_id': 33213, 'name': 'Bilateria'}, {'tax_id': 33317, 'name': 'Protostomia'}, {'tax_id': 1206794, 'name': 'Ecdysozoa'}, {'tax_id': 88770, 'name': 'Panarthropoda'}, {'tax_id': 6656, 'name': 'Arthropoda'}, {'tax_id': 6843, 'name': 'Chelicerata'}, {'tax_id': 6854, 'name': 'Arachnida'}, {'tax_id': 6933, 'name': 'Acari'}, {'tax_id': 6934, 'name': 'Parasitiformes'}, {'tax_id': 6935, 'name': 'Ixodida'}, {'tax_id': 297308, 'name': 'Ixodoidea'}, {'tax_id': 6939, 'name': 'Ixodidae'}, {'tax_id': 426438, 'name': 'Hyalomminae'}, {'tax_id': 34625, 'name': 'Hyalomma'}, {'tax_id': 176092, 'name': 'Hyalomma anatolicum'}]",False,pooled ticks,,,True,[],[],,1.0,,,,,,,,,,,,,,
PV390610.1,,GenBank,,,,2025-04-05,,[],1673,partial,"Orthonairovirus haemorrhagiae isolate CCHFV_6_161 segment S nucleocapsid protein gene, complete cds",S,False,Asia,Tajikistan,Hyalomma anatolicum,"[{'tax_id': 131567, 'name': 'cellular organisms'}, {'tax_id': 2759, 'name': 'Eukaryota'}, {'tax_id': 33154, 'name': 'Opisthokonta'}, {'tax_id': 33208, 'name': 'Metazoa'}, {'tax_id': 6072, 'name': 'Eumetazoa'}, {'tax_id': 33213, 'name': 'Bilateria'}, {'tax_id': 33317, 'name': 'Protostomia'}, {'tax_id': 1206794, 'name': 'Ecdysozoa'}, {'tax_id': 88770, 'name': 'Panarthropoda'}, {'tax_id': 6656, 'name': 'Arthropoda'}, {'tax_id': 6843, 'name': 'Chelicerata'}, {'tax_id': 6854, 'name': 'Arachnida'}, {'tax_id': 6933, 'name': 'Acari'}, {'tax_id': 6934, 'name': 'Parasitiformes'}, {'tax_id': 6935, 'name': 'Ixodida'}, {'tax_id': 297308, 'name': 'Ixodoidea'}, {'tax_id': 6939, 'name': 'Ixodidae'}, {'tax_id': 426438, 'name': 'Hyalomminae'}, {'tax_id': 34625, 'name': 'Hyalomma'}, {'tax_id': 176092, 'name': 'Hyalomma anatolicum'}]",False,pooled ticks,,,True,[],[],,1.0,,,,,,,,,,,,,,
PV390604.1,,GenBank,,,,2025-04-05,,[],1673,partial,"Orthonairovirus haemorrhagiae isolate CCHFV_C7 segment S nucleocapsid protein gene, complete cds",S,False,Asia,Tajikistan,Homo sapiens,"[{'tax_id': 131567, 'name': 'cellular organisms'}, {'tax_id': 2759, 'name': 'Eukaryota'}, {'tax_id': 33154, 'name': 'Opisthokonta'}, {'tax_id': 33208, 'name': 'Metazoa'}, {'tax_id': 6072, 'name': 'Eumetazoa'}, {'tax_id': 33213, 'name': 'Bilateria'}, {'tax_id': 33511, 'name': 'Deuterostomia'}, {'tax_id': 7711, 'name': 'Chordata'}, {'tax_id': 89593, 'name': 'Craniata'}, {'tax_id': 7742, 'name': 'Vertebrata'}, {'tax_id': 7776, 'name': 'Gnathostomata'}, {'tax_id': 117570, 'name': 'Teleostomi'}, {'tax_id': 117571, 'name': 'Euteleostomi'}, {'tax_id': 8287, 'name': 'Sarcopterygii'}, {'tax_id': 1338369, 'name': 'Dipnotetrapodomorpha'}, {'tax_id': 32523, 'name': 'Tetrapoda'}, {'tax_id': 32524, 'name': 'Amniota'}, {'tax_id': 40674, 'name': 'Mammalia'}, {'tax_id': 32525, 'name': 'Theria'}, {'tax_id': 9347, 'name': 'Eutheria'}, {'tax_id': 1437010, 'name': 'Boreoeutheria'}, {'tax_id': 314146, 'name': 'Euarchontoglires'}, {'tax_id': 9443, 'name': 'Primates'}, {'tax_id': 376913, 'name': 'Haplorrhini'}, {'tax_id': 314293, 'name': 'Simiiformes'}, {'tax_id': 9526, 'name': 'Catarrhini'}, {'tax_id': 314295, 'name': 'Hominoidea'}, {'tax_id': 9604, 'name': 'Hominidae'}, {'tax_id': 207598, 'name': 'Homininae'}, {'tax_id': 9605, 'name': 'Homo'}, {'tax_id': 9606, 'name': 'Homo sapiens'}]",False,blood,,,True,[],[],,1.0,,,,,,,,,,,,,,
PV390603.1,,GenBank,,,,2025-04-05,,[],1673,partial,"Orthonairovirus haemorrhagiae isolate CCHFV_C6 segment S nucleocapsid protein gene, complete cds",S,False,Asia,Tajikistan,Homo sapiens,"[{'tax_id': 131567, 'name': 'cellular organisms'}, {'tax_id': 2759, 'name': 'Eukaryota'}, {'tax_id': 33154, 'name': 'Opisthokonta'}, {'tax_id': 33208, 'name': 'Metazoa'}, {'tax_id': 6072, 'name': 'Eumetazoa'}, {'tax_id': 33213, 'name': 'Bilateria'}, {'tax_id': 33511, 'name': 'Deuterostomia'}, {'tax_id': 7711, 'name': 'Chordata'}, {'tax_id': 89593, 'name': 'Craniata'}, {'tax_id': 7742, 'name': 'Vertebrata'}, {'tax_id': 7776, 'name': 'Gnathostomata'}, {'tax_id': 117570, 'name': 'Teleostomi'}, {'tax_id': 117571, 'name': 'Euteleostomi'}, {'tax_id': 8287, 'name': 'Sarcopterygii'}, {'tax_id': 1338369, 'name': 'Dipnotetrapodomorpha'}, {'tax_id': 32523, 'name': 'Tetrapoda'}, {'tax_id': 32524, 'name': 'Amniota'}, {'tax_id': 40674, 'name': 'Mammalia'}, {'tax_id': 32525, 'name': 'Theria'}, {'tax_id': 9347, 'name': 'Eutheria'}, {'tax_id': 1437010, 'name': 'Boreoeutheria'}, {'tax_id': 314146, 'name': 'Euarchontoglires'}, {'tax_id': 9443, 'name': 'Primates'}, {'tax_id': 376913, 'name': 'Haplorrhini'}, {'tax_id': 314293, 'name': 'Simiiformes'}, {'tax_id': 9526, 'name': 'Catarrhini'}, {'tax_id': 314295, 'name': 'Hominoidea'}, {'tax_id': 9604, 'name': 'Hominidae'}, {'tax_id': 207598, 'name': 'Homininae'}, {'tax_id': 9605, 'name': 'Homo'}, {'tax_id': 9606, 'name': 'Homo sapiens'}]",False,blood,,,True,[],[],,1.0,,,,,,,,,,,,,,
PV330317.1,,GenBank,,,,2025-04-01,,[],1648,partial,UNVERIFIED: Orthonairovirus haemorrhagiae isolate VK4_KUISCID segment S sequence,S,False,Asia,Turkey,Homo sapiens,"[{'tax_id': 131567, 'name': 'cellular organisms'}, {'tax_id': 2759, 'name': 'Eukaryota'}, {'tax_id': 33154, 'name': 'Opisthokonta'}, {'tax_id': 33208, 'name': 'Metazoa'}, {'tax_id': 6072, 'name': 'Eumetazoa'}, {'tax_id': 33213, 'name': 'Bilateria'}, {'tax_id': 33511, 'name': 'Deuterostomia'}, {'tax_id': 7711, 'name': 'Chordata'}, {'tax_id': 89593, 'name': 'Craniata'}, {'tax_id': 7742, 'name': 'Vertebrata'}, {'tax_id': 7776, 'name': 'Gnathostomata'}, {'tax_id': 117570, 'name': 'Teleostomi'}, {'tax_id': 117571, 'name': 'Euteleostomi'}, {'tax_id': 8287, 'name': 'Sarcopterygii'}, {'tax_id': 1338369, 'name': 'Dipnotetrapodomorpha'}, {'tax_id': 32523, 'name': 'Tetrapoda'}, {'tax_id': 32524, 'name': 'Amniota'}, {'tax_id': 40674, 'name': 'Mammalia'}, {'tax_id': 32525, 'name': 'Theria'}, {'tax_id': 9347, 'name': 'Eutheria'}, {'tax_id': 1437010, 'name': 'Boreoeutheria'}, {'tax_id': 314146, 'name': 'Euarchontoglires'}, {'tax_id': 9443, 'name': 'Primates'}, {'tax_id': 376913, 'name': 'Haplorrhini'}, {'tax_id': 314293, 'name': 'Simiiformes'}, {'tax_id': 9526, 'name': 'Catarrhini'}, {'tax_id': 314295, 'name': 'Hominoidea'}, {'tax_id': 9604, 'name': 'Hominidae'}, {'tax_id': 207598, 'name': 'Homininae'}, {'tax_id': 9605, 'name': 'Homo'}, {'tax_id': 9606, 'name': 'Homo sapiens'}]",False,,,,False,[],[],,,,,,,,,,,,,,,,
PV126632.1,,GenBank,,,,2025-03-05,,[],1449,partial,"Orthonairovirus haemorrhagiae isolate 622-STV-TI-2021 segment S nucleocapsid protein gene, complete cds",S,False,Europe,Russia,Ixodoidea,"[{'tax_id': 131567, 'name': 'cellular organisms'}, {'tax_id': 2759, 'name': 'Eukaryota'}, {'tax_id': 33154, 'name': 'Opisthokonta'}, {'tax_id': 33208, 'name': 'Metazoa'}, {'tax_id': 6072, 'name': 'Eumetazoa'}, {'tax_id': 33213, 'name': 'Bilateria'}, {'tax_id': 33317, 'name': 'Protostomia'}, {'tax_id': 1206794, 'name': 'Ecdysozoa'}, {'tax_id': 88770, 'name': 'Panarthropoda'}, {'tax_id': 6656, 'name': 'Arthropoda'}, {'tax_id': 6843, 'name': 'Chelicerata'}, {'tax_id': 6854, 'name': 'Arachnida'}, {'tax_id': 6933, 'name': 'Acari'}, {'tax_id': 6934, 'name': 'Parasitiformes'}, {'tax_id': 6935, 'name': 'Ixodida'}, {'tax_id': 297308, 'name': 'Ixodoidea'}]",False,,,,True,[],[],,1.0,,,,,,,,,,,,,,
PV033791.1,,GenBank,,,,2025-03-01,,[],1449,partial,"Orthonairovirus haemorrhagiae isolate 372-ARM-TI-2022 nucleocapsid protein gene, complete cds",S,False,Asia,Armenia,Ixodoidea,"[{'tax_id': 131567, 'name': 'cellular organisms'}, {'tax_id': 2759, 'name': 'Eukaryota'}, {'tax_id': 33154, 'name': 'Opisthokonta'}, {'tax_id': 33208, 'name': 'Metazoa'}, {'tax_id': 6072, 'name': 'Eumetazoa'}, {'tax_id': 33213, 'name': 'Bilateria'}, {'tax_id': 33317, 'name': 'Protostomia'}, {'tax_id': 1206794, 'name': 'Ecdysozoa'}, {'tax_id': 88770, 'name': 'Panarthropoda'}, {'tax_id': 6656, 'name': 'Arthropoda'}, {'tax_id': 6843, 'name': 'Chelicerata'}, {'tax_id': 6854, 'name': 'Arachnida'}, {'tax_id': 6933, 'name': 'Acari'}, {'tax_id': 6934, 'name': 'Parasitiformes'}, {'tax_id': 6935, 'name': 'Ixodida'}, {'tax_id': 297308, 'name': 'Ixodoidea'}]",False,,,,True,[],[],,1.0,,,,,,,,,,,,,,
PV033790.1,,GenBank,,,,2025-03-01,,[],1449,partial,"Orthonairovirus haemorrhagiae isolate 521-ARM-TI-2023 nucleocapsid protein gene, complete cds",S,False,Asia,Armenia,Ixodoidea,"[{'tax_id': 131567, 'name': 'cellular organisms'}, {'tax_id': 2759, 'name': 'Eukaryota'}, {'tax_id': 33154, 'name': 'Opisthokonta'}, {'tax_id': 33208, 'name': 'Metazoa'}, {'tax_id': 6072, 'name': 'Eumetazoa'}, {'tax_id': 33213, 'name': 'Bilateria'}, {'tax_id': 33317, 'name': 'Protostomia'}, {'tax_id': 1206794, 'name': 'Ecdysozoa'}, {'tax_id': 88770, 'name': 'Panarthropoda'}, {'tax_id': 6656, 'name': 'Arthropoda'}, {'tax_id': 6843, 'name': 'Chelicerata'}, {'tax_id': 6854, 'name': 'Arachnida'}, {'tax_id': 6933, 'name': 'Acari'}, {'tax_id': 6934, 'name': 'Parasitiformes'}, {'tax_id': 6935, 'name': 'Ixodida'}, {'tax_id': 297308, 'name': 'Ixodoidea'}]",False,,,,True,[],[],,1.0,,,,,,,,,,,,,,
PV033789.1,,GenBank,,,,2025-03-01,,[],1449,partial,"Orthonairovirus haemorrhagiae isolate 423-ARM-TI-2023 nucleocapsid protein gene, complete cds",S,False,Asia,Armenia,Ixodoidea,"[{'tax_id': 131567, 'name': 'cellular organisms'}, {'tax_id': 2759, 'name': 'Eukaryota'}, {'tax_id': 33154, 'name': 'Opisthokonta'}, {'tax_id': 33208, 'name': 'Metazoa'}, {'tax_id': 6072, 'name': 'Eumetazoa'}, {'tax_id': 33213, 'name': 'Bilateria'}, {'tax_id': 33317, 'name': 'Protostomia'}, {'tax_id': 1206794, 'name': 'Ecdysozoa'}, {'tax_id': 88770, 'name': 'Panarthropoda'}, {'tax_id': 6656, 'name': 'Arthropoda'}, {'tax_id': 6843, 'name': 'Chelicerata'}, {'tax_id': 6854, 'name': 'Arachnida'}, {'tax_id': 6933, 'name': 'Acari'}, {'tax_id': 6934, 'name': 'Parasitiformes'}, {'tax_id': 6935, 'name': 'Ixodida'}, {'tax_id': 297308, 'name': 'Ixodoidea'}]",False,,,,True,[],[],,1.0,,,,,,,,,,,,,,
PV033788.1,,GenBank,,,,2025-03-01,,[],1449,partial,"Orthonairovirus haemorrhagiae isolate 345-ARM-TI-2023 nucleocapsid protein gene, complete cds",S,False,Asia,Armenia,Ixodoidea,"[{'tax_id': 131567, 'name': 'cellular organisms'}, {'tax_id': 2759, 'name': 'Eukaryota'}, {'tax_id': 33154, 'name': 'Opisthokonta'}, {'tax_id': 33208, 'name': 'Metazoa'}, {'tax_id': 6072, 'name': 'Eumetazoa'}, {'tax_id': 33213, 'name': 'Bilateria'}, {'tax_id': 33317, 'name': 'Protostomia'}, {'tax_id': 1206794, 'name': 'Ecdysozoa'}, {'tax_id': 88770, 'name': 'Panarthropoda'}, {'tax_id': 6656, 'name': 'Arthropoda'}, {'tax_id': 6843, 'name': 'Chelicerata'}, {'tax_id': 6854, 'name': 'Arachnida'}, {'tax_id': 6933, 'name': 'Acari'}, {'tax_id': 6934, 'name': 'Parasitiformes'}, {'tax_id': 6935, 'name': 'Ixodida'}, {'tax_id': 297308, 'name': 'Ixodoidea'}]",False,,,,True,[],[],,1.0,,,,,,,,,,,,,,
PV033787.1,,GenBank,,,,2025-03-01,,[],1449,partial,"Orthonairovirus haemorrhagiae isolate 279-ARM-TI-2023 nucleocapsid protein gene, complete cds",S,False,Asia,Armenia,Ixodoidea,"[{'tax_id': 131567, 'name': 'cellular organisms'}, {'tax_id': 2759, 'name': 'Eukaryota'}, {'tax_id': 33154, 'name': 'Opisthokonta'}, {'tax_id': 33208, 'name': 'Metazoa'}, {'tax_id': 6072, 'name': 'Eumetazoa'}, {'tax_id': 33213, 'name': 'Bilateria'}, {'tax_id': 33317, 'name': 'Protostomia'}, {'tax_id': 1206794, 'name': 'Ecdysozoa'}, {'tax_id': 88770, 'name': 'Panarthropoda'}, {'tax_id': 6656, 'name': 'Arthropoda'}, {'tax_id': 6843, 'name': 'Chelicerata'}, {'tax_id': 6854, 'name': 'Arachnida'}, {'tax_id': 6933, 'name': 'Acari'}, {'tax_id': 6934, 'name': 'Parasitiformes'}, {'tax_id': 6935, 'name': 'Ixodida'}, {'tax_id': 297308, 'name': 'Ixodoidea'}]",False,,,,True,[],[],,1.0,,,,,,,,,,,,,,
PV033786.1,,GenBank,,,,2025-03-01,,[],1449,partial,"Orthonairovirus haemorrhagiae isolate 229-ARM-TI-2023 nucleocapsid protein gene, complete cds",S,False,Asia,Armenia,Ixodoidea,"[{'tax_id': 131567, 'name': 'cellular organisms'}, {'tax_id': 2759, 'name': 'Eukaryota'}, {'tax_id': 33154, 'name': 'Opisthokonta'}, {'tax_id': 33208, 'name': 'Metazoa'}, {'tax_id': 6072, 'name': 'Eumetazoa'}, {'tax_id': 33213, 'name': 'Bilateria'}, {'tax_id': 33317, 'name': 'Protostomia'}, {'tax_id': 1206794, 'name': 'Ecdysozoa'}, {'tax_id': 88770, 'name': 'Panarthropoda'}, {'tax_id': 6656, 'name': 'Arthropoda'}, {'tax_id': 6843, 'name': 'Chelicerata'}, {'tax_id': 6854, 'name': 'Arachnida'}, {'tax_id': 6933, 'name': 'Acari'}, {'tax_id': 6934, 'name': 'Parasitiformes'}, {'tax_id': 6935, 'name': 'Ixodida'}, {'tax_id': 297308, 'name': 'Ixodoidea'}]",False,,,,True,[],[],,1.0,,,,,,,,,,,,,,
PV023459.1,,GenBank,,,,2025-10-20,,[],1644,partial,"Orthonairovirus haemorrhagiae strain CCHFV/XML09/2022/China/Xinjiang nucleoprotein (NP) gene, complete cds",,False,Asia,China,Ixodoidea,"[{'tax_id': 131567, 'name': 'cellular organisms'}, {'tax_id': 2759, 'name': 'Eukaryota'}, {'tax_id': 33154, 'name': 'Opisthokonta'}, {'tax_id': 33208, 'name': 'Metazoa'}, {'tax_id': 6072, 'name': 'Eumetazoa'}, {'tax_id': 33213, 'name': 'Bilateria'}, {'tax_id': 33317, 'name': 'Protostomia'}, {'tax_id': 1206794, 'name': 'Ecdysozoa'}, {'tax_id': 88770, 'name': 'Panarthropoda'}, {'tax_id': 6656, 'name': 'Arthropoda'}, {'tax_id': 6843, 'name': 'Chelicerata'}, {'tax_id': 6854, 'name': 'Arachnida'}, {'tax_id': 6933, 'name': 'Acari'}, {'tax_id': 6934, 'name': 'Parasitiformes'}, {'tax_id': 6935, 'name': 'Ixodida'}, {'tax_id': 297308, 'name': 'Ixodoidea'}]",False,,,,True,[],[],,1.0,,,,,,,,,,,,,,
PV023456.1,,GenBank,,,,2025-10-20,,[],1646,partial,"Orthonairovirus haemorrhagiae strain CCHFV/XHYYL_8/2023/China/Xinjiang nucleoprotein (NP) gene, complete cds",,False,Asia,China,Ixodoidea,"[{'tax_id': 131567, 'name': 'cellular organisms'}, {'tax_id': 2759, 'name': 'Eukaryota'}, {'tax_id': 33154, 'name': 'Opisthokonta'}, {'tax_id': 33208, 'name': 'Metazoa'}, {'tax_id': 6072, 'name': 'Eumetazoa'}, {'tax_id': 33213, 'name': 'Bilateria'}, {'tax_id': 33317, 'name': 'Protostomia'}, {'tax_id': 1206794, 'name': 'Ecdysozoa'}, {'tax_id': 88770, 'name': 'Panarthropoda'}, {'tax_id': 6656, 'name': 'Arthropoda'}, {'tax_id': 6843, 'name': 'Chelicerata'}, {'tax_id': 6854, 'name': 'Arachnida'}, {'tax_id': 6933, 'name': 'Acari'}, {'tax_id': 6934, 'name': 'Parasitiformes'}, {'tax_id': 6935, 'name': 'Ixodida'}, {'tax_id': 297308, 'name': 'Ixodoidea'}]",False,,,,True,[],[],,1.0,,,,,,,,,,,,,,
PV023453.1,,GenBank,,,,2025-10-20,,[],1650,partial,"Orthonairovirus haemorrhagiae strain CCHFV/XHYYJ_2/2023/China/Xinjiang nucleoprotein (NP) gene, complete cds",,False,Asia,China,Ixodoidea,"[{'tax_id': 131567, 'name': 'cellular organisms'}, {'tax_id': 2759, 'name': 'Eukaryota'}, {'tax_id': 33154, 'name': 'Opisthokonta'}, {'tax_id': 33208, 'name': 'Metazoa'}, {'tax_id': 6072, 'name': 'Eumetazoa'}, {'tax_id': 33213, 'name': 'Bilateria'}, {'tax_id': 33317, 'name': 'Protostomia'}, {'tax_id': 1206794, 'name': 'Ecdysozoa'}, {'tax_id': 88770, 'name': 'Panarthropoda'}, {'tax_id': 6656, 'name': 'Arthropoda'}, {'tax_id': 6843, 'name': 'Chelicerata'}, {'tax_id': 6854, 'name': 'Arachnida'}, {'tax_id': 6933, 'name': 'Acari'}, {'tax_id': 6934, 'name': 'Parasitiformes'}, {'tax_id': 6935, 'name': 'Ixodida'}, {'tax_id': 297308, 'name': 'Ixodoidea'}]",False,,,,True,[],[],,1.0,,,,,,,,,,,,,,
PV023450.1,,GenBank,,,,2025-10-20,,[],1643,partial,"Orthonairovirus haemorrhagiae strain CCHFV/XMLLC14/2021/China/Xinjiang nucleoprotein (NP) gene, complete cds",,False,Asia,China,Ixodoidea,"[{'tax_id': 131567, 'name': 'cellular organisms'}, {'tax_id': 2759, 'name': 'Eukaryota'}, {'tax_id': 33154, 'name': 'Opisthokonta'}, {'tax_id': 33208, 'name': 'Metazoa'}, {'tax_id': 6072, 'name': 'Eumetazoa'}, {'tax_id': 33213, 'name': 'Bilateria'}, {'tax_id': 33317, 'name': 'Protostomia'}, {'tax_id': 1206794, 'name': 'Ecdysozoa'}, {'tax_id': 88770, 'name': 'Panarthropoda'}, {'tax_id': 6656, 'name': 'Arthropoda'}, {'tax_id': 6843, 'name': 'Chelicerata'}, {'tax_id': 6854, 'name': 'Arachnida'}, {'tax_id': 6933, 'name': 'Acari'}, {'tax_id': 6934, 'name': 'Parasitiformes'}, {'tax_id': 6935, 'name': 'Ixodida'}, {'tax_id': 297308, 'name': 'Ixodoidea'}]",False,,,,True,[],[],,1.0,,,,,,,,,,,,,,
PV023447.1,,GenBank,,,,2025-10-20,,[],1717,partial,"Orthonairovirus haemorrhagiae strain CCHFV/JMNPC1/2021/China/Xinjiang nucleoprotein (NP) gene, complete cds",,False,Asia,China,Ixodoidea,"[{'tax_id': 131567, 'name': 'cellular organisms'}, {'tax_id': 2759, 'name': 'Eukaryota'}, {'tax_id': 33154, 'name': 'Opisthokonta'}, {'tax_id': 33208, 'name': 'Metazoa'}, {'tax_id': 6072, 'name': 'Eumetazoa'}, {'tax_id': 33213, 'name': 'Bilateria'}, {'tax_id': 33317, 'name': 'Protostomia'}, {'tax_id': 1206794, 'name': 'Ecdysozoa'}, {'tax_id': 88770, 'name': 'Panarthropoda'}, {'tax_id': 6656, 'name': 'Arthropoda'}, {'tax_id': 6843, 'name': 'Chelicerata'}, {'tax_id': 6854, 'name': 'Arachnida'}, {'tax_id': 6933, 'name': 'Acari'}, {'tax_id': 6934, 'name': 'Parasitiformes'}, {'tax_id': 6935, 'name': 'Ixodida'}, {'tax_id': 297308, 'name': 'Ixodoidea'}]",False,,,,True,[],[],,1.0,,,,,,,,,,,,,,
PQ523723.1,,GenBank,,,,2024-11-12,,[],1629,partial,"Orthonairovirus haemorrhagiae isolate CCHF/NIHPAK-1/2024 segment S nucleocapsid protein gene, complete cds",S,False,Asia,Pakistan: Sindh,Homo sapiens,"[{'tax_id': 131567, 'name': 'cellular organisms'}, {'tax_id': 2759, 'name': 'Eukaryota'}, {'tax_id': 33154, 'name': 'Opisthokonta'}, {'tax_id': 33208, 'name': 'Metazoa'}, {'tax_id': 6072, 'name': 'Eumetazoa'}, {'tax_id': 33213, 'name': 'Bilateria'}, {'tax_id': 33511, 'name': 'Deuterostomia'}, {'tax_id': 7711, 'name': 'Chordata'}, {'tax_id': 89593, 'name': 'Craniata'}, {'tax_id': 7742, 'name': 'Vertebrata'}, {'tax_id': 7776, 'name': 'Gnathostomata'}, {'tax_id': 117570, 'name': 'Teleostomi'}, {'tax_id': 117571, 'name': 'Euteleostomi'}, {'tax_id': 8287, 'name': 'Sarcopterygii'}, {'tax_id': 1338369, 'name': 'Dipnotetrapodomorpha'}, {'tax_id': 32523, 'name': 'Tetrapoda'}, {'tax_id': 32524, 'name': 'Amniota'}, {'tax_id': 40674, 'name': 'Mammalia'}, {'tax_id': 32525, 'name': 'Theria'}, {'tax_id': 9347, 'name': 'Eutheria'}, {'tax_id': 1437010, 'name': 'Boreoeutheria'}, {'tax_id': 314146, 'name': 'Euarchontoglires'}, {'tax_id': 9443, 'name': 'Primates'}, {'tax_id': 376913, 'name': 'Haplorrhini'}, {'tax_id': 314293, 'name': 'Simiiformes'}, {'tax_id': 9526, 'name': 'Catarrhini'}, {'tax_id': 314295, 'name': 'Hominoidea'}, {'tax_id': 9604, 'name': 'Hominidae'}, {'tax_id': 207598, 'name': 'Homininae'}, {'tax_id': 9605, 'name': 'Homo'}, {'tax_id': 9606, 'name': 'Homo sapiens'}]",False,blood,,,True,[],[],,1.0,,,,,,,,,,,,,,
PQ523721.1,,GenBank,,,,2024-11-12,,[],1655,partial,"Orthonairovirus haemorrhagiae isolate CCHF/NIHPAK-37/2024 segment S nucleocapsid protein gene, complete cds",S,False,Asia,Pakistan: Punjab,Homo sapiens,"[{'tax_id': 131567, 'name': 'cellular organisms'}, {'tax_id': 2759, 'name': 'Eukaryota'}, {'tax_id': 33154, 'name': 'Opisthokonta'}, {'tax_id': 33208, 'name': 'Metazoa'}, {'tax_id': 6072, 'name': 'Eumetazoa'}, {'tax_id': 33213, 'name': 'Bilateria'}, {'tax_id': 33511, 'name': 'Deuterostomia'}, {'tax_id': 7711, 'name': 'Chordata'}, {'tax_id': 89593, 'name': 'Craniata'}, {'tax_id': 7742, 'name': 'Vertebrata'}, {'tax_id': 7776, 'name': 'Gnathostomata'}, {'tax_id': 117570, 'name': 'Teleostomi'}, {'tax_id': 117571, 'name': 'Euteleostomi'}, {'tax_id': 8287, 'name': 'Sarcopterygii'}, {'tax_id': 1338369, 'name': 'Dipnotetrapodomorpha'}, {'tax_id': 32523, 'name': 'Tetrapoda'}, {'tax_id': 32524, 'name': 'Amniota'}, {'tax_id': 40674, 'name': 'Mammalia'}, {'tax_id': 32525, 'name': 'Theria'}, {'tax_id': 9347, 'name': 'Eutheria'}, {'tax_id': 1437010, 'name': 'Boreoeutheria'}, {'tax_id': 314146, 'name': 'Euarchontoglires'}, {'tax_id': 9443, 'name': 'Primates'}, {'tax_id': 376913, 'name': 'Haplorrhini'}, {'tax_id': 314293, 'name': 'Simiiformes'}, {'tax_id': 9526, 'name': 'Catarrhini'}, {'tax_id': 314295, 'name': 'Hominoidea'}, {'tax_id': 9604, 'name': 'Hominidae'}, {'tax_id': 207598, 'name': 'Homininae'}, {'tax_id': 9605, 'name': 'Homo'}, {'tax_id': 9606, 'name': 'Homo sapiens'}]",False,blood,,,True,[],[],,1.0,,,,,,,,,,,,,,
PQ523720.1,,GenBank,,,,2024-11-12,,[],1651,partial,"Orthonairovirus haemorrhagiae isolate CCHF/NIHPAK-7/2024 segment S nucleocapsid protein gene, complete cds",S,False,Asia,Pakistan: Punjab,Homo sapiens,"[{'tax_id': 131567, 'name': 'cellular organisms'}, {'tax_id': 2759, 'name': 'Eukaryota'}, {'tax_id': 33154, 'name': 'Opisthokonta'}, {'tax_id': 33208, 'name': 'Metazoa'}, {'tax_id': 6072, 'name': 'Eumetazoa'}, {'tax_id': 33213, 'name': 'Bilateria'}, {'tax_id': 33511, 'name': 'Deuterostomia'}, {'tax_id': 7711, 'name': 'Chordata'}, {'tax_id': 89593, 'name': 'Craniata'}, {'tax_id': 7742, 'name': 'Vertebrata'}, {'tax_id': 7776, 'name': 'Gnathostomata'}, {'tax_id': 117570, 'name': 'Teleostomi'}, {'tax_id': 117571, 'name': 'Euteleostomi'}, {'tax_id': 8287, 'name': 'Sarcopterygii'}, {'tax_id': 1338369, 'name': 'Dipnotetrapodomorpha'}, {'tax_id': 32523, 'name': 'Tetrapoda'}, {'tax_id': 32524, 'name': 'Amniota'}, {'tax_id': 40674, 'name': 'Mammalia'}, {'tax_id': 32525, 'name': 'Theria'}, {'tax_id': 9347, 'name': 'Eutheria'}, {'tax_id': 1437010, 'name': 'Boreoeutheria'}, {'tax_id': 314146, 'name': 'Euarchontoglires'}, {'tax_id': 9443, 'name': 'Primates'}, {'tax_id': 376913, 'name': 'Haplorrhini'}, {'tax_id': 314293, 'name': 'Simiiformes'}, {'tax_id': 9526, 'name': 'Catarrhini'}, {'tax_id': 314295, 'name': 'Hominoidea'}, {'tax_id': 9604, 'name': 'Hominidae'}, {'tax_id': 207598, 'name': 'Homininae'}, {'tax_id': 9605, 'name': 'Homo'}, {'tax_id': 9606, 'name': 'Homo sapiens'}]",False,blood,,,True,[],[],,1.0,,,,,,,,,,,,,,
PQ361725.1,,GenBank,,,,2024-10-02,,[],1662,partial,"Orthonairovirus haemorrhagiae isolate 5542 nucleocapsid protein gene, complete cds",S,False,Africa,Guinea: N'Zerekore,Rhipicephalus geigyi,"[{'tax_id': 131567, 'name': 'cellular organisms'}, {'tax_id': 2759, 'name': 'Eukaryota'}, {'tax_id': 33154, 'name': 'Opisthokonta'}, {'tax_id': 33208, 'name': 'Metazoa'}, {'tax_id': 6072, 'name': 'Eumetazoa'}, {'tax_id': 33213, 'name': 'Bilateria'}, {'tax_id': 33317, 'name': 'Protostomia'}, {'tax_id': 1206794, 'name': 'Ecdysozoa'}, {'tax_id': 88770, 'name': 'Panarthropoda'}, {'tax_id': 6656, 'name': 'Arthropoda'}, {'tax_id': 6843, 'name': 'Chelicerata'}, {'tax_id': 6854, 'name': 'Arachnida'}, {'tax_id': 6933, 'name': 'Acari'}, {'tax_id': 6934, 'name': 'Parasitiformes'}, {'tax_id': 6935, 'name': 'Ixodida'}, {'tax_id': 297308, 'name': 'Ixodoidea'}, {'tax_id': 6939, 'name': 'Ixodidae'}, {'tax_id': 426437, 'name': 'Rhipicephalinae'}, {'tax_id': 34630, 'name': 'Rhipicephalus'}, {'tax_id': 6940, 'name': 'Boophilus'}, {'tax_id': 136141, 'name': 'Rhipicephalus geigyi'}]",False,,,,True,[],[],,1.0,,,,,,,,,,,,,,
PQ361724.1,,GenBank,,,,2024-10-02,,[],1653,partial,"Orthonairovirus haemorrhagiae isolate 5541 nucleocapsid protein gene, complete cds",S,False,Africa,Guinea: Gueckedou,Rhipicephalus annulatus,"[{'tax_id': 131567, 'name': 'cellular organisms'}, {'tax_id': 2759, 'name': 'Eukaryota'}, {'tax_id': 33154, 'name': 'Opisthokonta'}, {'tax_id': 33208, 'name': 'Metazoa'}, {'tax_id': 6072, 'name': 'Eumetazoa'}, {'tax_id': 33213, 'name': 'Bilateria'}, {'tax_id': 33317, 'name': 'Protostomia'}, {'tax_id': 1206794, 'name': 'Ecdysozoa'}, {'tax_id': 88770, 'name': 'Panarthropoda'}, {'tax_id': 6656, 'name': 'Arthropoda'}, {'tax_id': 6843, 'name': 'Chelicerata'}, {'tax_id': 6854, 'name': 'Arachnida'}, {'tax_id': 6933, 'name': 'Acari'}, {'tax_id': 6934, 'name': 'Parasitiformes'}, {'tax_id': 6935, 'name': 'Ixodida'}, {'tax_id': 297308, 'name': 'Ixodoidea'}, {'tax_id': 6939, 'name': 'Ixodidae'}, {'tax_id': 426437, 'name': 'Rhipicephalinae'}, {'tax_id': 34630, 'name': 'Rhipicephalus'}, {'tax_id': 6940, 'name': 'Boophilus'}, {'tax_id': 34611, 'name': 'Rhipicephalus annulatus'}]",False,,,,True,[],[],,1.0,,,,,,,,,,,,,,
PQ361723.1,,GenBank,,,,2024-10-02,,[],1653,partial,"Orthonairovirus haemorrhagiae isolate 5440 nucleocapsid protein gene, complete cds",S,False,Africa,Guinea: Kankan,Rhipicephalus sanguineus,"[{'tax_id': 131567, 'name': 'cellular organisms'}, {'tax_id': 2759, 'name': 'Eukaryota'}, {'tax_id': 33154, 'name': 'Opisthokonta'}, {'tax_id': 33208, 'name': 'Metazoa'}, {'tax_id': 6072, 'name': 'Eumetazoa'}, {'tax_id': 33213, 'name': 'Bilateria'}, {'tax_id': 33317, 'name': 'Protostomia'}, {'tax_id': 1206794, 'name': 'Ecdysozoa'}, {'tax_id': 88770, 'name': 'Panarthropoda'}, {'tax_id': 6656, 'name': 'Arthropoda'}, {'tax_id': 6843, 'name': 'Chelicerata'}, {'tax_id': 6854, 'name': 'Arachnida'}, {'tax_id': 6933, 'name': 'Acari'}, {'tax_id': 6934, 'name': 'Parasitiformes'}, {'tax_id': 6935, 'name': 'Ixodida'}, {'tax_id': 297308, 'name': 'Ixodoidea'}, {'tax_id': 6939, 'name': 'Ixodidae'}, {'tax_id': 426437, 'name': 'Rhipicephalinae'}, {'tax_id': 34630, 'name': 'Rhipicephalus'}, {'tax_id': 426455, 'name': 'Rhipicephalus'}, {'tax_id': 578835, 'name': 'Rhipicephalus sanguineus group'}, {'tax_id': 34632, 'name': 'Rhipicephalus sanguineus'}]",False,,,,True,[],[],,1.0,,,,,,,,,,,,,,
PQ361722.1,,GenBank,,,,2024-10-02,,[],1653,partial,"Orthonairovirus haemorrhagiae isolate 5439 nucleocapsid protein gene, complete cds",S,False,Africa,Guinea: Faranah,Rhipicephalus geigyi,"[{'tax_id': 131567, 'name': 'cellular organisms'}, {'tax_id': 2759, 'name': 'Eukaryota'}, {'tax_id': 33154, 'name': 'Opisthokonta'}, {'tax_id': 33208, 'name': 'Metazoa'}, {'tax_id': 6072, 'name': 'Eumetazoa'}, {'tax_id': 33213, 'name': 'Bilateria'}, {'tax_id': 33317, 'name': 'Protostomia'}, {'tax_id': 1206794, 'name': 'Ecdysozoa'}, {'tax_id': 88770, 'name': 'Panarthropoda'}, {'tax_id': 6656, 'name': 'Arthropoda'}, {'tax_id': 6843, 'name': 'Chelicerata'}, {'tax_id': 6854, 'name': 'Arachnida'}, {'tax_id': 6933, 'name': 'Acari'}, {'tax_id': 6934, 'name': 'Parasitiformes'}, {'tax_id': 6935, 'name': 'Ixodida'}, {'tax_id': 297308, 'name': 'Ixodoidea'}, {'tax_id': 6939, 'name': 'Ixodidae'}, {'tax_id': 426437, 'name': 'Rhipicephalinae'}, {'tax_id': 34630, 'name': 'Rhipicephalus'}, {'tax_id': 6940, 'name': 'Boophilus'}, {'tax_id': 136141, 'name': 'Rhipicephalus geigyi'}]",False,,,,True,[],[],,1.0,,,,,,,,,,,,,,
PQ361721.1,,GenBank,,,,2024-10-02,,[],1653,partial,"Orthonairovirus haemorrhagiae isolate 5438 nucleocapsid protein gene, complete cds",S,False,Africa,Guinea: N'Zerekore,Amblyomma variegatum,"[{'tax_id': 131567, 'name': 'cellular organisms'}, {'tax_id': 2759, 'name': 'Eukaryota'}, {'tax_id': 33154, 'name': 'Opisthokonta'}, {'tax_id': 33208, 'name': 'Metazoa'}, {'tax_id': 6072, 'name': 'Eumetazoa'}, {'tax_id': 33213, 'name': 'Bilateria'}, {'tax_id': 33317, 'name': 'Protostomia'}, {'tax_id': 1206794, 'name': 'Ecdysozoa'}, {'tax_id': 88770, 'name': 'Panarthropoda'}, {'tax_id': 6656, 'name': 'Arthropoda'}, {'tax_id': 6843, 'name': 'Chelicerata'}, {'tax_id': 6854, 'name': 'Arachnida'}, {'tax_id': 6933, 'name': 'Acari'}, {'tax_id': 6934, 'name': 'Parasitiformes'}, {'tax_id': 6935, 'name': 'Ixodida'}, {'tax_id': 297308, 'name': 'Ixodoidea'}, {'tax_id': 6939, 'name': 'Ixodidae'}, {'tax_id': 426441, 'name': 'Amblyomminae'}, {'tax_id': 6942, 'name': 'Amblyomma'}, {'tax_id': 34610, 'name': 'Amblyomma variegatum'}]",False,,,,True,[],[],,1.0,,,,,,,,,,,,,,
PQ361720.1,,GenBank,,,,2024-10-02,,[],1653,partial,"Orthonairovirus haemorrhagiae isolate 5437 nucleocapsid protein gene, complete cds",S,False,Africa,Guinea: Kindia,Amblyomma variegatum,"[{'tax_id': 131567, 'name': 'cellular organisms'}, {'tax_id': 2759, 'name': 'Eukaryota'}, {'tax_id': 33154, 'name': 'Opisthokonta'}, {'tax_id': 33208, 'name': 'Metazoa'}, {'tax_id': 6072, 'name': 'Eumetazoa'}, {'tax_id': 33213, 'name': 'Bilateria'}, {'tax_id': 33317, 'name': 'Protostomia'}, {'tax_id': 1206794, 'name': 'Ecdysozoa'}, {'tax_id': 88770, 'name': 'Panarthropoda'}, {'tax_id': 6656, 'name': 'Arthropoda'}, {'tax_id': 6843, 'name': 'Chelicerata'}, {'tax_id': 6854, 'name': 'Arachnida'}, {'tax_id': 6933, 'name': 'Acari'}, {'tax_id': 6934, 'name': 'Parasitiformes'}, {'tax_id': 6935, 'name': 'Ixodida'}, {'tax_id': 297308, 'name': 'Ixodoidea'}, {'tax_id': 6939, 'name': 'Ixodidae'}, {'tax_id': 426441, 'name': 'Amblyomminae'}, {'tax_id': 6942, 'name': 'Amblyomma'}, {'tax_id': 34610, 'name': 'Amblyomma variegatum'}]",False,,,,True,[],[],,1.0,,,,,,,,,,,,,,
PQ361718.1,,GenBank,,,,2024-10-02,,[],1653,partial,"Orthonairovirus haemorrhagiae isolate 3222 nucleocapsid protein gene, complete cds",S,False,Africa,Guinea: Kindia,Rhipicephalus annulatus,"[{'tax_id': 131567, 'name': 'cellular organisms'}, {'tax_id': 2759, 'name': 'Eukaryota'}, {'tax_id': 33154, 'name': 'Opisthokonta'}, {'tax_id': 33208, 'name': 'Metazoa'}, {'tax_id': 6072, 'name': 'Eumetazoa'}, {'tax_id': 33213, 'name': 'Bilateria'}, {'tax_id': 33317, 'name': 'Protostomia'}, {'tax_id': 1206794, 'name': 'Ecdysozoa'}, {'tax_id': 88770, 'name': 'Panarthropoda'}, {'tax_id': 6656, 'name': 'Arthropoda'}, {'tax_id': 6843, 'name': 'Chelicerata'}, {'tax_id': 6854, 'name': 'Arachnida'}, {'tax_id': 6933, 'name': 'Acari'}, {'tax_id': 6934, 'name': 'Parasitiformes'}, {'tax_id': 6935, 'name': 'Ixodida'}, {'tax_id': 297308, 'name': 'Ixodoidea'}, {'tax_id': 6939, 'name': 'Ixodidae'}, {'tax_id': 426437, 'name': 'Rhipicephalinae'}, {'tax_id': 34630, 'name': 'Rhipicephalus'}, {'tax_id': 6940, 'name': 'Boophilus'}, {'tax_id': 34611, 'name': 'Rhipicephalus annulatus'}]",False,,,,True,[],[],,1.0,,,,,,,,,,,,,,
PQ031240.1,,GenBank,,,,2024-07-24,,[],1306,partial,"Orthonairovirus haemorrhagiae nucleoprotein gene, partial cds",S,False,,North Macedonia,Homo sapiens,"[{'tax_id': 131567, 'name': 'cellular organisms'}, {'tax_id': 2759, 'name': 'Eukaryota'}, {'tax_id': 33154, 'name': 'Opisthokonta'}, {'tax_id': 33208, 'name': 'Metazoa'}, {'tax_id': 6072, 'name': 'Eumetazoa'}, {'tax_id': 33213, 'name': 'Bilateria'}, {'tax_id': 33511, 'name': 'Deuterostomia'}, {'tax_id': 7711, 'name': 'Chordata'}, {'tax_id': 89593, 'name': 'Craniata'}, {'tax_id': 7742, 'name': 'Vertebrata'}, {'tax_id': 7776, 'name': 'Gnathostomata'}, {'tax_id': 117570, 'name': 'Teleostomi'}, {'tax_id': 117571, 'name': 'Euteleostomi'}, {'tax_id': 8287, 'name': 'Sarcopterygii'}, {'tax_id': 1338369, 'name': 'Dipnotetrapodomorpha'}, {'tax_id': 32523, 'name': 'Tetrapoda'}, {'tax_id': 32524, 'name': 'Amniota'}, {'tax_id': 40674, 'name': 'Mammalia'}, {'tax_id': 32525, 'name': 'Theria'}, {'tax_id': 9347, 'name': 'Eutheria'}, {'tax_id': 1437010, 'name': 'Boreoeutheria'}, {'tax_id': 314146, 'name': 'Euarchontoglires'}, {'tax_id': 9443, 'name': 'Primates'}, {'tax_id': 376913, 'name': 'Haplorrhini'}, {'tax_id': 314293, 'name': 'Simiiformes'}, {'tax_id': 9526, 'name': 'Catarrhini'}, {'tax_id': 314295, 'name': 'Hominoidea'}, {'tax_id': 9604, 'name': 'Hominidae'}, {'tax_id': 207598, 'name': 'Homininae'}, {'tax_id': 9605, 'name': 'Homo'}, {'tax_id': 9606, 'name': 'Homo sapiens'}]",False,blood,,,True,[],[],,1.0,,,,,,,,,,,,,,
PQ031237.1,,GenBank,,,,2024-07-24,,[],1649,complete,"Orthonairovirus haemorrhagiae isolate Kriva Palanka/North Macedonia-1/2024 segment S, complete sequence",S,False,,North Macedonia,Homo sapiens,"[{'tax_id': 131567, 'name': 'cellular organisms'}, {'tax_id': 2759, 'name': 'Eukaryota'}, {'tax_id': 33154, 'name': 'Opisthokonta'}, {'tax_id': 33208, 'name': 'Metazoa'}, {'tax_id': 6072, 'name': 'Eumetazoa'}, {'tax_id': 33213, 'name': 'Bilateria'}, {'tax_id': 33511, 'name': 'Deuterostomia'}, {'tax_id': 7711, 'name': 'Chordata'}, {'tax_id': 89593, 'name': 'Craniata'}, {'tax_id': 7742, 'name': 'Vertebrata'}, {'tax_id': 7776, 'name': 'Gnathostomata'}, {'tax_id': 117570, 'name': 'Teleostomi'}, {'tax_id': 117571, 'name': 'Euteleostomi'}, {'tax_id': 8287, 'name': 'Sarcopterygii'}, {'tax_id': 1338369, 'name': 'Dipnotetrapodomorpha'}, {'tax_id': 32523, 'name': 'Tetrapoda'}, {'tax_id': 32524, 'name': 'Amniota'}, {'tax_id': 40674, 'name': 'Mammalia'}, {'tax_id': 32525, 'name': 'Theria'}, {'tax_id': 9347, 'name': 'Eutheria'}, {'tax_id': 1437010, 'name': 'Boreoeutheria'}, {'tax_id': 314146, 'name': 'Euarchontoglires'}, {'tax_id': 9443, 'name': 'Primates'}, {'tax_id': 376913, 'name': 'Haplorrhini'}, {'tax_id': 314293, 'name': 'Simiiformes'}, {'tax_id': 9526, 'name': 'Catarrhini'}, {'tax_id': 314295, 'name': 'Hominoidea'}, {'tax_id': 9604, 'name': 'Hominidae'}, {'tax_id': 207598, 'name': 'Homininae'}, {'tax_id': 9605, 'name': 'Homo'}, {'tax_id': 9606, 'name': 'Homo sapiens'}]",False,blood,,,True,[],[],,1.0,,,,,,,,,,,,,,
PP963970.1,,GenBank,,,,2024-07-06,,[],1814,partial,"Orthonairovirus haemorrhagiae isolate Kuchica-2713 segment S, complete sequence",S,False,,North Macedonia,Homo sapiens,"[{'tax_id': 131567, 'name': 'cellular organisms'}, {'tax_id': 2759, 'name': 'Eukaryota'}, {'tax_id': 33154, 'name': 'Opisthokonta'}, {'tax_id': 33208, 'name': 'Metazoa'}, {'tax_id': 6072, 'name': 'Eumetazoa'}, {'tax_id': 33213, 'name': 'Bilateria'}, {'tax_id': 33511, 'name': 'Deuterostomia'}, {'tax_id': 7711, 'name': 'Chordata'}, {'tax_id': 89593, 'name': 'Craniata'}, {'tax_id': 7742, 'name': 'Vertebrata'}, {'tax_id': 7776, 'name': 'Gnathostomata'}, {'tax_id': 117570, 'name': 'Teleostomi'}, {'tax_id': 117571, 'name': 'Euteleostomi'}, {'tax_id': 8287, 'name': 'Sarcopterygii'}, {'tax_id': 1338369, 'name': 'Dipnotetrapodomorpha'}, {'tax_id': 32523, 'name': 'Tetrapoda'}, {'tax_id': 32524, 'name': 'Amniota'}, {'tax_id': 40674, 'name': 'Mammalia'}, {'tax_id': 32525, 'name': 'Theria'}, {'tax_id': 9347, 'name': 'Eutheria'}, {'tax_id': 1437010, 'name': 'Boreoeutheria'}, {'tax_id': 314146, 'name': 'Euarchontoglires'}, {'tax_id': 9443, 'name': 'Primates'}, {'tax_id': 376913, 'name': 'Haplorrhini'}, {'tax_id': 314293, 'name': 'Simiiformes'}, {'tax_id': 9526, 'name': 'Catarrhini'}, {'tax_id': 314295, 'name': 'Hominoidea'}, {'tax_id': 9604, 'name': 'Hominidae'}, {'tax_id': 207598, 'name': 'Homininae'}, {'tax_id': 9605, 'name': 'Homo'}, {'tax_id': 9606, 'name': 'Homo sapiens'}]",False,blood,,,True,[],[],,1.0,,,,,,,,,,,,,,
PP894740.1,,GenBank,,,,2025-01-18,,[],1569,partial,"Orthonairovirus haemorrhagiae strain ARD401180 segment S nucleoprotein gene, complete cds",S,False,Africa,Senegal,Rhipicephalus senegalensis,"[{'tax_id': 131567, 'name': 'cellular organisms'}, {'tax_id': 2759, 'name': 'Eukaryota'}, {'tax_id': 33154, 'name': 'Opisthokonta'}, {'tax_id': 33208, 'name': 'Metazoa'}, {'tax_id': 6072, 'name': 'Eumetazoa'}, {'tax_id': 33213, 'name': 'Bilateria'}, {'tax_id': 33317, 'name': 'Protostomia'}, {'tax_id': 1206794, 'name': 'Ecdysozoa'}, {'tax_id': 88770, 'name': 'Panarthropoda'}, {'tax_id': 6656, 'name': 'Arthropoda'}, {'tax_id': 6843, 'name': 'Chelicerata'}, {'tax_id': 6854, 'name': 'Arachnida'}, {'tax_id': 6933, 'name': 'Acari'}, {'tax_id': 6934, 'name': 'Parasitiformes'}, {'tax_id': 6935, 'name': 'Ixodida'}, {'tax_id': 297308, 'name': 'Ixodoidea'}, {'tax_id': 6939, 'name': 'Ixodidae'}, {'tax_id': 426437, 'name': 'Rhipicephalinae'}, {'tax_id': 34630, 'name': 'Rhipicephalus'}, {'tax_id': 426455, 'name': 'Rhipicephalus'}, {'tax_id': 1104677, 'name': 'Rhipicephalus senegalensis'}]",False,,,,True,[],[],,1.0,,,,,,,,,,,,,,
PP894739.1,,GenBank,,,,2025-01-18,,[],1673,partial,"Orthonairovirus haemorrhagiae strain ARD401185 segment S nucleoprotein gene, complete cds",S,False,Africa,Senegal,Hyalomma marginatum,"[{'tax_id': 131567, 'name': 'cellular organisms'}, {'tax_id': 2759, 'name': 'Eukaryota'}, {'tax_id': 33154, 'name': 'Opisthokonta'}, {'tax_id': 33208, 'name': 'Metazoa'}, {'tax_id': 6072, 'name': 'Eumetazoa'}, {'tax_id': 33213, 'name': 'Bilateria'}, {'tax_id': 33317, 'name': 'Protostomia'}, {'tax_id': 1206794, 'name': 'Ecdysozoa'}, {'tax_id': 88770, 'name': 'Panarthropoda'}, {'tax_id': 6656, 'name': 'Arthropoda'}, {'tax_id': 6843, 'name': 'Chelicerata'}, {'tax_id': 6854, 'name': 'Arachnida'}, {'tax_id': 6933, 'name': 'Acari'}, {'tax_id': 6934, 'name': 'Parasitiformes'}, {'tax_id': 6935, 'name': 'Ixodida'}, {'tax_id': 297308, 'name': 'Ixodoidea'}, {'tax_id': 6939, 'name': 'Ixodidae'}, {'tax_id': 426438, 'name': 'Hyalomminae'}, {'tax_id': 34625, 'name': 'Hyalomma'}, {'tax_id': 34627, 'name': 'Hyalomma marginatum'}]",False,,,,True,[],[],,1.0,,,,,,,,,,,,,,
PP894738.1,,GenBank,,,,2025-01-18,,[],1579,partial,"Orthonairovirus haemorrhagiae strain ARD401186 segment S nucleoprotein gene, complete cds",S,False,Africa,Senegal,Rhipicephalus sulcatus,"[{'tax_id': 131567, 'name': 'cellular organisms'}, {'tax_id': 2759, 'name': 'Eukaryota'}, {'tax_id': 33154, 'name': 'Opisthokonta'}, {'tax_id': 33208, 'name': 'Metazoa'}, {'tax_id': 6072, 'name': 'Eumetazoa'}, {'tax_id': 33213, 'name': 'Bilateria'}, {'tax_id': 33317, 'name': 'Protostomia'}, {'tax_id': 1206794, 'name': 'Ecdysozoa'}, {'tax_id': 88770, 'name': 'Panarthropoda'}, {'tax_id': 6656, 'name': 'Arthropoda'}, {'tax_id': 6843, 'name': 'Chelicerata'}, {'tax_id': 6854, 'name': 'Arachnida'}, {'tax_id': 6933, 'name': 'Acari'}, {'tax_id': 6934, 'name': 'Parasitiformes'}, {'tax_id': 6935, 'name': 'Ixodida'}, {'tax_id': 297308, 'name': 'Ixodoidea'}, {'tax_id': 6939, 'name': 'Ixodidae'}, {'tax_id': 426437, 'name': 'Rhipicephalinae'}, {'tax_id': 34630, 'name': 'Rhipicephalus'}, {'tax_id': 426455, 'name': 'Rhipicephalus'}, {'tax_id': 578835, 'name': 'Rhipicephalus sanguineus group'}, {'tax_id': 669938, 'name': 'Rhipicephalus sulcatus'}]",False,,,,True,[],[],,1.0,,,,,,,,,,,,,,
PP894737.1,,GenBank,,,,2025-01-18,,[],1569,partial,"Orthonairovirus haemorrhagiae strain ARD401183 segment S nucleoprotein gene, complete cds",S,False,Africa,Senegal,Rhipicephalus evertsi,"[{'tax_id': 131567, 'name': 'cellular organisms'}, {'tax_id': 2759, 'name': 'Eukaryota'}, {'tax_id': 33154, 'name': 'Opisthokonta'}, {'tax_id': 33208, 'name': 'Metazoa'}, {'tax_id': 6072, 'name': 'Eumetazoa'}, {'tax_id': 33213, 'name': 'Bilateria'}, {'tax_id': 33317, 'name': 'Protostomia'}, {'tax_id': 1206794, 'name': 'Ecdysozoa'}, {'tax_id': 88770, 'name': 'Panarthropoda'}, {'tax_id': 6656, 'name': 'Arthropoda'}, {'tax_id': 6843, 'name': 'Chelicerata'}, {'tax_id': 6854, 'name': 'Arachnida'}, {'tax_id': 6933, 'name': 'Acari'}, {'tax_id': 6934, 'name': 'Parasitiformes'}, {'tax_id': 6935, 'name': 'Ixodida'}, {'tax_id': 297308, 'name': 'Ixodoidea'}, {'tax_id': 6939, 'name': 'Ixodidae'}, {'tax_id': 426437, 'name': 'Rhipicephalinae'}, {'tax_id': 34630, 'name': 'Rhipicephalus'}, {'tax_id': 426455, 'name': 'Rhipicephalus'}, {'tax_id': 60190, 'name': 'Rhipicephalus evertsi'}]",False,,,,True,[],[],,1.0,,,,,,,,,,,,,,
PP894736.1,,GenBank,,,,2025-01-18,,[],1600,partial,"Orthonairovirus haemorrhagiae strain ARD401182 segment S nucleoprotein gene, complete cds",S,False,Africa,Senegal,Rhipicephalus sulcatus,"[{'tax_id': 131567, 'name': 'cellular organisms'}, {'tax_id': 2759, 'name': 'Eukaryota'}, {'tax_id': 33154, 'name': 'Opisthokonta'}, {'tax_id': 33208, 'name': 'Metazoa'}, {'tax_id': 6072, 'name': 'Eumetazoa'}, {'tax_id': 33213, 'name': 'Bilateria'}, {'tax_id': 33317, 'name': 'Protostomia'}, {'tax_id': 1206794, 'name': 'Ecdysozoa'}, {'tax_id': 88770, 'name': 'Panarthropoda'}, {'tax_id': 6656, 'name': 'Arthropoda'}, {'tax_id': 6843, 'name': 'Chelicerata'}, {'tax_id': 6854, 'name': 'Arachnida'}, {'tax_id': 6933, 'name': 'Acari'}, {'tax_id': 6934, 'name': 'Parasitiformes'}, {'tax_id': 6935, 'name': 'Ixodida'}, {'tax_id': 297308, 'name': 'Ixodoidea'}, {'tax_id': 6939, 'name': 'Ixodidae'}, {'tax_id': 426437, 'name': 'Rhipicephalinae'}, {'tax_id': 34630, 'name': 'Rhipicephalus'}, {'tax_id': 426455, 'name': 'Rhipicephalus'}, {'tax_id': 578835, 'name': 'Rhipicephalus sanguineus group'}, {'tax_id': 669938, 'name': 'Rhipicephalus sulcatus'}]",False,,,,True,[],[],,1.0,,,,,,,,,,,,,,
PP894735.1,,GenBank,,,,2025-01-18,,[],1673,partial,"Orthonairovirus haemorrhagiae strain SH402092 segment S nucleoprotein gene, complete cds",S,False,Africa,Senegal,Homo sapiens,"[{'tax_id': 131567, 'name': 'cellular organisms'}, {'tax_id': 2759, 'name': 'Eukaryota'}, {'tax_id': 33154, 'name': 'Opisthokonta'}, {'tax_id': 33208, 'name': 'Metazoa'}, {'tax_id': 6072, 'name': 'Eumetazoa'}, {'tax_id': 33213, 'name': 'Bilateria'}, {'tax_id': 33511, 'name': 'Deuterostomia'}, {'tax_id': 7711, 'name': 'Chordata'}, {'tax_id': 89593, 'name': 'Craniata'}, {'tax_id': 7742, 'name': 'Vertebrata'}, {'tax_id': 7776, 'name': 'Gnathostomata'}, {'tax_id': 117570, 'name': 'Teleostomi'}, {'tax_id': 117571, 'name': 'Euteleostomi'}, {'tax_id': 8287, 'name': 'Sarcopterygii'}, {'tax_id': 1338369, 'name': 'Dipnotetrapodomorpha'}, {'tax_id': 32523, 'name': 'Tetrapoda'}, {'tax_id': 32524, 'name': 'Amniota'}, {'tax_id': 40674, 'name': 'Mammalia'}, {'tax_id': 32525, 'name': 'Theria'}, {'tax_id': 9347, 'name': 'Eutheria'}, {'tax_id': 1437010, 'name': 'Boreoeutheria'}, {'tax_id': 314146, 'name': 'Euarchontoglires'}, {'tax_id': 9443, 'name': 'Primates'}, {'tax_id': 376913, 'name': 'Haplorrhini'}, {'tax_id': 314293, 'name': 'Simiiformes'}, {'tax_id': 9526, 'name': 'Catarrhini'}, {'tax_id': 314295, 'name': 'Hominoidea'}, {'tax_id': 9604, 'name': 'Hominidae'}, {'tax_id': 207598, 'name': 'Homininae'}, {'tax_id': 9605, 'name': 'Homo'}, {'tax_id': 9606, 'name': 'Homo sapiens'}]",False,,,,True,[],[],,1.0,,,,,,,,,,,,,,
PP894734.1,,GenBank,,,,2025-01-18,,[],1672,partial,"Orthonairovirus haemorrhagiae strain ARD407242 segment S nucleoprotein gene, complete cds",S,False,Africa,Senegal,Hyalomma impeltatum,"[{'tax_id': 131567, 'name': 'cellular organisms'}, {'tax_id': 2759, 'name': 'Eukaryota'}, {'tax_id': 33154, 'name': 'Opisthokonta'}, {'tax_id': 33208, 'name': 'Metazoa'}, {'tax_id': 6072, 'name': 'Eumetazoa'}, {'tax_id': 33213, 'name': 'Bilateria'}, {'tax_id': 33317, 'name': 'Protostomia'}, {'tax_id': 1206794, 'name': 'Ecdysozoa'}, {'tax_id': 88770, 'name': 'Panarthropoda'}, {'tax_id': 6656, 'name': 'Arthropoda'}, {'tax_id': 6843, 'name': 'Chelicerata'}, {'tax_id': 6854, 'name': 'Arachnida'}, {'tax_id': 6933, 'name': 'Acari'}, {'tax_id': 6934, 'name': 'Parasitiformes'}, {'tax_id': 6935, 'name': 'Ixodida'}, {'tax_id': 297308, 'name': 'Ixodoidea'}, {'tax_id': 6939, 'name': 'Ixodidae'}, {'tax_id': 426438, 'name': 'Hyalomminae'}, {'tax_id': 34625, 'name': 'Hyalomma'}, {'tax_id': 563069, 'name': 'Hyalomma impeltatum'}]",False,,,,True,[],[],,1.0,,,,,,,,,,,,,,
PP894733.1,,GenBank,,,,2025-01-18,,[],1656,partial,"Orthonairovirus haemorrhagiae strain SH401971 segment S nucleoprotein gene, complete cds",S,False,Africa,Senegal,Homo sapiens,"[{'tax_id': 131567, 'name': 'cellular organisms'}, {'tax_id': 2759, 'name': 'Eukaryota'}, {'tax_id': 33154, 'name': 'Opisthokonta'}, {'tax_id': 33208, 'name': 'Metazoa'}, {'tax_id': 6072, 'name': 'Eumetazoa'}, {'tax_id': 33213, 'name': 'Bilateria'}, {'tax_id': 33511, 'name': 'Deuterostomia'}, {'tax_id': 7711, 'name': 'Chordata'}, {'tax_id': 89593, 'name': 'Craniata'}, {'tax_id': 7742, 'name': 'Vertebrata'}, {'tax_id': 7776, 'name': 'Gnathostomata'}, {'tax_id': 117570, 'name': 'Teleostomi'}, {'tax_id': 117571, 'name': 'Euteleostomi'}, {'tax_id': 8287, 'name': 'Sarcopterygii'}, {'tax_id': 1338369, 'name': 'Dipnotetrapodomorpha'}, {'tax_id': 32523, 'name': 'Tetrapoda'}, {'tax_id': 32524, 'name': 'Amniota'}, {'tax_id': 40674, 'name': 'Mammalia'}, {'tax_id': 32525, 'name': 'Theria'}, {'tax_id': 9347, 'name': 'Eutheria'}, {'tax_id': 1437010, 'name': 'Boreoeutheria'}, {'tax_id': 314146, 'name': 'Euarchontoglires'}, {'tax_id': 9443, 'name': 'Primates'}, {'tax_id': 376913, 'name': 'Haplorrhini'}, {'tax_id': 314293, 'name': 'Simiiformes'}, {'tax_id': 9526, 'name': 'Catarrhini'}, {'tax_id': 314295, 'name': 'Hominoidea'}, {'tax_id': 9604, 'name': 'Hominidae'}, {'tax_id': 207598, 'name': 'Homininae'}, {'tax_id': 9605, 'name': 'Homo'}, {'tax_id': 9606, 'name': 'Homo sapiens'}]",False,,,,True,[],[],,1.0,,,,,,,,,,,,,,
PP894732.1,,GenBank,,,,2025-01-18,,[],1619,partial,"Orthonairovirus haemorrhagiae strain ARD401184 segment S nucleoprotein gene, complete cds",S,False,Africa,Senegal,Rhipicephalus evertsi,"[{'tax_id': 131567, 'name': 'cellular organisms'}, {'tax_id': 2759, 'name': 'Eukaryota'}, {'tax_id': 33154, 'name': 'Opisthokonta'}, {'tax_id': 33208, 'name': 'Metazoa'}, {'tax_id': 6072, 'name': 'Eumetazoa'}, {'tax_id': 33213, 'name': 'Bilateria'}, {'tax_id': 33317, 'name': 'Protostomia'}, {'tax_id': 1206794, 'name': 'Ecdysozoa'}, {'tax_id': 88770, 'name': 'Panarthropoda'}, {'tax_id': 6656, 'name': 'Arthropoda'}, {'tax_id': 6843, 'name': 'Chelicerata'}, {'tax_id': 6854, 'name': 'Arachnida'}, {'tax_id': 6933, 'name': 'Acari'}, {'tax_id': 6934, 'name': 'Parasitiformes'}, {'tax_id': 6935, 'name': 'Ixodida'}, {'tax_id': 297308, 'name': 'Ixodoidea'}, {'tax_id': 6939, 'name': 'Ixodidae'}, {'tax_id': 426437, 'name': 'Rhipicephalinae'}, {'tax_id': 34630, 'name': 'Rhipicephalus'}, {'tax_id': 426455, 'name': 'Rhipicephalus'}, {'tax_id': 60190, 'name': 'Rhipicephalus evertsi'}]",False,,,,True,[],[],,1.0,,,,,,,,,,,,,,
PP894731.1,,GenBank,,,,2025-01-18,,[],1687,partial,"Orthonairovirus haemorrhagiae strain ARD407551 segment S nucleoprotein gene, complete cds",S,False,Africa,Senegal,Hyalomma impeltatum,"[{'tax_id': 131567, 'name': 'cellular organisms'}, {'tax_id': 2759, 'name': 'Eukaryota'}, {'tax_id': 33154, 'name': 'Opisthokonta'}, {'tax_id': 33208, 'name': 'Metazoa'}, {'tax_id': 6072, 'name': 'Eumetazoa'}, {'tax_id': 33213, 'name': 'Bilateria'}, {'tax_id': 33317, 'name': 'Protostomia'}, {'tax_id': 1206794, 'name': 'Ecdysozoa'}, {'tax_id': 88770, 'name': 'Panarthropoda'}, {'tax_id': 6656, 'name': 'Arthropoda'}, {'tax_id': 6843, 'name': 'Chelicerata'}, {'tax_id': 6854, 'name': 'Arachnida'}, {'tax_id': 6933, 'name': 'Acari'}, {'tax_id': 6934, 'name': 'Parasitiformes'}, {'tax_id': 6935, 'name': 'Ixodida'}, {'tax_id': 297308, 'name': 'Ixodoidea'}, {'tax_id': 6939, 'name': 'Ixodidae'}, {'tax_id': 426438, 'name': 'Hyalomminae'}, {'tax_id': 34625, 'name': 'Hyalomma'}, {'tax_id': 563069, 'name': 'Hyalomma impeltatum'}]",False,,,,True,[],[],,1.0,,,,,,,,,,,,,,
PP894730.1,,GenBank,,,,2025-01-18,,[],1686,partial,"Orthonairovirus haemorrhagiae strain SH402429 segment S nucleoprotein gene, complete cds",S,False,Africa,Senegal,Homo sapiens,"[{'tax_id': 131567, 'name': 'cellular organisms'}, {'tax_id': 2759, 'name': 'Eukaryota'}, {'tax_id': 33154, 'name': 'Opisthokonta'}, {'tax_id': 33208, 'name': 'Metazoa'}, {'tax_id': 6072, 'name': 'Eumetazoa'}, {'tax_id': 33213, 'name': 'Bilateria'}, {'tax_id': 33511, 'name': 'Deuterostomia'}, {'tax_id': 7711, 'name': 'Chordata'}, {'tax_id': 89593, 'name': 'Craniata'}, {'tax_id': 7742, 'name': 'Vertebrata'}, {'tax_id': 7776, 'name': 'Gnathostomata'}, {'tax_id': 117570, 'name': 'Teleostomi'}, {'tax_id': 117571, 'name': 'Euteleostomi'}, {'tax_id': 8287, 'name': 'Sarcopterygii'}, {'tax_id': 1338369, 'name': 'Dipnotetrapodomorpha'}, {'tax_id': 32523, 'name': 'Tetrapoda'}, {'tax_id': 32524, 'name': 'Amniota'}, {'tax_id': 40674, 'name': 'Mammalia'}, {'tax_id': 32525, 'name': 'Theria'}, {'tax_id': 9347, 'name': 'Eutheria'}, {'tax_id': 1437010, 'name': 'Boreoeutheria'}, {'tax_id': 314146, 'name': 'Euarchontoglires'}, {'tax_id': 9443, 'name': 'Primates'}, {'tax_id': 376913, 'name': 'Haplorrhini'}, {'tax_id': 314293, 'name': 'Simiiformes'}, {'tax_id': 9526, 'name': 'Catarrhini'}, {'tax_id': 314295, 'name': 'Hominoidea'}, {'tax_id': 9604, 'name': 'Hominidae'}, {'tax_id': 207598, 'name': 'Homininae'}, {'tax_id': 9605, 'name': 'Homo'}, {'tax_id': 9606, 'name': 'Homo sapiens'}]",False,,,,True,[],[],,1.0,,,,,,,,,,,,,,
PP894729.1,,GenBank,,,,2025-01-18,,[],1686,partial,"Orthonairovirus haemorrhagiae strain ARD407209 segment S nucleoprotein gene, complete cds",S,False,Africa,Senegal,Hyalomma impeltatum,"[{'tax_id': 131567, 'name': 'cellular organisms'}, {'tax_id': 2759, 'name': 'Eukaryota'}, {'tax_id': 33154, 'name': 'Opisthokonta'}, {'tax_id': 33208, 'name': 'Metazoa'}, {'tax_id': 6072, 'name': 'Eumetazoa'}, {'tax_id': 33213, 'name': 'Bilateria'}, {'tax_id': 33317, 'name': 'Protostomia'}, {'tax_id': 1206794, 'name': 'Ecdysozoa'}, {'tax_id': 88770, 'name': 'Panarthropoda'}, {'tax_id': 6656, 'name': 'Arthropoda'}, {'tax_id': 6843, 'name': 'Chelicerata'}, {'tax_id': 6854, 'name': 'Arachnida'}, {'tax_id': 6933, 'name': 'Acari'}, {'tax_id': 6934, 'name': 'Parasitiformes'}, {'tax_id': 6935, 'name': 'Ixodida'}, {'tax_id': 297308, 'name': 'Ixodoidea'}, {'tax_id': 6939, 'name': 'Ixodidae'}, {'tax_id': 426438, 'name': 'Hyalomminae'}, {'tax_id': 34625, 'name': 'Hyalomma'}, {'tax_id': 563069, 'name': 'Hyalomma impeltatum'}]",False,,,,True,[],[],,1.0,,,,,,,,,,,,,,
PP735361.1,,GenBank,,,,2024-10-26,,[],1498,partial,"Orthonairovirus haemorrhagiae isolate CCHFV_4_hyb segment S nucleocapsid protein gene, partial cds",S,False,Asia,Turkey,Homo sapiens,"[{'tax_id': 131567, 'name': 'cellular organisms'}, {'tax_id': 2759, 'name': 'Eukaryota'}, {'tax_id': 33154, 'name': 'Opisthokonta'}, {'tax_id': 33208, 'name': 'Metazoa'}, {'tax_id': 6072, 'name': 'Eumetazoa'}, {'tax_id': 33213, 'name': 'Bilateria'}, {'tax_id': 33511, 'name': 'Deuterostomia'}, {'tax_id': 7711, 'name': 'Chordata'}, {'tax_id': 89593, 'name': 'Craniata'}, {'tax_id': 7742, 'name': 'Vertebrata'}, {'tax_id': 7776, 'name': 'Gnathostomata'}, {'tax_id': 117570, 'name': 'Teleostomi'}, {'tax_id': 117571, 'name': 'Euteleostomi'}, {'tax_id': 8287, 'name': 'Sarcopterygii'}, {'tax_id': 1338369, 'name': 'Dipnotetrapodomorpha'}, {'tax_id': 32523, 'name': 'Tetrapoda'}, {'tax_id': 32524, 'name': 'Amniota'}, {'tax_id': 40674, 'name': 'Mammalia'}, {'tax_id': 32525, 'name': 'Theria'}, {'tax_id': 9347, 'name': 'Eutheria'}, {'tax_id': 1437010, 'name': 'Boreoeutheria'}, {'tax_id': 314146, 'name': 'Euarchontoglires'}, {'tax_id': 9443, 'name': 'Primates'}, {'tax_id': 376913, 'name': 'Haplorrhini'}, {'tax_id': 314293, 'name': 'Simiiformes'}, {'tax_id': 9526, 'name': 'Catarrhini'}, {'tax_id': 314295, 'name': 'Hominoidea'}, {'tax_id': 9604, 'name': 'Hominidae'}, {'tax_id': 207598, 'name': 'Homininae'}, {'tax_id': 9605, 'name': 'Homo'}, {'tax_id': 9606, 'name': 'Homo sapiens'}]",False,blood,,,True,[],[],,1.0,,,,,,,,,,,,,,
PP735358.1,,GenBank,,,,2024-10-26,,[],1498,partial,"Orthonairovirus haemorrhagiae isolate CCHFV_18 segment S nucleocapsid protein gene, partial cds",S,False,Asia,Turkey,Homo sapiens,"[{'tax_id': 131567, 'name': 'cellular organisms'}, {'tax_id': 2759, 'name': 'Eukaryota'}, {'tax_id': 33154, 'name': 'Opisthokonta'}, {'tax_id': 33208, 'name': 'Metazoa'}, {'tax_id': 6072, 'name': 'Eumetazoa'}, {'tax_id': 33213, 'name': 'Bilateria'}, {'tax_id': 33511, 'name': 'Deuterostomia'}, {'tax_id': 7711, 'name': 'Chordata'}, {'tax_id': 89593, 'name': 'Craniata'}, {'tax_id': 7742, 'name': 'Vertebrata'}, {'tax_id': 7776, 'name': 'Gnathostomata'}, {'tax_id': 117570, 'name': 'Teleostomi'}, {'tax_id': 117571, 'name': 'Euteleostomi'}, {'tax_id': 8287, 'name': 'Sarcopterygii'}, {'tax_id': 1338369, 'name': 'Dipnotetrapodomorpha'}, {'tax_id': 32523, 'name': 'Tetrapoda'}, {'tax_id': 32524, 'name': 'Amniota'}, {'tax_id': 40674, 'name': 'Mammalia'}, {'tax_id': 32525, 'name': 'Theria'}, {'tax_id': 9347, 'name': 'Eutheria'}, {'tax_id': 1437010, 'name': 'Boreoeutheria'}, {'tax_id': 314146, 'name': 'Euarchontoglires'}, {'tax_id': 9443, 'name': 'Primates'}, {'tax_id': 376913, 'name': 'Haplorrhini'}, {'tax_id': 314293, 'name': 'Simiiformes'}, {'tax_id': 9526, 'name': 'Catarrhini'}, {'tax_id': 314295, 'name': 'Hominoidea'}, {'tax_id': 9604, 'name': 'Hominidae'}, {'tax_id': 207598, 'name': 'Homininae'}, {'tax_id': 9605, 'name': 'Homo'}, {'tax_id': 9606, 'name': 'Homo sapiens'}]",False,blood,,,True,[],[],,1.0,,,,,,,,,,,,,,
PP735355.1,,GenBank,,,,2024-10-26,,[],1498,partial,"Orthonairovirus haemorrhagiae isolate CCHFV_17 segment S nucleocapsid protein gene, partial cds",S,False,Asia,Turkey,Homo sapiens,"[{'tax_id': 131567, 'name': 'cellular organisms'}, {'tax_id': 2759, 'name': 'Eukaryota'}, {'tax_id': 33154, 'name': 'Opisthokonta'}, {'tax_id': 33208, 'name': 'Metazoa'}, {'tax_id': 6072, 'name': 'Eumetazoa'}, {'tax_id': 33213, 'name': 'Bilateria'}, {'tax_id': 33511, 'name': 'Deuterostomia'}, {'tax_id': 7711, 'name': 'Chordata'}, {'tax_id': 89593, 'name': 'Craniata'}, {'tax_id': 7742, 'name': 'Vertebrata'}, {'tax_id': 7776, 'name': 'Gnathostomata'}, {'tax_id': 117570, 'name': 'Teleostomi'}, {'tax_id': 117571, 'name': 'Euteleostomi'}, {'tax_id': 8287, 'name': 'Sarcopterygii'}, {'tax_id': 1338369, 'name': 'Dipnotetrapodomorpha'}, {'tax_id': 32523, 'name': 'Tetrapoda'}, {'tax_id': 32524, 'name': 'Amniota'}, {'tax_id': 40674, 'name': 'Mammalia'}, {'tax_id': 32525, 'name': 'Theria'}, {'tax_id': 9347, 'name': 'Eutheria'}, {'tax_id': 1437010, 'name': 'Boreoeutheria'}, {'tax_id': 314146, 'name': 'Euarchontoglires'}, {'tax_id': 9443, 'name': 'Primates'}, {'tax_id': 376913, 'name': 'Haplorrhini'}, {'tax_id': 314293, 'name': 'Simiiformes'}, {'tax_id': 9526, 'name': 'Catarrhini'}, {'tax_id': 314295, 'name': 'Hominoidea'}, {'tax_id': 9604, 'name': 'Hominidae'}, {'tax_id': 207598, 'name': 'Homininae'}, {'tax_id': 9605, 'name': 'Homo'}, {'tax_id': 9606, 'name': 'Homo sapiens'}]",False,blood,,,True,[],[],,1.0,,,,,,,,,,,,,,
PP735352.1,,GenBank,,,,2024-10-26,,[],1498,partial,"Orthonairovirus haemorrhagiae isolate CCHFV_16 segment S nucleocapsid protein gene, partial cds",S,False,Asia,Turkey,Homo sapiens,"[{'tax_id': 131567, 'name': 'cellular organisms'}, {'tax_id': 2759, 'name': 'Eukaryota'}, {'tax_id': 33154, 'name': 'Opisthokonta'}, {'tax_id': 33208, 'name': 'Metazoa'}, {'tax_id': 6072, 'name': 'Eumetazoa'}, {'tax_id': 33213, 'name': 'Bilateria'}, {'tax_id': 33511, 'name': 'Deuterostomia'}, {'tax_id': 7711, 'name': 'Chordata'}, {'tax_id': 89593, 'name': 'Craniata'}, {'tax_id': 7742, 'name': 'Vertebrata'}, {'tax_id': 7776, 'name': 'Gnathostomata'}, {'tax_id': 117570, 'name': 'Teleostomi'}, {'tax_id': 117571, 'name': 'Euteleostomi'}, {'tax_id': 8287, 'name': 'Sarcopterygii'}, {'tax_id': 1338369, 'name': 'Dipnotetrapodomorpha'}, {'tax_id': 32523, 'name': 'Tetrapoda'}, {'tax_id': 32524, 'name': 'Amniota'}, {'tax_id': 40674, 'name': 'Mammalia'}, {'tax_id': 32525, 'name': 'Theria'}, {'tax_id': 9347, 'name': 'Eutheria'}, {'tax_id': 1437010, 'name': 'Boreoeutheria'}, {'tax_id': 314146, 'name': 'Euarchontoglires'}, {'tax_id': 9443, 'name': 'Primates'}, {'tax_id': 376913, 'name': 'Haplorrhini'}, {'tax_id': 314293, 'name': 'Simiiformes'}, {'tax_id': 9526, 'name': 'Catarrhini'}, {'tax_id': 314295, 'name': 'Hominoidea'}, {'tax_id': 9604, 'name': 'Hominidae'}, {'tax_id': 207598, 'name': 'Homininae'}, {'tax_id': 9605, 'name': 'Homo'}, {'tax_id': 9606, 'name': 'Homo sapiens'}]",False,blood,,,True,[],[],,1.0,,,,,,,,,,,,,,
PP735349.1,,GenBank,,,,2024-10-26,,[],1498,partial,"Orthonairovirus haemorrhagiae isolate CCHFV_15 segment S nucleocapsid protein gene, partial cds",S,False,Asia,Turkey,Homo sapiens,"[{'tax_id': 131567, 'name': 'cellular organisms'}, {'tax_id': 2759, 'name': 'Eukaryota'}, {'tax_id': 33154, 'name': 'Opisthokonta'}, {'tax_id': 33208, 'name': 'Metazoa'}, {'tax_id': 6072, 'name': 'Eumetazoa'}, {'tax_id': 33213, 'name': 'Bilateria'}, {'tax_id': 33511, 'name': 'Deuterostomia'}, {'tax_id': 7711, 'name': 'Chordata'}, {'tax_id': 89593, 'name': 'Craniata'}, {'tax_id': 7742, 'name': 'Vertebrata'}, {'tax_id': 7776, 'name': 'Gnathostomata'}, {'tax_id': 117570, 'name': 'Teleostomi'}, {'tax_id': 117571, 'name': 'Euteleostomi'}, {'tax_id': 8287, 'name': 'Sarcopterygii'}, {'tax_id': 1338369, 'name': 'Dipnotetrapodomorpha'}, {'tax_id': 32523, 'name': 'Tetrapoda'}, {'tax_id': 32524, 'name': 'Amniota'}, {'tax_id': 40674, 'name': 'Mammalia'}, {'tax_id': 32525, 'name': 'Theria'}, {'tax_id': 9347, 'name': 'Eutheria'}, {'tax_id': 1437010, 'name': 'Boreoeutheria'}, {'tax_id': 314146, 'name': 'Euarchontoglires'}, {'tax_id': 9443, 'name': 'Primates'}, {'tax_id': 376913, 'name': 'Haplorrhini'}, {'tax_id': 314293, 'name': 'Simiiformes'}, {'tax_id': 9526, 'name': 'Catarrhini'}, {'tax_id': 314295, 'name': 'Hominoidea'}, {'tax_id': 9604, 'name': 'Hominidae'}, {'tax_id': 207598, 'name': 'Homininae'}, {'tax_id': 9605, 'name': 'Homo'}, {'tax_id': 9606, 'name': 'Homo sapiens'}]",False,blood,,,True,[],[],,1.0,,,,,,,,,,,,,,
PP735346.1,,GenBank,,,,2024-10-26,,[],1498,partial,"Orthonairovirus haemorrhagiae isolate CCHFV_14 segment S nucleocapsid protein gene, partial cds",S,False,Asia,Turkey,Homo sapiens,"[{'tax_id': 131567, 'name': 'cellular organisms'}, {'tax_id': 2759, 'name': 'Eukaryota'}, {'tax_id': 33154, 'name': 'Opisthokonta'}, {'tax_id': 33208, 'name': 'Metazoa'}, {'tax_id': 6072, 'name': 'Eumetazoa'}, {'tax_id': 33213, 'name': 'Bilateria'}, {'tax_id': 33511, 'name': 'Deuterostomia'}, {'tax_id': 7711, 'name': 'Chordata'}, {'tax_id': 89593, 'name': 'Craniata'}, {'tax_id': 7742, 'name': 'Vertebrata'}, {'tax_id': 7776, 'name': 'Gnathostomata'}, {'tax_id': 117570, 'name': 'Teleostomi'}, {'tax_id': 117571, 'name': 'Euteleostomi'}, {'tax_id': 8287, 'name': 'Sarcopterygii'}, {'tax_id': 1338369, 'name': 'Dipnotetrapodomorpha'}, {'tax_id': 32523, 'name': 'Tetrapoda'}, {'tax_id': 32524, 'name': 'Amniota'}, {'tax_id': 40674, 'name': 'Mammalia'}, {'tax_id': 32525, 'name': 'Theria'}, {'tax_id': 9347, 'name': 'Eutheria'}, {'tax_id': 1437010, 'name': 'Boreoeutheria'}, {'tax_id': 314146, 'name': 'Euarchontoglires'}, {'tax_id': 9443, 'name': 'Primates'}, {'tax_id': 376913, 'name': 'Haplorrhini'}, {'tax_id': 314293, 'name': 'Simiiformes'}, {'tax_id': 9526, 'name': 'Catarrhini'}, {'tax_id': 314295, 'name': 'Hominoidea'}, {'tax_id': 9604, 'name': 'Hominidae'}, {'tax_id': 207598, 'name': 'Homininae'}, {'tax_id': 9605, 'name': 'Homo'}, {'tax_id': 9606, 'name': 'Homo sapiens'}]",False,blood,,,True,[],[],,1.0,,,,,,,,,,,,,,
PP735343.1,,GenBank,,,,2024-10-26,,[],1498,partial,"Orthonairovirus haemorrhagiae isolate CCHFV_13 segment S nucleocapsid protein gene, partial cds",S,False,Asia,Turkey,Homo sapiens,"[{'tax_id': 131567, 'name': 'cellular organisms'}, {'tax_id': 2759, 'name': 'Eukaryota'}, {'tax_id': 33154, 'name': 'Opisthokonta'}, {'tax_id': 33208, 'name': 'Metazoa'}, {'tax_id': 6072, 'name': 'Eumetazoa'}, {'tax_id': 33213, 'name': 'Bilateria'}, {'tax_id': 33511, 'name': 'Deuterostomia'}, {'tax_id': 7711, 'name': 'Chordata'}, {'tax_id': 89593, 'name': 'Craniata'}, {'tax_id': 7742, 'name': 'Vertebrata'}, {'tax_id': 7776, 'name': 'Gnathostomata'}, {'tax_id': 117570, 'name': 'Teleostomi'}, {'tax_id': 117571, 'name': 'Euteleostomi'}, {'tax_id': 8287, 'name': 'Sarcopterygii'}, {'tax_id': 1338369, 'name': 'Dipnotetrapodomorpha'}, {'tax_id': 32523, 'name': 'Tetrapoda'}, {'tax_id': 32524, 'name': 'Amniota'}, {'tax_id': 40674, 'name': 'Mammalia'}, {'tax_id': 32525, 'name': 'Theria'}, {'tax_id': 9347, 'name': 'Eutheria'}, {'tax_id': 1437010, 'name': 'Boreoeutheria'}, {'tax_id': 314146, 'name': 'Euarchontoglires'}, {'tax_id': 9443, 'name': 'Primates'}, {'tax_id': 376913, 'name': 'Haplorrhini'}, {'tax_id': 314293, 'name': 'Simiiformes'}, {'tax_id': 9526, 'name': 'Catarrhini'}, {'tax_id': 314295, 'name': 'Hominoidea'}, {'tax_id': 9604, 'name': 'Hominidae'}, {'tax_id': 207598, 'name': 'Homininae'}, {'tax_id': 9605, 'name': 'Homo'}, {'tax_id': 9606, 'name': 'Homo sapiens'}]",False,blood,,,True,[],[],,1.0,,,,,,,,,,,,,,
PP735340.1,,GenBank,,,,2024-10-26,,[],1498,partial,"Orthonairovirus haemorrhagiae isolate CCHFV_12 segment S nucleocapsid protein gene, partial cds",S,False,Asia,Turkey,Homo sapiens,"[{'tax_id': 131567, 'name': 'cellular organisms'}, {'tax_id': 2759, 'name': 'Eukaryota'}, {'tax_id': 33154, 'name': 'Opisthokonta'}, {'tax_id': 33208, 'name': 'Metazoa'}, {'tax_id': 6072, 'name': 'Eumetazoa'}, {'tax_id': 33213, 'name': 'Bilateria'}, {'tax_id': 33511, 'name': 'Deuterostomia'}, {'tax_id': 7711, 'name': 'Chordata'}, {'tax_id': 89593, 'name': 'Craniata'}, {'tax_id': 7742, 'name': 'Vertebrata'}, {'tax_id': 7776, 'name': 'Gnathostomata'}, {'tax_id': 117570, 'name': 'Teleostomi'}, {'tax_id': 117571, 'name': 'Euteleostomi'}, {'tax_id': 8287, 'name': 'Sarcopterygii'}, {'tax_id': 1338369, 'name': 'Dipnotetrapodomorpha'}, {'tax_id': 32523, 'name': 'Tetrapoda'}, {'tax_id': 32524, 'name': 'Amniota'}, {'tax_id': 40674, 'name': 'Mammalia'}, {'tax_id': 32525, 'name': 'Theria'}, {'tax_id': 9347, 'name': 'Eutheria'}, {'tax_id': 1437010, 'name': 'Boreoeutheria'}, {'tax_id': 314146, 'name': 'Euarchontoglires'}, {'tax_id': 9443, 'name': 'Primates'}, {'tax_id': 376913, 'name': 'Haplorrhini'}, {'tax_id': 314293, 'name': 'Simiiformes'}, {'tax_id': 9526, 'name': 'Catarrhini'}, {'tax_id': 314295, 'name': 'Hominoidea'}, {'tax_id': 9604, 'name': 'Hominidae'}, {'tax_id': 207598, 'name': 'Homininae'}, {'tax_id': 9605, 'name': 'Homo'}, {'tax_id': 9606, 'name': 'Homo sapiens'}]",False,blood,,,True,[],[],,1.0,,,,,,,,,,,,,,
PP735337.1,,GenBank,,,,2024-10-26,,[],1498,partial,"Orthonairovirus haemorrhagiae isolate CCHFV_11 segment S nucleocapsid protein gene, partial cds",S,False,Asia,Turkey,Homo sapiens,"[{'tax_id': 131567, 'name': 'cellular organisms'}, {'tax_id': 2759, 'name': 'Eukaryota'}, {'tax_id': 33154, 'name': 'Opisthokonta'}, {'tax_id': 33208, 'name': 'Metazoa'}, {'tax_id': 6072, 'name': 'Eumetazoa'}, {'tax_id': 33213, 'name': 'Bilateria'}, {'tax_id': 33511, 'name': 'Deuterostomia'}, {'tax_id': 7711, 'name': 'Chordata'}, {'tax_id': 89593, 'name': 'Craniata'}, {'tax_id': 7742, 'name': 'Vertebrata'}, {'tax_id': 7776, 'name': 'Gnathostomata'}, {'tax_id': 117570, 'name': 'Teleostomi'}, {'tax_id': 117571, 'name': 'Euteleostomi'}, {'tax_id': 8287, 'name': 'Sarcopterygii'}, {'tax_id': 1338369, 'name': 'Dipnotetrapodomorpha'}, {'tax_id': 32523, 'name': 'Tetrapoda'}, {'tax_id': 32524, 'name': 'Amniota'}, {'tax_id': 40674, 'name': 'Mammalia'}, {'tax_id': 32525, 'name': 'Theria'}, {'tax_id': 9347, 'name': 'Eutheria'}, {'tax_id': 1437010, 'name': 'Boreoeutheria'}, {'tax_id': 314146, 'name': 'Euarchontoglires'}, {'tax_id': 9443, 'name': 'Primates'}, {'tax_id': 376913, 'name': 'Haplorrhini'}, {'tax_id': 314293, 'name': 'Simiiformes'}, {'tax_id': 9526, 'name': 'Catarrhini'}, {'tax_id': 314295, 'name': 'Hominoidea'}, {'tax_id': 9604, 'name': 'Hominidae'}, {'tax_id': 207598, 'name': 'Homininae'}, {'tax_id': 9605, 'name': 'Homo'}, {'tax_id': 9606, 'name': 'Homo sapiens'}]",False,blood,,,True,[],[],,1.0,,,,,,,,,,,,,,
PP735334.1,,GenBank,,,,2024-10-26,,[],1498,partial,"Orthonairovirus haemorrhagiae isolate CCHFV_10 segment S nucleocapsid protein gene, partial cds",S,False,Asia,Turkey,Homo sapiens,"[{'tax_id': 131567, 'name': 'cellular organisms'}, {'tax_id': 2759, 'name': 'Eukaryota'}, {'tax_id': 33154, 'name': 'Opisthokonta'}, {'tax_id': 33208, 'name': 'Metazoa'}, {'tax_id': 6072, 'name': 'Eumetazoa'}, {'tax_id': 33213, 'name': 'Bilateria'}, {'tax_id': 33511, 'name': 'Deuterostomia'}, {'tax_id': 7711, 'name': 'Chordata'}, {'tax_id': 89593, 'name': 'Craniata'}, {'tax_id': 7742, 'name': 'Vertebrata'}, {'tax_id': 7776, 'name': 'Gnathostomata'}, {'tax_id': 117570, 'name': 'Teleostomi'}, {'tax_id': 117571, 'name': 'Euteleostomi'}, {'tax_id': 8287, 'name': 'Sarcopterygii'}, {'tax_id': 1338369, 'name': 'Dipnotetrapodomorpha'}, {'tax_id': 32523, 'name': 'Tetrapoda'}, {'tax_id': 32524, 'name': 'Amniota'}, {'tax_id': 40674, 'name': 'Mammalia'}, {'tax_id': 32525, 'name': 'Theria'}, {'tax_id': 9347, 'name': 'Eutheria'}, {'tax_id': 1437010, 'name': 'Boreoeutheria'}, {'tax_id': 314146, 'name': 'Euarchontoglires'}, {'tax_id': 9443, 'name': 'Primates'}, {'tax_id': 376913, 'name': 'Haplorrhini'}, {'tax_id': 314293, 'name': 'Simiiformes'}, {'tax_id': 9526, 'name': 'Catarrhini'}, {'tax_id': 314295, 'name': 'Hominoidea'}, {'tax_id': 9604, 'name': 'Hominidae'}, {'tax_id': 207598, 'name': 'Homininae'}, {'tax_id': 9605, 'name': 'Homo'}, {'tax_id': 9606, 'name': 'Homo sapiens'}]",False,blood,,,True,[],[],,1.0,,,,,,,,,,,,,,
PP735331.1,,GenBank,,,,2024-10-26,,[],1498,partial,"Orthonairovirus haemorrhagiae isolate CCHFV_9 segment S nucleocapsid protein gene, partial cds",S,False,Asia,Turkey,Homo sapiens,"[{'tax_id': 131567, 'name': 'cellular organisms'}, {'tax_id': 2759, 'name': 'Eukaryota'}, {'tax_id': 33154, 'name': 'Opisthokonta'}, {'tax_id': 33208, 'name': 'Metazoa'}, {'tax_id': 6072, 'name': 'Eumetazoa'}, {'tax_id': 33213, 'name': 'Bilateria'}, {'tax_id': 33511, 'name': 'Deuterostomia'}, {'tax_id': 7711, 'name': 'Chordata'}, {'tax_id': 89593, 'name': 'Craniata'}, {'tax_id': 7742, 'name': 'Vertebrata'}, {'tax_id': 7776, 'name': 'Gnathostomata'}, {'tax_id': 117570, 'name': 'Teleostomi'}, {'tax_id': 117571, 'name': 'Euteleostomi'}, {'tax_id': 8287, 'name': 'Sarcopterygii'}, {'tax_id': 1338369, 'name': 'Dipnotetrapodomorpha'}, {'tax_id': 32523, 'name': 'Tetrapoda'}, {'tax_id': 32524, 'name': 'Amniota'}, {'tax_id': 40674, 'name': 'Mammalia'}, {'tax_id': 32525, 'name': 'Theria'}, {'tax_id': 9347, 'name': 'Eutheria'}, {'tax_id': 1437010, 'name': 'Boreoeutheria'}, {'tax_id': 314146, 'name': 'Euarchontoglires'}, {'tax_id': 9443, 'name': 'Primates'}, {'tax_id': 376913, 'name': 'Haplorrhini'}, {'tax_id': 314293, 'name': 'Simiiformes'}, {'tax_id': 9526, 'name': 'Catarrhini'}, {'tax_id': 314295, 'name': 'Hominoidea'}, {'tax_id': 9604, 'name': 'Hominidae'}, {'tax_id': 207598, 'name': 'Homininae'}, {'tax_id': 9605, 'name': 'Homo'}, {'tax_id': 9606, 'name': 'Homo sapiens'}]",False,blood,,,True,[],[],,1.0,,,,,,,,,,,,,,
PP735328.1,,GenBank,,,,2024-10-26,,[],1498,partial,"Orthonairovirus haemorrhagiae isolate CCHFV_8 segment S nucleocapsid protein gene, partial cds",S,False,Asia,Turkey,Homo sapiens,"[{'tax_id': 131567, 'name': 'cellular organisms'}, {'tax_id': 2759, 'name': 'Eukaryota'}, {'tax_id': 33154, 'name': 'Opisthokonta'}, {'tax_id': 33208, 'name': 'Metazoa'}, {'tax_id': 6072, 'name': 'Eumetazoa'}, {'tax_id': 33213, 'name': 'Bilateria'}, {'tax_id': 33511, 'name': 'Deuterostomia'}, {'tax_id': 7711, 'name': 'Chordata'}, {'tax_id': 89593, 'name': 'Craniata'}, {'tax_id': 7742, 'name': 'Vertebrata'}, {'tax_id': 7776, 'name': 'Gnathostomata'}, {'tax_id': 117570, 'name': 'Teleostomi'}, {'tax_id': 117571, 'name': 'Euteleostomi'}, {'tax_id': 8287, 'name': 'Sarcopterygii'}, {'tax_id': 1338369, 'name': 'Dipnotetrapodomorpha'}, {'tax_id': 32523, 'name': 'Tetrapoda'}, {'tax_id': 32524, 'name': 'Amniota'}, {'tax_id': 40674, 'name': 'Mammalia'}, {'tax_id': 32525, 'name': 'Theria'}, {'tax_id': 9347, 'name': 'Eutheria'}, {'tax_id': 1437010, 'name': 'Boreoeutheria'}, {'tax_id': 314146, 'name': 'Euarchontoglires'}, {'tax_id': 9443, 'name': 'Primates'}, {'tax_id': 376913, 'name': 'Haplorrhini'}, {'tax_id': 314293, 'name': 'Simiiformes'}, {'tax_id': 9526, 'name': 'Catarrhini'}, {'tax_id': 314295, 'name': 'Hominoidea'}, {'tax_id': 9604, 'name': 'Hominidae'}, {'tax_id': 207598, 'name': 'Homininae'}, {'tax_id': 9605, 'name': 'Homo'}, {'tax_id': 9606, 'name': 'Homo sapiens'}]",False,blood,,,True,[],[],,1.0,,,,,,,,,,,,,,
PP735325.1,,GenBank,,,,2024-10-26,,[],1498,partial,"Orthonairovirus haemorrhagiae isolate CCHFV_7 segment S nucleocapsid protein gene, partial cds",S,False,Asia,Turkey,Homo sapiens,"[{'tax_id': 131567, 'name': 'cellular organisms'}, {'tax_id': 2759, 'name': 'Eukaryota'}, {'tax_id': 33154, 'name': 'Opisthokonta'}, {'tax_id': 33208, 'name': 'Metazoa'}, {'tax_id': 6072, 'name': 'Eumetazoa'}, {'tax_id': 33213, 'name': 'Bilateria'}, {'tax_id': 33511, 'name': 'Deuterostomia'}, {'tax_id': 7711, 'name': 'Chordata'}, {'tax_id': 89593, 'name': 'Craniata'}, {'tax_id': 7742, 'name': 'Vertebrata'}, {'tax_id': 7776, 'name': 'Gnathostomata'}, {'tax_id': 117570, 'name': 'Teleostomi'}, {'tax_id': 117571, 'name': 'Euteleostomi'}, {'tax_id': 8287, 'name': 'Sarcopterygii'}, {'tax_id': 1338369, 'name': 'Dipnotetrapodomorpha'}, {'tax_id': 32523, 'name': 'Tetrapoda'}, {'tax_id': 32524, 'name': 'Amniota'}, {'tax_id': 40674, 'name': 'Mammalia'}, {'tax_id': 32525, 'name': 'Theria'}, {'tax_id': 9347, 'name': 'Eutheria'}, {'tax_id': 1437010, 'name': 'Boreoeutheria'}, {'tax_id': 314146, 'name': 'Euarchontoglires'}, {'tax_id': 9443, 'name': 'Primates'}, {'tax_id': 376913, 'name': 'Haplorrhini'}, {'tax_id': 314293, 'name': 'Simiiformes'}, {'tax_id': 9526, 'name': 'Catarrhini'}, {'tax_id': 314295, 'name': 'Hominoidea'}, {'tax_id': 9604, 'name': 'Hominidae'}, {'tax_id': 207598, 'name': 'Homininae'}, {'tax_id': 9605, 'name': 'Homo'}, {'tax_id': 9606, 'name': 'Homo sapiens'}]",False,blood,,,True,[],[],,1.0,,,,,,,,,,,,,,
PP735322.1,,GenBank,,,,2024-10-26,,[],1498,partial,"Orthonairovirus haemorrhagiae isolate CCHFV_6 segment S nucleocapsid protein gene, partial cds",S,False,Asia,Turkey,Homo sapiens,"[{'tax_id': 131567, 'name': 'cellular organisms'}, {'tax_id': 2759, 'name': 'Eukaryota'}, {'tax_id': 33154, 'name': 'Opisthokonta'}, {'tax_id': 33208, 'name': 'Metazoa'}, {'tax_id': 6072, 'name': 'Eumetazoa'}, {'tax_id': 33213, 'name': 'Bilateria'}, {'tax_id': 33511, 'name': 'Deuterostomia'}, {'tax_id': 7711, 'name': 'Chordata'}, {'tax_id': 89593, 'name': 'Craniata'}, {'tax_id': 7742, 'name': 'Vertebrata'}, {'tax_id': 7776, 'name': 'Gnathostomata'}, {'tax_id': 117570, 'name': 'Teleostomi'}, {'tax_id': 117571, 'name': 'Euteleostomi'}, {'tax_id': 8287, 'name': 'Sarcopterygii'}, {'tax_id': 1338369, 'name': 'Dipnotetrapodomorpha'}, {'tax_id': 32523, 'name': 'Tetrapoda'}, {'tax_id': 32524, 'name': 'Amniota'}, {'tax_id': 40674, 'name': 'Mammalia'}, {'tax_id': 32525, 'name': 'Theria'}, {'tax_id': 9347, 'name': 'Eutheria'}, {'tax_id': 1437010, 'name': 'Boreoeutheria'}, {'tax_id': 314146, 'name': 'Euarchontoglires'}, {'tax_id': 9443, 'name': 'Primates'}, {'tax_id': 376913, 'name': 'Haplorrhini'}, {'tax_id': 314293, 'name': 'Simiiformes'}, {'tax_id': 9526, 'name': 'Catarrhini'}, {'tax_id': 314295, 'name': 'Hominoidea'}, {'tax_id': 9604, 'name': 'Hominidae'}, {'tax_id': 207598, 'name': 'Homininae'}, {'tax_id': 9605, 'name': 'Homo'}, {'tax_id': 9606, 'name': 'Homo sapiens'}]",False,blood,,,True,[],[],,1.0,,,,,,,,,,,,,,
PP735319.1,,GenBank,,,,2024-10-26,,[],1498,partial,"Orthonairovirus haemorrhagiae isolate CCHFV_5 segment S nucleocapsid protein gene, partial cds",S,False,Asia,Turkey,Homo sapiens,"[{'tax_id': 131567, 'name': 'cellular organisms'}, {'tax_id': 2759, 'name': 'Eukaryota'}, {'tax_id': 33154, 'name': 'Opisthokonta'}, {'tax_id': 33208, 'name': 'Metazoa'}, {'tax_id': 6072, 'name': 'Eumetazoa'}, {'tax_id': 33213, 'name': 'Bilateria'}, {'tax_id': 33511, 'name': 'Deuterostomia'}, {'tax_id': 7711, 'name': 'Chordata'}, {'tax_id': 89593, 'name': 'Craniata'}, {'tax_id': 7742, 'name': 'Vertebrata'}, {'tax_id': 7776, 'name': 'Gnathostomata'}, {'tax_id': 117570, 'name': 'Teleostomi'}, {'tax_id': 117571, 'name': 'Euteleostomi'}, {'tax_id': 8287, 'name': 'Sarcopterygii'}, {'tax_id': 1338369, 'name': 'Dipnotetrapodomorpha'}, {'tax_id': 32523, 'name': 'Tetrapoda'}, {'tax_id': 32524, 'name': 'Amniota'}, {'tax_id': 40674, 'name': 'Mammalia'}, {'tax_id': 32525, 'name': 'Theria'}, {'tax_id': 9347, 'name': 'Eutheria'}, {'tax_id': 1437010, 'name': 'Boreoeutheria'}, {'tax_id': 314146, 'name': 'Euarchontoglires'}, {'tax_id': 9443, 'name': 'Primates'}, {'tax_id': 376913, 'name': 'Haplorrhini'}, {'tax_id': 314293, 'name': 'Simiiformes'}, {'tax_id': 9526, 'name': 'Catarrhini'}, {'tax_id': 314295, 'name': 'Hominoidea'}, {'tax_id': 9604, 'name': 'Hominidae'}, {'tax_id': 207598, 'name': 'Homininae'}, {'tax_id': 9605, 'name': 'Homo'}, {'tax_id': 9606, 'name': 'Homo sapiens'}]",False,blood,,,True,[],[],,1.0,,,,,,,,,,,,,,
PP735316.1,,GenBank,,,,2024-10-26,,[],1498,partial,"Orthonairovirus haemorrhagiae isolate CCHFV_4_amp segment S nucleocapsid protein gene, partial cds",S,False,Asia,Turkey,Homo sapiens,"[{'tax_id': 131567, 'name': 'cellular organisms'}, {'tax_id': 2759, 'name': 'Eukaryota'}, {'tax_id': 33154, 'name': 'Opisthokonta'}, {'tax_id': 33208, 'name': 'Metazoa'}, {'tax_id': 6072, 'name': 'Eumetazoa'}, {'tax_id': 33213, 'name': 'Bilateria'}, {'tax_id': 33511, 'name': 'Deuterostomia'}, {'tax_id': 7711, 'name': 'Chordata'}, {'tax_id': 89593, 'name': 'Craniata'}, {'tax_id': 7742, 'name': 'Vertebrata'}, {'tax_id': 7776, 'name': 'Gnathostomata'}, {'tax_id': 117570, 'name': 'Teleostomi'}, {'tax_id': 117571, 'name': 'Euteleostomi'}, {'tax_id': 8287, 'name': 'Sarcopterygii'}, {'tax_id': 1338369, 'name': 'Dipnotetrapodomorpha'}, {'tax_id': 32523, 'name': 'Tetrapoda'}, {'tax_id': 32524, 'name': 'Amniota'}, {'tax_id': 40674, 'name': 'Mammalia'}, {'tax_id': 32525, 'name': 'Theria'}, {'tax_id': 9347, 'name': 'Eutheria'}, {'tax_id': 1437010, 'name': 'Boreoeutheria'}, {'tax_id': 314146, 'name': 'Euarchontoglires'}, {'tax_id': 9443, 'name': 'Primates'}, {'tax_id': 376913, 'name': 'Haplorrhini'}, {'tax_id': 314293, 'name': 'Simiiformes'}, {'tax_id': 9526, 'name': 'Catarrhini'}, {'tax_id': 314295, 'name': 'Hominoidea'}, {'tax_id': 9604, 'name': 'Hominidae'}, {'tax_id': 207598, 'name': 'Homininae'}, {'tax_id': 9605, 'name': 'Homo'}, {'tax_id': 9606, 'name': 'Homo sapiens'}]",False,blood,,,True,[],[],,1.0,,,,,,,,,,,,,,
PP735313.1,,GenBank,,,,2024-10-26,,[],1498,partial,"Orthonairovirus haemorrhagiae isolate CCHFV_3 segment S nucleocapsid protein gene, partial cds",S,False,Asia,Turkey,Homo sapiens,"[{'tax_id': 131567, 'name': 'cellular organisms'}, {'tax_id': 2759, 'name': 'Eukaryota'}, {'tax_id': 33154, 'name': 'Opisthokonta'}, {'tax_id': 33208, 'name': 'Metazoa'}, {'tax_id': 6072, 'name': 'Eumetazoa'}, {'tax_id': 33213, 'name': 'Bilateria'}, {'tax_id': 33511, 'name': 'Deuterostomia'}, {'tax_id': 7711, 'name': 'Chordata'}, {'tax_id': 89593, 'name': 'Craniata'}, {'tax_id': 7742, 'name': 'Vertebrata'}, {'tax_id': 7776, 'name': 'Gnathostomata'}, {'tax_id': 117570, 'name': 'Teleostomi'}, {'tax_id': 117571, 'name': 'Euteleostomi'}, {'tax_id': 8287, 'name': 'Sarcopterygii'}, {'tax_id': 1338369, 'name': 'Dipnotetrapodomorpha'}, {'tax_id': 32523, 'name': 'Tetrapoda'}, {'tax_id': 32524, 'name': 'Amniota'}, {'tax_id': 40674, 'name': 'Mammalia'}, {'tax_id': 32525, 'name': 'Theria'}, {'tax_id': 9347, 'name': 'Eutheria'}, {'tax_id': 1437010, 'name': 'Boreoeutheria'}, {'tax_id': 314146, 'name': 'Euarchontoglires'}, {'tax_id': 9443, 'name': 'Primates'}, {'tax_id': 376913, 'name': 'Haplorrhini'}, {'tax_id': 314293, 'name': 'Simiiformes'}, {'tax_id': 9526, 'name': 'Catarrhini'}, {'tax_id': 314295, 'name': 'Hominoidea'}, {'tax_id': 9604, 'name': 'Hominidae'}, {'tax_id': 207598, 'name': 'Homininae'}, {'tax_id': 9605, 'name': 'Homo'}, {'tax_id': 9606, 'name': 'Homo sapiens'}]",False,blood,,,True,[],[],,1.0,,,,,,,,,,,,,,
PP735310.1,,GenBank,,,,2024-10-26,,[],1498,partial,"Orthonairovirus haemorrhagiae isolate CCHFV_2 segment S nucleocapsid protein gene, partial cds",S,False,Asia,Turkey,Homo sapiens,"[{'tax_id': 131567, 'name': 'cellular organisms'}, {'tax_id': 2759, 'name': 'Eukaryota'}, {'tax_id': 33154, 'name': 'Opisthokonta'}, {'tax_id': 33208, 'name': 'Metazoa'}, {'tax_id': 6072, 'name': 'Eumetazoa'}, {'tax_id': 33213, 'name': 'Bilateria'}, {'tax_id': 33511, 'name': 'Deuterostomia'}, {'tax_id': 7711, 'name': 'Chordata'}, {'tax_id': 89593, 'name': 'Craniata'}, {'tax_id': 7742, 'name': 'Vertebrata'}, {'tax_id': 7776, 'name': 'Gnathostomata'}, {'tax_id': 117570, 'name': 'Teleostomi'}, {'tax_id': 117571, 'name': 'Euteleostomi'}, {'tax_id': 8287, 'name': 'Sarcopterygii'}, {'tax_id': 1338369, 'name': 'Dipnotetrapodomorpha'}, {'tax_id': 32523, 'name': 'Tetrapoda'}, {'tax_id': 32524, 'name': 'Amniota'}, {'tax_id': 40674, 'name': 'Mammalia'}, {'tax_id': 32525, 'name': 'Theria'}, {'tax_id': 9347, 'name': 'Eutheria'}, {'tax_id': 1437010, 'name': 'Boreoeutheria'}, {'tax_id': 314146, 'name': 'Euarchontoglires'}, {'tax_id': 9443, 'name': 'Primates'}, {'tax_id': 376913, 'name': 'Haplorrhini'}, {'tax_id': 314293, 'name': 'Simiiformes'}, {'tax_id': 9526, 'name': 'Catarrhini'}, {'tax_id': 314295, 'name': 'Hominoidea'}, {'tax_id': 9604, 'name': 'Hominidae'}, {'tax_id': 207598, 'name': 'Homininae'}, {'tax_id': 9605, 'name': 'Homo'}, {'tax_id': 9606, 'name': 'Homo sapiens'}]",False,blood,,,True,[],[],,1.0,,,,,,,,,,,,,,
PP735307.1,,GenBank,,,,2024-10-26,,[],1498,partial,"Orthonairovirus haemorrhagiae isolate CCHFV_1 segment S nucleocapsid protein gene, partial cds",S,False,Asia,Turkey,Homo sapiens,"[{'tax_id': 131567, 'name': 'cellular organisms'}, {'tax_id': 2759, 'name': 'Eukaryota'}, {'tax_id': 33154, 'name': 'Opisthokonta'}, {'tax_id': 33208, 'name': 'Metazoa'}, {'tax_id': 6072, 'name': 'Eumetazoa'}, {'tax_id': 33213, 'name': 'Bilateria'}, {'tax_id': 33511, 'name': 'Deuterostomia'}, {'tax_id': 7711, 'name': 'Chordata'}, {'tax_id': 89593, 'name': 'Craniata'}, {'tax_id': 7742, 'name': 'Vertebrata'}, {'tax_id': 7776, 'name': 'Gnathostomata'}, {'tax_id': 117570, 'name': 'Teleostomi'}, {'tax_id': 117571, 'name': 'Euteleostomi'}, {'tax_id': 8287, 'name': 'Sarcopterygii'}, {'tax_id': 1338369, 'name': 'Dipnotetrapodomorpha'}, {'tax_id': 32523, 'name': 'Tetrapoda'}, {'tax_id': 32524, 'name': 'Amniota'}, {'tax_id': 40674, 'name': 'Mammalia'}, {'tax_id': 32525, 'name': 'Theria'}, {'tax_id': 9347, 'name': 'Eutheria'}, {'tax_id': 1437010, 'name': 'Boreoeutheria'}, {'tax_id': 314146, 'name': 'Euarchontoglires'}, {'tax_id': 9443, 'name': 'Primates'}, {'tax_id': 376913, 'name': 'Haplorrhini'}, {'tax_id': 314293, 'name': 'Simiiformes'}, {'tax_id': 9526, 'name': 'Catarrhini'}, {'tax_id': 314295, 'name': 'Hominoidea'}, {'tax_id': 9604, 'name': 'Hominidae'}, {'tax_id': 207598, 'name': 'Homininae'}, {'tax_id': 9605, 'name': 'Homo'}, {'tax_id': 9606, 'name': 'Homo sapiens'}]",False,blood,,,True,[],[],,1.0,,,,,,,,,,,,,,
PP729064.1,,GenBank,,,,2024-05-05,,[],1649,complete,"Orthonairovirus haemorrhagiae isolate Kuchica/North Macedonia-1/2023 segment S, complete sequence",S,False,,North Macedonia,Homo sapiens,"[{'tax_id': 131567, 'name': 'cellular organisms'}, {'tax_id': 2759, 'name': 'Eukaryota'}, {'tax_id': 33154, 'name': 'Opisthokonta'}, {'tax_id': 33208, 'name': 'Metazoa'}, {'tax_id': 6072, 'name': 'Eumetazoa'}, {'tax_id': 33213, 'name': 'Bilateria'}, {'tax_id': 33511, 'name': 'Deuterostomia'}, {'tax_id': 7711, 'name': 'Chordata'}, {'tax_id': 89593, 'name': 'Craniata'}, {'tax_id': 7742, 'name': 'Vertebrata'}, {'tax_id': 7776, 'name': 'Gnathostomata'}, {'tax_id': 117570, 'name': 'Teleostomi'}, {'tax_id': 117571, 'name': 'Euteleostomi'}, {'tax_id': 8287, 'name': 'Sarcopterygii'}, {'tax_id': 1338369, 'name': 'Dipnotetrapodomorpha'}, {'tax_id': 32523, 'name': 'Tetrapoda'}, {'tax_id': 32524, 'name': 'Amniota'}, {'tax_id': 40674, 'name': 'Mammalia'}, {'tax_id': 32525, 'name': 'Theria'}, {'tax_id': 9347, 'name': 'Eutheria'}, {'tax_id': 1437010, 'name': 'Boreoeutheria'}, {'tax_id': 314146, 'name': 'Euarchontoglires'}, {'tax_id': 9443, 'name': 'Primates'}, {'tax_id': 376913, 'name': 'Haplorrhini'}, {'tax_id': 314293, 'name': 'Simiiformes'}, {'tax_id': 9526, 'name': 'Catarrhini'}, {'tax_id': 314295, 'name': 'Hominoidea'}, {'tax_id': 9604, 'name': 'Hominidae'}, {'tax_id': 207598, 'name': 'Homininae'}, {'tax_id': 9605, 'name': 'Homo'}, {'tax_id': 9606, 'name': 'Homo sapiens'}]",False,blood,,,True,[],[],,1.0,,,,,,,,,,,,,,
PP116318.1,,GenBank,,,,2024-02-10,,[],1658,complete,"MAG: Orthonairovirus haemorrhagiae isolate GE/Ser-H/2023 segment S, complete sequence",S,False,Asia,Georgia,Homo sapiens,"[{'tax_id': 131567, 'name': 'cellular organisms'}, {'tax_id': 2759, 'name': 'Eukaryota'}, {'tax_id': 33154, 'name': 'Opisthokonta'}, {'tax_id': 33208, 'name': 'Metazoa'}, {'tax_id': 6072, 'name': 'Eumetazoa'}, {'tax_id': 33213, 'name': 'Bilateria'}, {'tax_id': 33511, 'name': 'Deuterostomia'}, {'tax_id': 7711, 'name': 'Chordata'}, {'tax_id': 89593, 'name': 'Craniata'}, {'tax_id': 7742, 'name': 'Vertebrata'}, {'tax_id': 7776, 'name': 'Gnathostomata'}, {'tax_id': 117570, 'name': 'Teleostomi'}, {'tax_id': 117571, 'name': 'Euteleostomi'}, {'tax_id': 8287, 'name': 'Sarcopterygii'}, {'tax_id': 1338369, 'name': 'Dipnotetrapodomorpha'}, {'tax_id': 32523, 'name': 'Tetrapoda'}, {'tax_id': 32524, 'name': 'Amniota'}, {'tax_id': 40674, 'name': 'Mammalia'}, {'tax_id': 32525, 'name': 'Theria'}, {'tax_id': 9347, 'name': 'Eutheria'}, {'tax_id': 1437010, 'name': 'Boreoeutheria'}, {'tax_id': 314146, 'name': 'Euarchontoglires'}, {'tax_id': 9443, 'name': 'Primates'}, {'tax_id': 376913, 'name': 'Haplorrhini'}, {'tax_id': 314293, 'name': 'Simiiformes'}, {'tax_id': 9526, 'name': 'Catarrhini'}, {'tax_id': 314295, 'name': 'Hominoidea'}, {'tax_id': 9604, 'name': 'Hominidae'}, {'tax_id': 207598, 'name': 'Homininae'}, {'tax_id': 9605, 'name': 'Homo'}, {'tax_id': 9606, 'name': 'Homo sapiens'}]",False,"spleen, abdominal cavity",,,True,[],[],,1.0,,,,,,,,,,,,,,
PP067060.1,,GenBank,,,,2024-01-21,,[],1449,partial,"Orthonairovirus haemorrhagiae isolate FAK6 nucleoprotein (N) gene, complete cds",S,False,Europe,France,Hyalomma marginatum,"[{'tax_id': 131567, 'name': 'cellular organisms'}, {'tax_id': 2759, 'name': 'Eukaryota'}, {'tax_id': 33154, 'name': 'Opisthokonta'}, {'tax_id': 33208, 'name': 'Metazoa'}, {'tax_id': 6072, 'name': 'Eumetazoa'}, {'tax_id': 33213, 'name': 'Bilateria'}, {'tax_id': 33317, 'name': 'Protostomia'}, {'tax_id': 1206794, 'name': 'Ecdysozoa'}, {'tax_id': 88770, 'name': 'Panarthropoda'}, {'tax_id': 6656, 'name': 'Arthropoda'}, {'tax_id': 6843, 'name': 'Chelicerata'}, {'tax_id': 6854, 'name': 'Arachnida'}, {'tax_id': 6933, 'name': 'Acari'}, {'tax_id': 6934, 'name': 'Parasitiformes'}, {'tax_id': 6935, 'name': 'Ixodida'}, {'tax_id': 297308, 'name': 'Ixodoidea'}, {'tax_id': 6939, 'name': 'Ixodidae'}, {'tax_id': 426438, 'name': 'Hyalomminae'}, {'tax_id': 34625, 'name': 'Hyalomma'}, {'tax_id': 34627, 'name': 'Hyalomma marginatum'}]",False,,,,True,[],[],,1.0,,,,,,,,,,,,,,
PP067059.1,,GenBank,,,,2024-01-21,,[],1449,partial,"Orthonairovirus haemorrhagiae isolate DAK6 nucleoprotein (N) gene, complete cds",S,False,Europe,France,Hyalomma marginatum,"[{'tax_id': 131567, 'name': 'cellular organisms'}, {'tax_id': 2759, 'name': 'Eukaryota'}, {'tax_id': 33154, 'name': 'Opisthokonta'}, {'tax_id': 33208, 'name': 'Metazoa'}, {'tax_id': 6072, 'name': 'Eumetazoa'}, {'tax_id': 33213, 'name': 'Bilateria'}, {'tax_id': 33317, 'name': 'Protostomia'}, {'tax_id': 1206794, 'name': 'Ecdysozoa'}, {'tax_id': 88770, 'name': 'Panarthropoda'}, {'tax_id': 6656, 'name': 'Arthropoda'}, {'tax_id': 6843, 'name': 'Chelicerata'}, {'tax_id': 6854, 'name': 'Arachnida'}, {'tax_id': 6933, 'name': 'Acari'}, {'tax_id': 6934, 'name': 'Parasitiformes'}, {'tax_id': 6935, 'name': 'Ixodida'}, {'tax_id': 297308, 'name': 'Ixodoidea'}, {'tax_id': 6939, 'name': 'Ixodidae'}, {'tax_id': 426438, 'name': 'Hyalomminae'}, {'tax_id': 34625, 'name': 'Hyalomma'}, {'tax_id': 34627, 'name': 'Hyalomma marginatum'}]",False,,,,True,[],[],,1.0,,,,,,,,,,,,,,
PP067058.1,,GenBank,,,,2024-01-21,,[],1449,partial,"Orthonairovirus haemorrhagiae isolate 31AK6 nucleoprotein (N) gene, complete cds",S,False,Europe,France,Hyalomma marginatum,"[{'tax_id': 131567, 'name': 'cellular organisms'}, {'tax_id': 2759, 'name': 'Eukaryota'}, {'tax_id': 33154, 'name': 'Opisthokonta'}, {'tax_id': 33208, 'name': 'Metazoa'}, {'tax_id': 6072, 'name': 'Eumetazoa'}, {'tax_id': 33213, 'name': 'Bilateria'}, {'tax_id': 33317, 'name': 'Protostomia'}, {'tax_id': 1206794, 'name': 'Ecdysozoa'}, {'tax_id': 88770, 'name': 'Panarthropoda'}, {'tax_id': 6656, 'name': 'Arthropoda'}, {'tax_id': 6843, 'name': 'Chelicerata'}, {'tax_id': 6854, 'name': 'Arachnida'}, {'tax_id': 6933, 'name': 'Acari'}, {'tax_id': 6934, 'name': 'Parasitiformes'}, {'tax_id': 6935, 'name': 'Ixodida'}, {'tax_id': 297308, 'name': 'Ixodoidea'}, {'tax_id': 6939, 'name': 'Ixodidae'}, {'tax_id': 426438, 'name': 'Hyalomminae'}, {'tax_id': 34625, 'name': 'Hyalomma'}, {'tax_id': 34627, 'name': 'Hyalomma marginatum'}]",False,,,,True,[],[],,1.0,,,,,,,,,,,,,,
PP067057.1,,GenBank,,,,2024-01-21,,[],1449,partial,"Orthonairovirus haemorrhagiae isolate 29AK6 nucleoprotein (N) gene, complete cds",S,False,Europe,France,Hyalomma marginatum,"[{'tax_id': 131567, 'name': 'cellular organisms'}, {'tax_id': 2759, 'name': 'Eukaryota'}, {'tax_id': 33154, 'name': 'Opisthokonta'}, {'tax_id': 33208, 'name': 'Metazoa'}, {'tax_id': 6072, 'name': 'Eumetazoa'}, {'tax_id': 33213, 'name': 'Bilateria'}, {'tax_id': 33317, 'name': 'Protostomia'}, {'tax_id': 1206794, 'name': 'Ecdysozoa'}, {'tax_id': 88770, 'name': 'Panarthropoda'}, {'tax_id': 6656, 'name': 'Arthropoda'}, {'tax_id': 6843, 'name': 'Chelicerata'}, {'tax_id': 6854, 'name': 'Arachnida'}, {'tax_id': 6933, 'name': 'Acari'}, {'tax_id': 6934, 'name': 'Parasitiformes'}, {'tax_id': 6935, 'name': 'Ixodida'}, {'tax_id': 297308, 'name': 'Ixodoidea'}, {'tax_id': 6939, 'name': 'Ixodidae'}, {'tax_id': 426438, 'name': 'Hyalomminae'}, {'tax_id': 34625, 'name': 'Hyalomma'}, {'tax_id': 34627, 'name': 'Hyalomma marginatum'}]",False,,,,True,[],[],,1.0,,,,,,,,,,,,,,
PP067056.1,,GenBank,,,,2024-01-21,,[],1449,partial,"Orthonairovirus haemorrhagiae isolate 20AG9 nucleoprotein (N) gene, complete cds",S,False,Europe,France,Hyalomma marginatum,"[{'tax_id': 131567, 'name': 'cellular organisms'}, {'tax_id': 2759, 'name': 'Eukaryota'}, {'tax_id': 33154, 'name': 'Opisthokonta'}, {'tax_id': 33208, 'name': 'Metazoa'}, {'tax_id': 6072, 'name': 'Eumetazoa'}, {'tax_id': 33213, 'name': 'Bilateria'}, {'tax_id': 33317, 'name': 'Protostomia'}, {'tax_id': 1206794, 'name': 'Ecdysozoa'}, {'tax_id': 88770, 'name': 'Panarthropoda'}, {'tax_id': 6656, 'name': 'Arthropoda'}, {'tax_id': 6843, 'name': 'Chelicerata'}, {'tax_id': 6854, 'name': 'Arachnida'}, {'tax_id': 6933, 'name': 'Acari'}, {'tax_id': 6934, 'name': 'Parasitiformes'}, {'tax_id': 6935, 'name': 'Ixodida'}, {'tax_id': 297308, 'name': 'Ixodoidea'}, {'tax_id': 6939, 'name': 'Ixodidae'}, {'tax_id': 426438, 'name': 'Hyalomminae'}, {'tax_id': 34625, 'name': 'Hyalomma'}, {'tax_id': 34627, 'name': 'Hyalomma marginatum'}]",False,,,,True,[],[],,1.0,,,,,,,,,,,,,,
PP067055.1,,GenBank,,,,2024-01-21,,[],1449,partial,"Orthonairovirus haemorrhagiae isolate 13AK6 nucleoprotein (N) gene, complete cds",S,False,Europe,France,Hyalomma marginatum,"[{'tax_id': 131567, 'name': 'cellular organisms'}, {'tax_id': 2759, 'name': 'Eukaryota'}, {'tax_id': 33154, 'name': 'Opisthokonta'}, {'tax_id': 33208, 'name': 'Metazoa'}, {'tax_id': 6072, 'name': 'Eumetazoa'}, {'tax_id': 33213, 'name': 'Bilateria'}, {'tax_id': 33317, 'name': 'Protostomia'}, {'tax_id': 1206794, 'name': 'Ecdysozoa'}, {'tax_id': 88770, 'name': 'Panarthropoda'}, {'tax_id': 6656, 'name': 'Arthropoda'}, {'tax_id': 6843, 'name': 'Chelicerata'}, {'tax_id': 6854, 'name': 'Arachnida'}, {'tax_id': 6933, 'name': 'Acari'}, {'tax_id': 6934, 'name': 'Parasitiformes'}, {'tax_id': 6935, 'name': 'Ixodida'}, {'tax_id': 297308, 'name': 'Ixodoidea'}, {'tax_id': 6939, 'name': 'Ixodidae'}, {'tax_id': 426438, 'name': 'Hyalomminae'}, {'tax_id': 34625, 'name': 'Hyalomma'}, {'tax_id': 34627, 'name': 'Hyalomma marginatum'}]",False,,,,True,[],[],,1.0,,,,,,,,,,,,,,
PP067054.1,,GenBank,,,,2024-01-21,,[],1449,partial,"Orthonairovirus haemorrhagiae isolate 11AK6 nucleoprotein (N) gene, complete cds",S,False,Europe,France,Hyalomma marginatum,"[{'tax_id': 131567, 'name': 'cellular organisms'}, {'tax_id': 2759, 'name': 'Eukaryota'}, {'tax_id': 33154, 'name': 'Opisthokonta'}, {'tax_id': 33208, 'name': 'Metazoa'}, {'tax_id': 6072, 'name': 'Eumetazoa'}, {'tax_id': 33213, 'name': 'Bilateria'}, {'tax_id': 33317, 'name': 'Protostomia'}, {'tax_id': 1206794, 'name': 'Ecdysozoa'}, {'tax_id': 88770, 'name': 'Panarthropoda'}, {'tax_id': 6656, 'name': 'Arthropoda'}, {'tax_id': 6843, 'name': 'Chelicerata'}, {'tax_id': 6854, 'name': 'Arachnida'}, {'tax_id': 6933, 'name': 'Acari'}, {'tax_id': 6934, 'name': 'Parasitiformes'}, {'tax_id': 6935, 'name': 'Ixodida'}, {'tax_id': 297308, 'name': 'Ixodoidea'}, {'tax_id': 6939, 'name': 'Ixodidae'}, {'tax_id': 426438, 'name': 'Hyalomminae'}, {'tax_id': 34625, 'name': 'Hyalomma'}, {'tax_id': 34627, 'name': 'Hyalomma marginatum'}]",False,,,,True,[],[],,1.0,,,,,,,,,,,,,,
PP067053.1,,GenBank,,,,2024-01-21,,[],1449,partial,"Orthonairovirus haemorrhagiae isolate 3AK6 nucleoprotein (N) gene, complete cds",S,False,Europe,France,Hyalomma marginatum,"[{'tax_id': 131567, 'name': 'cellular organisms'}, {'tax_id': 2759, 'name': 'Eukaryota'}, {'tax_id': 33154, 'name': 'Opisthokonta'}, {'tax_id': 33208, 'name': 'Metazoa'}, {'tax_id': 6072, 'name': 'Eumetazoa'}, {'tax_id': 33213, 'name': 'Bilateria'}, {'tax_id': 33317, 'name': 'Protostomia'}, {'tax_id': 1206794, 'name': 'Ecdysozoa'}, {'tax_id': 88770, 'name': 'Panarthropoda'}, {'tax_id': 6656, 'name': 'Arthropoda'}, {'tax_id': 6843, 'name': 'Chelicerata'}, {'tax_id': 6854, 'name': 'Arachnida'}, {'tax_id': 6933, 'name': 'Acari'}, {'tax_id': 6934, 'name': 'Parasitiformes'}, {'tax_id': 6935, 'name': 'Ixodida'}, {'tax_id': 297308, 'name': 'Ixodoidea'}, {'tax_id': 6939, 'name': 'Ixodidae'}, {'tax_id': 426438, 'name': 'Hyalomminae'}, {'tax_id': 34625, 'name': 'Hyalomma'}, {'tax_id': 34627, 'name': 'Hyalomma marginatum'}]",False,,,,True,[],[],,1.0,,,,,,,,,,,,,,
PP067052.1,,GenBank,,,,2024-01-21,,[],1449,partial,"Orthonairovirus haemorrhagiae isolate 8AK11 nucleoprotein (N) gene, complete cds",S,False,Europe,France,Hyalomma marginatum,"[{'tax_id': 131567, 'name': 'cellular organisms'}, {'tax_id': 2759, 'name': 'Eukaryota'}, {'tax_id': 33154, 'name': 'Opisthokonta'}, {'tax_id': 33208, 'name': 'Metazoa'}, {'tax_id': 6072, 'name': 'Eumetazoa'}, {'tax_id': 33213, 'name': 'Bilateria'}, {'tax_id': 33317, 'name': 'Protostomia'}, {'tax_id': 1206794, 'name': 'Ecdysozoa'}, {'tax_id': 88770, 'name': 'Panarthropoda'}, {'tax_id': 6656, 'name': 'Arthropoda'}, {'tax_id': 6843, 'name': 'Chelicerata'}, {'tax_id': 6854, 'name': 'Arachnida'}, {'tax_id': 6933, 'name': 'Acari'}, {'tax_id': 6934, 'name': 'Parasitiformes'}, {'tax_id': 6935, 'name': 'Ixodida'}, {'tax_id': 297308, 'name': 'Ixodoidea'}, {'tax_id': 6939, 'name': 'Ixodidae'}, {'tax_id': 426438, 'name': 'Hyalomminae'}, {'tax_id': 34625, 'name': 'Hyalomma'}, {'tax_id': 34627, 'name': 'Hyalomma marginatum'}]",False,,,,True,[],[],,1.0,,,,,,,,,,,,,,
PP067051.1,,GenBank,,,,2024-01-21,,[],1449,partial,"Orthonairovirus haemorrhagiae isolate 26AK6 nucleoprotein (N) gene, complete cds",S,False,Europe,France,Hyalomma marginatum,"[{'tax_id': 131567, 'name': 'cellular organisms'}, {'tax_id': 2759, 'name': 'Eukaryota'}, {'tax_id': 33154, 'name': 'Opisthokonta'}, {'tax_id': 33208, 'name': 'Metazoa'}, {'tax_id': 6072, 'name': 'Eumetazoa'}, {'tax_id': 33213, 'name': 'Bilateria'}, {'tax_id': 33317, 'name': 'Protostomia'}, {'tax_id': 1206794, 'name': 'Ecdysozoa'}, {'tax_id': 88770, 'name': 'Panarthropoda'}, {'tax_id': 6656, 'name': 'Arthropoda'}, {'tax_id': 6843, 'name': 'Chelicerata'}, {'tax_id': 6854, 'name': 'Arachnida'}, {'tax_id': 6933, 'name': 'Acari'}, {'tax_id': 6934, 'name': 'Parasitiformes'}, {'tax_id': 6935, 'name': 'Ixodida'}, {'tax_id': 297308, 'name': 'Ixodoidea'}, {'tax_id': 6939, 'name': 'Ixodidae'}, {'tax_id': 426438, 'name': 'Hyalomminae'}, {'tax_id': 34625, 'name': 'Hyalomma'}, {'tax_id': 34627, 'name': 'Hyalomma marginatum'}]",False,,,,True,[],[],,1.0,,,,,,,,,,,,,,
PP067050.1,,GenBank,,,,2024-01-21,,[],1449,partial,"Orthonairovirus haemorrhagiae isolate 9AG6 nucleoprotein (N) gene, complete cds",S,False,Europe,France,Hyalomma marginatum,"[{'tax_id': 131567, 'name': 'cellular organisms'}, {'tax_id': 2759, 'name': 'Eukaryota'}, {'tax_id': 33154, 'name': 'Opisthokonta'}, {'tax_id': 33208, 'name': 'Metazoa'}, {'tax_id': 6072, 'name': 'Eumetazoa'}, {'tax_id': 33213, 'name': 'Bilateria'}, {'tax_id': 33317, 'name': 'Protostomia'}, {'tax_id': 1206794, 'name': 'Ecdysozoa'}, {'tax_id': 88770, 'name': 'Panarthropoda'}, {'tax_id': 6656, 'name': 'Arthropoda'}, {'tax_id': 6843, 'name': 'Chelicerata'}, {'tax_id': 6854, 'name': 'Arachnida'}, {'tax_id': 6933, 'name': 'Acari'}, {'tax_id': 6934, 'name': 'Parasitiformes'}, {'tax_id': 6935, 'name': 'Ixodida'}, {'tax_id': 297308, 'name': 'Ixodoidea'}, {'tax_id': 6939, 'name': 'Ixodidae'}, {'tax_id': 426438, 'name': 'Hyalomminae'}, {'tax_id': 34625, 'name': 'Hyalomma'}, {'tax_id': 34627, 'name': 'Hyalomma marginatum'}]",False,,,,True,[],[],,1.0,,,,,,,,,,,,,,
PP067049.1,,GenBank,,,,2024-01-21,,[],1449,partial,"Orthonairovirus haemorrhagiae isolate QAB16 nucleoprotein (N) gene, complete cds",S,False,Europe,France,Hyalomma marginatum,"[{'tax_id': 131567, 'name': 'cellular organisms'}, {'tax_id': 2759, 'name': 'Eukaryota'}, {'tax_id': 33154, 'name': 'Opisthokonta'}, {'tax_id': 33208, 'name': 'Metazoa'}, {'tax_id': 6072, 'name': 'Eumetazoa'}, {'tax_id': 33213, 'name': 'Bilateria'}, {'tax_id': 33317, 'name': 'Protostomia'}, {'tax_id': 1206794, 'name': 'Ecdysozoa'}, {'tax_id': 88770, 'name': 'Panarthropoda'}, {'tax_id': 6656, 'name': 'Arthropoda'}, {'tax_id': 6843, 'name': 'Chelicerata'}, {'tax_id': 6854, 'name': 'Arachnida'}, {'tax_id': 6933, 'name': 'Acari'}, {'tax_id': 6934, 'name': 'Parasitiformes'}, {'tax_id': 6935, 'name': 'Ixodida'}, {'tax_id': 297308, 'name': 'Ixodoidea'}, {'tax_id': 6939, 'name': 'Ixodidae'}, {'tax_id': 426438, 'name': 'Hyalomminae'}, {'tax_id': 34625, 'name': 'Hyalomma'}, {'tax_id': 34627, 'name': 'Hyalomma marginatum'}]",False,,,,True,[],[],,1.0,,,,,,,,,,,,,,
PP067048.1,,GenBank,,,,2024-01-21,,[],1449,partial,"Orthonairovirus haemorrhagiae isolate 12AG9 nucleoprotein (N) gene, complete cds",S,False,Europe,France,Hyalomma marginatum,"[{'tax_id': 131567, 'name': 'cellular organisms'}, {'tax_id': 2759, 'name': 'Eukaryota'}, {'tax_id': 33154, 'name': 'Opisthokonta'}, {'tax_id': 33208, 'name': 'Metazoa'}, {'tax_id': 6072, 'name': 'Eumetazoa'}, {'tax_id': 33213, 'name': 'Bilateria'}, {'tax_id': 33317, 'name': 'Protostomia'}, {'tax_id': 1206794, 'name': 'Ecdysozoa'}, {'tax_id': 88770, 'name': 'Panarthropoda'}, {'tax_id': 6656, 'name': 'Arthropoda'}, {'tax_id': 6843, 'name': 'Chelicerata'}, {'tax_id': 6854, 'name': 'Arachnida'}, {'tax_id': 6933, 'name': 'Acari'}, {'tax_id': 6934, 'name': 'Parasitiformes'}, {'tax_id': 6935, 'name': 'Ixodida'}, {'tax_id': 297308, 'name': 'Ixodoidea'}, {'tax_id': 6939, 'name': 'Ixodidae'}, {'tax_id': 426438, 'name': 'Hyalomminae'}, {'tax_id': 34625, 'name': 'Hyalomma'}, {'tax_id': 34627, 'name': 'Hyalomma marginatum'}]",False,,,,True,[],[],,1.0,,,,,,,,,,,,,,
PP067047.1,,GenBank,,,,2024-01-21,,[],1449,partial,"Orthonairovirus haemorrhagiae isolate 7AD3 nucleoprotein (N) gene, complete cds",S,False,Europe,France,Hyalomma marginatum,"[{'tax_id': 131567, 'name': 'cellular organisms'}, {'tax_id': 2759, 'name': 'Eukaryota'}, {'tax_id': 33154, 'name': 'Opisthokonta'}, {'tax_id': 33208, 'name': 'Metazoa'}, {'tax_id': 6072, 'name': 'Eumetazoa'}, {'tax_id': 33213, 'name': 'Bilateria'}, {'tax_id': 33317, 'name': 'Protostomia'}, {'tax_id': 1206794, 'name': 'Ecdysozoa'}, {'tax_id': 88770, 'name': 'Panarthropoda'}, {'tax_id': 6656, 'name': 'Arthropoda'}, {'tax_id': 6843, 'name': 'Chelicerata'}, {'tax_id': 6854, 'name': 'Arachnida'}, {'tax_id': 6933, 'name': 'Acari'}, {'tax_id': 6934, 'name': 'Parasitiformes'}, {'tax_id': 6935, 'name': 'Ixodida'}, {'tax_id': 297308, 'name': 'Ixodoidea'}, {'tax_id': 6939, 'name': 'Ixodidae'}, {'tax_id': 426438, 'name': 'Hyalomminae'}, {'tax_id': 34625, 'name': 'Hyalomma'}, {'tax_id': 34627, 'name': 'Hyalomma marginatum'}]",False,,,,True,[],[],,1.0,,,,,,,,,,,,,,
OR964920.1,,GenBank,,,,2023-12-26,,[],1651,complete,"Orthonairovirus haemorrhagiae isolate CCHF/NIHPAK-11/2023 segment S, complete sequence",S,False,Asia,Pakistan,Homo sapiens,"[{'tax_id': 131567, 'name': 'cellular organisms'}, {'tax_id': 2759, 'name': 'Eukaryota'}, {'tax_id': 33154, 'name': 'Opisthokonta'}, {'tax_id': 33208, 'name': 'Metazoa'}, {'tax_id': 6072, 'name': 'Eumetazoa'}, {'tax_id': 33213, 'name': 'Bilateria'}, {'tax_id': 33511, 'name': 'Deuterostomia'}, {'tax_id': 7711, 'name': 'Chordata'}, {'tax_id': 89593, 'name': 'Craniata'}, {'tax_id': 7742, 'name': 'Vertebrata'}, {'tax_id': 7776, 'name': 'Gnathostomata'}, {'tax_id': 117570, 'name': 'Teleostomi'}, {'tax_id': 117571, 'name': 'Euteleostomi'}, {'tax_id': 8287, 'name': 'Sarcopterygii'}, {'tax_id': 1338369, 'name': 'Dipnotetrapodomorpha'}, {'tax_id': 32523, 'name': 'Tetrapoda'}, {'tax_id': 32524, 'name': 'Amniota'}, {'tax_id': 40674, 'name': 'Mammalia'}, {'tax_id': 32525, 'name': 'Theria'}, {'tax_id': 9347, 'name': 'Eutheria'}, {'tax_id': 1437010, 'name': 'Boreoeutheria'}, {'tax_id': 314146, 'name': 'Euarchontoglires'}, {'tax_id': 9443, 'name': 'Primates'}, {'tax_id': 376913, 'name': 'Haplorrhini'}, {'tax_id': 314293, 'name': 'Simiiformes'}, {'tax_id': 9526, 'name': 'Catarrhini'}, {'tax_id': 314295, 'name': 'Hominoidea'}, {'tax_id': 9604, 'name': 'Hominidae'}, {'tax_id': 207598, 'name': 'Homininae'}, {'tax_id': 9605, 'name': 'Homo'}, {'tax_id': 9606, 'name': 'Homo sapiens'}]",False,blood,,,True,[],[],,1.0,,,,,,,,,,,,,,
OR964919.1,,GenBank,,,,2023-12-26,,[],1651,complete,"Orthonairovirus haemorrhagiae isolate CCHF/NIHPAK-10/2023 segment S, complete sequence",S,False,Asia,Pakistan,Homo sapiens,"[{'tax_id': 131567, 'name': 'cellular organisms'}, {'tax_id': 2759, 'name': 'Eukaryota'}, {'tax_id': 33154, 'name': 'Opisthokonta'}, {'tax_id': 33208, 'name': 'Metazoa'}, {'tax_id': 6072, 'name': 'Eumetazoa'}, {'tax_id': 33213, 'name': 'Bilateria'}, {'tax_id': 33511, 'name': 'Deuterostomia'}, {'tax_id': 7711, 'name': 'Chordata'}, {'tax_id': 89593, 'name': 'Craniata'}, {'tax_id': 7742, 'name': 'Vertebrata'}, {'tax_id': 7776, 'name': 'Gnathostomata'}, {'tax_id': 117570, 'name': 'Teleostomi'}, {'tax_id': 117571, 'name': 'Euteleostomi'}, {'tax_id': 8287, 'name': 'Sarcopterygii'}, {'tax_id': 1338369, 'name': 'Dipnotetrapodomorpha'}, {'tax_id': 32523, 'name': 'Tetrapoda'}, {'tax_id': 32524, 'name': 'Amniota'}, {'tax_id': 40674, 'name': 'Mammalia'}, {'tax_id': 32525, 'name': 'Theria'}, {'tax_id': 9347, 'name': 'Eutheria'}, {'tax_id': 1437010, 'name': 'Boreoeutheria'}, {'tax_id': 314146, 'name': 'Euarchontoglires'}, {'tax_id': 9443, 'name': 'Primates'}, {'tax_id': 376913, 'name': 'Haplorrhini'}, {'tax_id': 314293, 'name': 'Simiiformes'}, {'tax_id': 9526, 'name': 'Catarrhini'}, {'tax_id': 314295, 'name': 'Hominoidea'}, {'tax_id': 9604, 'name': 'Hominidae'}, {'tax_id': 207598, 'name': 'Homininae'}, {'tax_id': 9605, 'name': 'Homo'}, {'tax_id': 9606, 'name': 'Homo sapiens'}]",False,blood,,,True,[],[],,1.0,,,,,,,,,,,,,,
OR964918.1,,GenBank,,,,2023-12-26,,[],1630,complete,"Orthonairovirus haemorrhagiae isolate CCHF/NIHPAK-9/2023 segment S, complete sequence",S,False,Asia,Pakistan,Homo sapiens,"[{'tax_id': 131567, 'name': 'cellular organisms'}, {'tax_id': 2759, 'name': 'Eukaryota'}, {'tax_id': 33154, 'name': 'Opisthokonta'}, {'tax_id': 33208, 'name': 'Metazoa'}, {'tax_id': 6072, 'name': 'Eumetazoa'}, {'tax_id': 33213, 'name': 'Bilateria'}, {'tax_id': 33511, 'name': 'Deuterostomia'}, {'tax_id': 7711, 'name': 'Chordata'}, {'tax_id': 89593, 'name': 'Craniata'}, {'tax_id': 7742, 'name': 'Vertebrata'}, {'tax_id': 7776, 'name': 'Gnathostomata'}, {'tax_id': 117570, 'name': 'Teleostomi'}, {'tax_id': 117571, 'name': 'Euteleostomi'}, {'tax_id': 8287, 'name': 'Sarcopterygii'}, {'tax_id': 1338369, 'name': 'Dipnotetrapodomorpha'}, {'tax_id': 32523, 'name': 'Tetrapoda'}, {'tax_id': 32524, 'name': 'Amniota'}, {'tax_id': 40674, 'name': 'Mammalia'}, {'tax_id': 32525, 'name': 'Theria'}, {'tax_id': 9347, 'name': 'Eutheria'}, {'tax_id': 1437010, 'name': 'Boreoeutheria'}, {'tax_id': 314146, 'name': 'Euarchontoglires'}, {'tax_id': 9443, 'name': 'Primates'}, {'tax_id': 376913, 'name': 'Haplorrhini'}, {'tax_id': 314293, 'name': 'Simiiformes'}, {'tax_id': 9526, 'name': 'Catarrhini'}, {'tax_id': 314295, 'name': 'Hominoidea'}, {'tax_id': 9604, 'name': 'Hominidae'}, {'tax_id': 207598, 'name': 'Homininae'}, {'tax_id': 9605, 'name': 'Homo'}, {'tax_id': 9606, 'name': 'Homo sapiens'}]",False,blood,,,True,[],[],,1.0,,,,,,,,,,,,,,
OR964917.1,,GenBank,,,,2023-12-26,,[],1636,complete,"Orthonairovirus haemorrhagiae isolate CCHF/NIHPAK-8/2023 segment S, complete sequence",S,False,Asia,Pakistan,Homo sapiens,"[{'tax_id': 131567, 'name': 'cellular organisms'}, {'tax_id': 2759, 'name': 'Eukaryota'}, {'tax_id': 33154, 'name': 'Opisthokonta'}, {'tax_id': 33208, 'name': 'Metazoa'}, {'tax_id': 6072, 'name': 'Eumetazoa'}, {'tax_id': 33213, 'name': 'Bilateria'}, {'tax_id': 33511, 'name': 'Deuterostomia'}, {'tax_id': 7711, 'name': 'Chordata'}, {'tax_id': 89593, 'name': 'Craniata'}, {'tax_id': 7742, 'name': 'Vertebrata'}, {'tax_id': 7776, 'name': 'Gnathostomata'}, {'tax_id': 117570, 'name': 'Teleostomi'}, {'tax_id': 117571, 'name': 'Euteleostomi'}, {'tax_id': 8287, 'name': 'Sarcopterygii'}, {'tax_id': 1338369, 'name': 'Dipnotetrapodomorpha'}, {'tax_id': 32523, 'name': 'Tetrapoda'}, {'tax_id': 32524, 'name': 'Amniota'}, {'tax_id': 40674, 'name': 'Mammalia'}, {'tax_id': 32525, 'name': 'Theria'}, {'tax_id': 9347, 'name': 'Eutheria'}, {'tax_id': 1437010, 'name': 'Boreoeutheria'}, {'tax_id': 314146, 'name': 'Euarchontoglires'}, {'tax_id': 9443, 'name': 'Primates'}, {'tax_id': 376913, 'name': 'Haplorrhini'}, {'tax_id': 314293, 'name': 'Simiiformes'}, {'tax_id': 9526, 'name': 'Catarrhini'}, {'tax_id': 314295, 'name': 'Hominoidea'}, {'tax_id': 9604, 'name': 'Hominidae'}, {'tax_id': 207598, 'name': 'Homininae'}, {'tax_id': 9605, 'name': 'Homo'}, {'tax_id': 9606, 'name': 'Homo sapiens'}]",False,blood,,,True,[],[],,1.0,,,,,,,,,,,,,,
OR964914.1,,GenBank,,,,2023-12-26,,[],1598,complete,"Orthonairovirus haemorrhagiae isolate CCHF/NIHPAK-116/2023 segment S, complete sequence",S,False,Asia,Pakistan,Homo sapiens,"[{'tax_id': 131567, 'name': 'cellular organisms'}, {'tax_id': 2759, 'name': 'Eukaryota'}, {'tax_id': 33154, 'name': 'Opisthokonta'}, {'tax_id': 33208, 'name': 'Metazoa'}, {'tax_id': 6072, 'name': 'Eumetazoa'}, {'tax_id': 33213, 'name': 'Bilateria'}, {'tax_id': 33511, 'name': 'Deuterostomia'}, {'tax_id': 7711, 'name': 'Chordata'}, {'tax_id': 89593, 'name': 'Craniata'}, {'tax_id': 7742, 'name': 'Vertebrata'}, {'tax_id': 7776, 'name': 'Gnathostomata'}, {'tax_id': 117570, 'name': 'Teleostomi'}, {'tax_id': 117571, 'name': 'Euteleostomi'}, {'tax_id': 8287, 'name': 'Sarcopterygii'}, {'tax_id': 1338369, 'name': 'Dipnotetrapodomorpha'}, {'tax_id': 32523, 'name': 'Tetrapoda'}, {'tax_id': 32524, 'name': 'Amniota'}, {'tax_id': 40674, 'name': 'Mammalia'}, {'tax_id': 32525, 'name': 'Theria'}, {'tax_id': 9347, 'name': 'Eutheria'}, {'tax_id': 1437010, 'name': 'Boreoeutheria'}, {'tax_id': 314146, 'name': 'Euarchontoglires'}, {'tax_id': 9443, 'name': 'Primates'}, {'tax_id': 376913, 'name': 'Haplorrhini'}, {'tax_id': 314293, 'name': 'Simiiformes'}, {'tax_id': 9526, 'name': 'Catarrhini'}, {'tax_id': 314295, 'name': 'Hominoidea'}, {'tax_id': 9604, 'name': 'Hominidae'}, {'tax_id': 207598, 'name': 'Homininae'}, {'tax_id': 9605, 'name': 'Homo'}, {'tax_id': 9606, 'name': 'Homo sapiens'}]",False,blood,,,True,[],[],,1.0,,,,,,,,,,,,,,
OR964913.1,,GenBank,,,,2023-12-26,,[],1656,complete,"Orthonairovirus haemorrhagiae isolate CCHF/NIHPAK-30/2023 segment S, complete sequence",S,False,Asia,Pakistan,Homo sapiens,"[{'tax_id': 131567, 'name': 'cellular organisms'}, {'tax_id': 2759, 'name': 'Eukaryota'}, {'tax_id': 33154, 'name': 'Opisthokonta'}, {'tax_id': 33208, 'name': 'Metazoa'}, {'tax_id': 6072, 'name': 'Eumetazoa'}, {'tax_id': 33213, 'name': 'Bilateria'}, {'tax_id': 33511, 'name': 'Deuterostomia'}, {'tax_id': 7711, 'name': 'Chordata'}, {'tax_id': 89593, 'name': 'Craniata'}, {'tax_id': 7742, 'name': 'Vertebrata'}, {'tax_id': 7776, 'name': 'Gnathostomata'}, {'tax_id': 117570, 'name': 'Teleostomi'}, {'tax_id': 117571, 'name': 'Euteleostomi'}, {'tax_id': 8287, 'name': 'Sarcopterygii'}, {'tax_id': 1338369, 'name': 'Dipnotetrapodomorpha'}, {'tax_id': 32523, 'name': 'Tetrapoda'}, {'tax_id': 32524, 'name': 'Amniota'}, {'tax_id': 40674, 'name': 'Mammalia'}, {'tax_id': 32525, 'name': 'Theria'}, {'tax_id': 9347, 'name': 'Eutheria'}, {'tax_id': 1437010, 'name': 'Boreoeutheria'}, {'tax_id': 314146, 'name': 'Euarchontoglires'}, {'tax_id': 9443, 'name': 'Primates'}, {'tax_id': 376913, 'name': 'Haplorrhini'}, {'tax_id': 314293, 'name': 'Simiiformes'}, {'tax_id': 9526, 'name': 'Catarrhini'}, {'tax_id': 314295, 'name': 'Hominoidea'}, {'tax_id': 9604, 'name': 'Hominidae'}, {'tax_id': 207598, 'name': 'Homininae'}, {'tax_id': 9605, 'name': 'Homo'}, {'tax_id': 9606, 'name': 'Homo sapiens'}]",False,blood,,,True,[],[],,1.0,,,,,,,,,,,,,,
OR964912.1,,GenBank,,,,2023-12-26,,[],1594,complete,"Orthonairovirus haemorrhagiae isolate CCHF/NIHPAK-22/2023 segment S, complete sequence",S,False,Asia,Pakistan,Homo sapiens,"[{'tax_id': 131567, 'name': 'cellular organisms'}, {'tax_id': 2759, 'name': 'Eukaryota'}, {'tax_id': 33154, 'name': 'Opisthokonta'}, {'tax_id': 33208, 'name': 'Metazoa'}, {'tax_id': 6072, 'name': 'Eumetazoa'}, {'tax_id': 33213, 'name': 'Bilateria'}, {'tax_id': 33511, 'name': 'Deuterostomia'}, {'tax_id': 7711, 'name': 'Chordata'}, {'tax_id': 89593, 'name': 'Craniata'}, {'tax_id': 7742, 'name': 'Vertebrata'}, {'tax_id': 7776, 'name': 'Gnathostomata'}, {'tax_id': 117570, 'name': 'Teleostomi'}, {'tax_id': 117571, 'name': 'Euteleostomi'}, {'tax_id': 8287, 'name': 'Sarcopterygii'}, {'tax_id': 1338369, 'name': 'Dipnotetrapodomorpha'}, {'tax_id': 32523, 'name': 'Tetrapoda'}, {'tax_id': 32524, 'name': 'Amniota'}, {'tax_id': 40674, 'name': 'Mammalia'}, {'tax_id': 32525, 'name': 'Theria'}, {'tax_id': 9347, 'name': 'Eutheria'}, {'tax_id': 1437010, 'name': 'Boreoeutheria'}, {'tax_id': 314146, 'name': 'Euarchontoglires'}, {'tax_id': 9443, 'name': 'Primates'}, {'tax_id': 376913, 'name': 'Haplorrhini'}, {'tax_id': 314293, 'name': 'Simiiformes'}, {'tax_id': 9526, 'name': 'Catarrhini'}, {'tax_id': 314295, 'name': 'Hominoidea'}, {'tax_id': 9604, 'name': 'Hominidae'}, {'tax_id': 207598, 'name': 'Homininae'}, {'tax_id': 9605, 'name': 'Homo'}, {'tax_id': 9606, 'name': 'Homo sapiens'}]",False,blood,,,True,[],[],,1.0,,,,,,,,,,,,,,
OR964911.1,,GenBank,,,,2023-12-26,,[],1651,complete,"Orthonairovirus haemorrhagiae isolate CCHF/NIHPAK-96/2023 segment S, complete sequence",S,False,Asia,Pakistan,Homo sapiens,"[{'tax_id': 131567, 'name': 'cellular organisms'}, {'tax_id': 2759, 'name': 'Eukaryota'}, {'tax_id': 33154, 'name': 'Opisthokonta'}, {'tax_id': 33208, 'name': 'Metazoa'}, {'tax_id': 6072, 'name': 'Eumetazoa'}, {'tax_id': 33213, 'name': 'Bilateria'}, {'tax_id': 33511, 'name': 'Deuterostomia'}, {'tax_id': 7711, 'name': 'Chordata'}, {'tax_id': 89593, 'name': 'Craniata'}, {'tax_id': 7742, 'name': 'Vertebrata'}, {'tax_id': 7776, 'name': 'Gnathostomata'}, {'tax_id': 117570, 'name': 'Teleostomi'}, {'tax_id': 117571, 'name': 'Euteleostomi'}, {'tax_id': 8287, 'name': 'Sarcopterygii'}, {'tax_id': 1338369, 'name': 'Dipnotetrapodomorpha'}, {'tax_id': 32523, 'name': 'Tetrapoda'}, {'tax_id': 32524, 'name': 'Amniota'}, {'tax_id': 40674, 'name': 'Mammalia'}, {'tax_id': 32525, 'name': 'Theria'}, {'tax_id': 9347, 'name': 'Eutheria'}, {'tax_id': 1437010, 'name': 'Boreoeutheria'}, {'tax_id': 314146, 'name': 'Euarchontoglires'}, {'tax_id': 9443, 'name': 'Primates'}, {'tax_id': 376913, 'name': 'Haplorrhini'}, {'tax_id': 314293, 'name': 'Simiiformes'}, {'tax_id': 9526, 'name': 'Catarrhini'}, {'tax_id': 314295, 'name': 'Hominoidea'}, {'tax_id': 9604, 'name': 'Hominidae'}, {'tax_id': 207598, 'name': 'Homininae'}, {'tax_id': 9605, 'name': 'Homo'}, {'tax_id': 9606, 'name': 'Homo sapiens'}]",False,blood,,,True,[],[],,1.0,,,,,,,,,,,,,,
OR964910.1,,GenBank,,,,2023-12-26,,[],1651,complete,"Orthonairovirus haemorrhagiae isolate CCHF/NIHPAK-31/2023 segment S, complete sequence",S,False,Asia,Pakistan,Homo sapiens,"[{'tax_id': 131567, 'name': 'cellular organisms'}, {'tax_id': 2759, 'name': 'Eukaryota'}, {'tax_id': 33154, 'name': 'Opisthokonta'}, {'tax_id': 33208, 'name': 'Metazoa'}, {'tax_id': 6072, 'name': 'Eumetazoa'}, {'tax_id': 33213, 'name': 'Bilateria'}, {'tax_id': 33511, 'name': 'Deuterostomia'}, {'tax_id': 7711, 'name': 'Chordata'}, {'tax_id': 89593, 'name': 'Craniata'}, {'tax_id': 7742, 'name': 'Vertebrata'}, {'tax_id': 7776, 'name': 'Gnathostomata'}, {'tax_id': 117570, 'name': 'Teleostomi'}, {'tax_id': 117571, 'name': 'Euteleostomi'}, {'tax_id': 8287, 'name': 'Sarcopterygii'}, {'tax_id': 1338369, 'name': 'Dipnotetrapodomorpha'}, {'tax_id': 32523, 'name': 'Tetrapoda'}, {'tax_id': 32524, 'name': 'Amniota'}, {'tax_id': 40674, 'name': 'Mammalia'}, {'tax_id': 32525, 'name': 'Theria'}, {'tax_id': 9347, 'name': 'Eutheria'}, {'tax_id': 1437010, 'name': 'Boreoeutheria'}, {'tax_id': 314146, 'name': 'Euarchontoglires'}, {'tax_id': 9443, 'name': 'Primates'}, {'tax_id': 376913, 'name': 'Haplorrhini'}, {'tax_id': 314293, 'name': 'Simiiformes'}, {'tax_id': 9526, 'name': 'Catarrhini'}, {'tax_id': 314295, 'name': 'Hominoidea'}, {'tax_id': 9604, 'name': 'Hominidae'}, {'tax_id': 207598, 'name': 'Homininae'}, {'tax_id': 9605, 'name': 'Homo'}, {'tax_id': 9606, 'name': 'Homo sapiens'}]",False,blood,,,True,[],[],,1.0,,,,,,,,,,,,,,
OQ633004.1,,GenBank,,,,2023-05-30,,[],1449,partial,"Orthonairovirus haemorrhagiae isolate YNDQ-L415G segment S nucleoprotein gene, complete cds",S,False,Asia,China,Capricornis milneedwardsii,"[{'tax_id': 131567, 'name': 'cellular organisms'}, {'tax_id': 2759, 'name': 'Eukaryota'}, {'tax_id': 33154, 'name': 'Opisthokonta'}, {'tax_id': 33208, 'name': 'Metazoa'}, {'tax_id': 6072, 'name': 'Eumetazoa'}, {'tax_id': 33213, 'name': 'Bilateria'}, {'tax_id': 33511, 'name': 'Deuterostomia'}, {'tax_id': 7711, 'name': 'Chordata'}, {'tax_id': 89593, 'name': 'Craniata'}, {'tax_id': 7742, 'name': 'Vertebrata'}, {'tax_id': 7776, 'name': 'Gnathostomata'}, {'tax_id': 117570, 'name': 'Teleostomi'}, {'tax_id': 117571, 'name': 'Euteleostomi'}, {'tax_id': 8287, 'name': 'Sarcopterygii'}, {'tax_id': 1338369, 'name': 'Dipnotetrapodomorpha'}, {'tax_id': 32523, 'name': 'Tetrapoda'}, {'tax_id': 32524, 'name': 'Amniota'}, {'tax_id': 40674, 'name': 'Mammalia'}, {'tax_id': 32525, 'name': 'Theria'}, {'tax_id': 9347, 'name': 'Eutheria'}, {'tax_id': 1437010, 'name': 'Boreoeutheria'}, {'tax_id': 314145, 'name': 'Laurasiatheria'}, {'tax_id': 91561, 'name': 'Artiodactyla'}, {'tax_id': 9845, 'name': 'Ruminantia'}, {'tax_id': 35500, 'name': 'Pecora'}, {'tax_id': 9895, 'name': 'Bovidae'}, {'tax_id': 9963, 'name': 'Caprinae'}, {'tax_id': 9965, 'name': 'Capricornis'}, {'tax_id': 1073286, 'name': 'Capricornis milneedwardsii'}]",False,,,,True,[],[],,1.0,,,,,,,,,,,,,,
OQ441063.1,,GenBank,,,,2023-06-18,,[],1639,complete,"Orthonairovirus haemorrhagiae isolate T-826/Ghana/2020 segment S, complete sequence",S,False,Africa,Ghana: Navrongo,Hyalomma rufipes,"[{'tax_id': 131567, 'name': 'cellular organisms'}, {'tax_id': 2759, 'name': 'Eukaryota'}, {'tax_id': 33154, 'name': 'Opisthokonta'}, {'tax_id': 33208, 'name': 'Metazoa'}, {'tax_id': 6072, 'name': 'Eumetazoa'}, {'tax_id': 33213, 'name': 'Bilateria'}, {'tax_id': 33317, 'name': 'Protostomia'}, {'tax_id': 1206794, 'name': 'Ecdysozoa'}, {'tax_id': 88770, 'name': 'Panarthropoda'}, {'tax_id': 6656, 'name': 'Arthropoda'}, {'tax_id': 6843, 'name': 'Chelicerata'}, {'tax_id': 6854, 'name': 'Arachnida'}, {'tax_id': 6933, 'name': 'Acari'}, {'tax_id': 6934, 'name': 'Parasitiformes'}, {'tax_id': 6935, 'name': 'Ixodida'}, {'tax_id': 297308, 'name': 'Ixodoidea'}, {'tax_id': 6939, 'name': 'Ixodidae'}, {'tax_id': 426438, 'name': 'Hyalomminae'}, {'tax_id': 34625, 'name': 'Hyalomma'}, {'tax_id': 72862, 'name': 'Hyalomma rufipes'}]",False,,,,True,[],[],,1.0,,,,,,,,,,,,,,
OQ441060.1,,GenBank,,,,2023-06-18,,[],1635,complete,"Orthonairovirus haemorrhagiae isolate TK-12/Ghana/2020 segment S, complete sequence",S,False,Africa,Ghana: Navrongo,Hyalomma rufipes,"[{'tax_id': 131567, 'name': 'cellular organisms'}, {'tax_id': 2759, 'name': 'Eukaryota'}, {'tax_id': 33154, 'name': 'Opisthokonta'}, {'tax_id': 33208, 'name': 'Metazoa'}, {'tax_id': 6072, 'name': 'Eumetazoa'}, {'tax_id': 33213, 'name': 'Bilateria'}, {'tax_id': 33317, 'name': 'Protostomia'}, {'tax_id': 1206794, 'name': 'Ecdysozoa'}, {'tax_id': 88770, 'name': 'Panarthropoda'}, {'tax_id': 6656, 'name': 'Arthropoda'}, {'tax_id': 6843, 'name': 'Chelicerata'}, {'tax_id': 6854, 'name': 'Arachnida'}, {'tax_id': 6933, 'name': 'Acari'}, {'tax_id': 6934, 'name': 'Parasitiformes'}, {'tax_id': 6935, 'name': 'Ixodida'}, {'tax_id': 297308, 'name': 'Ixodoidea'}, {'tax_id': 6939, 'name': 'Ixodidae'}, {'tax_id': 426438, 'name': 'Hyalomminae'}, {'tax_id': 34625, 'name': 'Hyalomma'}, {'tax_id': 72862, 'name': 'Hyalomma rufipes'}]",False,,,,True,[],[],,1.0,,,,,,,,,,,,,,
OP432045.1,,GenBank,,,,2023-05-31,,[],1573,partial,"MAG: Crimean-Congo hemorrhagic fever orthonairovirus isolate p58-37 nucleocapsid protein gene, complete cds",,False,Asia,Turkey,Rhipicephalus bursa,"[{'tax_id': 131567, 'name': 'cellular organisms'}, {'tax_id': 2759, 'name': 'Eukaryota'}, {'tax_id': 33154, 'name': 'Opisthokonta'}, {'tax_id': 33208, 'name': 'Metazoa'}, {'tax_id': 6072, 'name': 'Eumetazoa'}, {'tax_id': 33213, 'name': 'Bilateria'}, {'tax_id': 33317, 'name': 'Protostomia'}, {'tax_id': 1206794, 'name': 'Ecdysozoa'}, {'tax_id': 88770, 'name': 'Panarthropoda'}, {'tax_id': 6656, 'name': 'Arthropoda'}, {'tax_id': 6843, 'name': 'Chelicerata'}, {'tax_id': 6854, 'name': 'Arachnida'}, {'tax_id': 6933, 'name': 'Acari'}, {'tax_id': 6934, 'name': 'Parasitiformes'}, {'tax_id': 6935, 'name': 'Ixodida'}, {'tax_id': 297308, 'name': 'Ixodoidea'}, {'tax_id': 6939, 'name': 'Ixodidae'}, {'tax_id': 426437, 'name': 'Rhipicephalinae'}, {'tax_id': 34630, 'name': 'Rhipicephalus'}, {'tax_id': 426455, 'name': 'Rhipicephalus'}, {'tax_id': 67831, 'name': 'Rhipicephalus bursa'}]",False,,,,True,[],[],,1.0,,,,,,,,,,,,,,
OP345194.1,,GenBank,,,,2022-10-02,,[],1449,partial,"Crimean-Congo hemorrhagic fever orthonairovirus isolate NIH-04 segment S nucleoprotein gene, complete cds",S,False,Asia,Pakistan,Homo sapiens,"[{'tax_id': 131567, 'name': 'cellular organisms'}, {'tax_id': 2759, 'name': 'Eukaryota'}, {'tax_id': 33154, 'name': 'Opisthokonta'}, {'tax_id': 33208, 'name': 'Metazoa'}, {'tax_id': 6072, 'name': 'Eumetazoa'}, {'tax_id': 33213, 'name': 'Bilateria'}, {'tax_id': 33511, 'name': 'Deuterostomia'}, {'tax_id': 7711, 'name': 'Chordata'}, {'tax_id': 89593, 'name': 'Craniata'}, {'tax_id': 7742, 'name': 'Vertebrata'}, {'tax_id': 7776, 'name': 'Gnathostomata'}, {'tax_id': 117570, 'name': 'Teleostomi'}, {'tax_id': 117571, 'name': 'Euteleostomi'}, {'tax_id': 8287, 'name': 'Sarcopterygii'}, {'tax_id': 1338369, 'name': 'Dipnotetrapodomorpha'}, {'tax_id': 32523, 'name': 'Tetrapoda'}, {'tax_id': 32524, 'name': 'Amniota'}, {'tax_id': 40674, 'name': 'Mammalia'}, {'tax_id': 32525, 'name': 'Theria'}, {'tax_id': 9347, 'name': 'Eutheria'}, {'tax_id': 1437010, 'name': 'Boreoeutheria'}, {'tax_id': 314146, 'name': 'Euarchontoglires'}, {'tax_id': 9443, 'name': 'Primates'}, {'tax_id': 376913, 'name': 'Haplorrhini'}, {'tax_id': 314293, 'name': 'Simiiformes'}, {'tax_id': 9526, 'name': 'Catarrhini'}, {'tax_id': 314295, 'name': 'Hominoidea'}, {'tax_id': 9604, 'name': 'Hominidae'}, {'tax_id': 207598, 'name': 'Homininae'}, {'tax_id': 9605, 'name': 'Homo'}, {'tax_id': 9606, 'name': 'Homo sapiens'}]",False,blood,,,True,[],[],,1.0,,,,,,,,,,,,,,
OP345191.1,,GenBank,,,,2022-10-02,,[],1449,partial,"Crimean-Congo hemorrhagic fever orthonairovirus isolate NIH-03 segment S nucleoprotein gene, complete cds",S,False,Asia,Pakistan,Homo sapiens,"[{'tax_id': 131567, 'name': 'cellular organisms'}, {'tax_id': 2759, 'name': 'Eukaryota'}, {'tax_id': 33154, 'name': 'Opisthokonta'}, {'tax_id': 33208, 'name': 'Metazoa'}, {'tax_id': 6072, 'name': 'Eumetazoa'}, {'tax_id': 33213, 'name': 'Bilateria'}, {'tax_id': 33511, 'name': 'Deuterostomia'}, {'tax_id': 7711, 'name': 'Chordata'}, {'tax_id': 89593, 'name': 'Craniata'}, {'tax_id': 7742, 'name': 'Vertebrata'}, {'tax_id': 7776, 'name': 'Gnathostomata'}, {'tax_id': 117570, 'name': 'Teleostomi'}, {'tax_id': 117571, 'name': 'Euteleostomi'}, {'tax_id': 8287, 'name': 'Sarcopterygii'}, {'tax_id': 1338369, 'name': 'Dipnotetrapodomorpha'}, {'tax_id': 32523, 'name': 'Tetrapoda'}, {'tax_id': 32524, 'name': 'Amniota'}, {'tax_id': 40674, 'name': 'Mammalia'}, {'tax_id': 32525, 'name': 'Theria'}, {'tax_id': 9347, 'name': 'Eutheria'}, {'tax_id': 1437010, 'name': 'Boreoeutheria'}, {'tax_id': 314146, 'name': 'Euarchontoglires'}, {'tax_id': 9443, 'name': 'Primates'}, {'tax_id': 376913, 'name': 'Haplorrhini'}, {'tax_id': 314293, 'name': 'Simiiformes'}, {'tax_id': 9526, 'name': 'Catarrhini'}, {'tax_id': 314295, 'name': 'Hominoidea'}, {'tax_id': 9604, 'name': 'Hominidae'}, {'tax_id': 207598, 'name': 'Homininae'}, {'tax_id': 9605, 'name': 'Homo'}, {'tax_id': 9606, 'name': 'Homo sapiens'}]",False,blood,,,True,[],[],,1.0,,,,,,,,,,,,,,
OP345188.1,,GenBank,,,,2022-10-02,,[],1449,partial,"Crimean-Congo hemorrhagic fever orthonairovirus isolate NIH-02 segment S nucleoprotein gene, complete cds",S,False,Asia,Pakistan,Homo sapiens,"[{'tax_id': 131567, 'name': 'cellular organisms'}, {'tax_id': 2759, 'name': 'Eukaryota'}, {'tax_id': 33154, 'name': 'Opisthokonta'}, {'tax_id': 33208, 'name': 'Metazoa'}, {'tax_id': 6072, 'name': 'Eumetazoa'}, {'tax_id': 33213, 'name': 'Bilateria'}, {'tax_id': 33511, 'name': 'Deuterostomia'}, {'tax_id': 7711, 'name': 'Chordata'}, {'tax_id': 89593, 'name': 'Craniata'}, {'tax_id': 7742, 'name': 'Vertebrata'}, {'tax_id': 7776, 'name': 'Gnathostomata'}, {'tax_id': 117570, 'name': 'Teleostomi'}, {'tax_id': 117571, 'name': 'Euteleostomi'}, {'tax_id': 8287, 'name': 'Sarcopterygii'}, {'tax_id': 1338369, 'name': 'Dipnotetrapodomorpha'}, {'tax_id': 32523, 'name': 'Tetrapoda'}, {'tax_id': 32524, 'name': 'Amniota'}, {'tax_id': 40674, 'name': 'Mammalia'}, {'tax_id': 32525, 'name': 'Theria'}, {'tax_id': 9347, 'name': 'Eutheria'}, {'tax_id': 1437010, 'name': 'Boreoeutheria'}, {'tax_id': 314146, 'name': 'Euarchontoglires'}, {'tax_id': 9443, 'name': 'Primates'}, {'tax_id': 376913, 'name': 'Haplorrhini'}, {'tax_id': 314293, 'name': 'Simiiformes'}, {'tax_id': 9526, 'name': 'Catarrhini'}, {'tax_id': 314295, 'name': 'Hominoidea'}, {'tax_id': 9604, 'name': 'Hominidae'}, {'tax_id': 207598, 'name': 'Homininae'}, {'tax_id': 9605, 'name': 'Homo'}, {'tax_id': 9606, 'name': 'Homo sapiens'}]",False,blood,,,True,[],[],,1.0,,,,,,,,,,,,,,
ON254100.1,,GenBank,,,,2023-02-01,,[],1673,complete,"Crimean-Congo hemorrhagic fever orthonairovirus isolate TR-SIVAS-C26M-2021 segment S, complete sequence",S,False,Asia,Turkey,Homo sapiens,"[{'tax_id': 131567, 'name': 'cellular organisms'}, {'tax_id': 2759, 'name': 'Eukaryota'}, {'tax_id': 33154, 'name': 'Opisthokonta'}, {'tax_id': 33208, 'name': 'Metazoa'}, {'tax_id': 6072, 'name': 'Eumetazoa'}, {'tax_id': 33213, 'name': 'Bilateria'}, {'tax_id': 33511, 'name': 'Deuterostomia'}, {'tax_id': 7711, 'name': 'Chordata'}, {'tax_id': 89593, 'name': 'Craniata'}, {'tax_id': 7742, 'name': 'Vertebrata'}, {'tax_id': 7776, 'name': 'Gnathostomata'}, {'tax_id': 117570, 'name': 'Teleostomi'}, {'tax_id': 117571, 'name': 'Euteleostomi'}, {'tax_id': 8287, 'name': 'Sarcopterygii'}, {'tax_id': 1338369, 'name': 'Dipnotetrapodomorpha'}, {'tax_id': 32523, 'name': 'Tetrapoda'}, {'tax_id': 32524, 'name': 'Amniota'}, {'tax_id': 40674, 'name': 'Mammalia'}, {'tax_id': 32525, 'name': 'Theria'}, {'tax_id': 9347, 'name': 'Eutheria'}, {'tax_id': 1437010, 'name': 'Boreoeutheria'}, {'tax_id': 314146, 'name': 'Euarchontoglires'}, {'tax_id': 9443, 'name': 'Primates'}, {'tax_id': 376913, 'name': 'Haplorrhini'}, {'tax_id': 314293, 'name': 'Simiiformes'}, {'tax_id': 9526, 'name': 'Catarrhini'}, {'tax_id': 314295, 'name': 'Hominoidea'}, {'tax_id': 9604, 'name': 'Hominidae'}, {'tax_id': 207598, 'name': 'Homininae'}, {'tax_id': 9605, 'name': 'Homo'}, {'tax_id': 9606, 'name': 'Homo sapiens'}]",False,blood,,,True,[],[],,1.0,,,,,,,,,,,,,,
ON254099.1,,GenBank,,,,2023-02-01,,[],1673,complete,"Crimean-Congo hemorrhagic fever orthonairovirus isolate TR-GIRESUN-C4M-2021 segment S, complete sequence",S,False,Asia,Turkey,Homo sapiens,"[{'tax_id': 131567, 'name': 'cellular organisms'}, {'tax_id': 2759, 'name': 'Eukaryota'}, {'tax_id': 33154, 'name': 'Opisthokonta'}, {'tax_id': 33208, 'name': 'Metazoa'}, {'tax_id': 6072, 'name': 'Eumetazoa'}, {'tax_id': 33213, 'name': 'Bilateria'}, {'tax_id': 33511, 'name': 'Deuterostomia'}, {'tax_id': 7711, 'name': 'Chordata'}, {'tax_id': 89593, 'name': 'Craniata'}, {'tax_id': 7742, 'name': 'Vertebrata'}, {'tax_id': 7776, 'name': 'Gnathostomata'}, {'tax_id': 117570, 'name': 'Teleostomi'}, {'tax_id': 117571, 'name': 'Euteleostomi'}, {'tax_id': 8287, 'name': 'Sarcopterygii'}, {'tax_id': 1338369, 'name': 'Dipnotetrapodomorpha'}, {'tax_id': 32523, 'name': 'Tetrapoda'}, {'tax_id': 32524, 'name': 'Amniota'}, {'tax_id': 40674, 'name': 'Mammalia'}, {'tax_id': 32525, 'name': 'Theria'}, {'tax_id': 9347, 'name': 'Eutheria'}, {'tax_id': 1437010, 'name': 'Boreoeutheria'}, {'tax_id': 314146, 'name': 'Euarchontoglires'}, {'tax_id': 9443, 'name': 'Primates'}, {'tax_id': 376913, 'name': 'Haplorrhini'}, {'tax_id': 314293, 'name': 'Simiiformes'}, {'tax_id': 9526, 'name': 'Catarrhini'}, {'tax_id': 314295, 'name': 'Hominoidea'}, {'tax_id': 9604, 'name': 'Hominidae'}, {'tax_id': 207598, 'name': 'Homininae'}, {'tax_id': 9605, 'name': 'Homo'}, {'tax_id': 9606, 'name': 'Homo sapiens'}]",False,blood,,,True,[],[],,1.0,,,,,,,,,,,,,,
ON254098.1,,GenBank,,,,2023-02-01,,[],1673,complete,"Crimean-Congo hemorrhagic fever orthonairovirus isolate TR-SIVAS-C6M-2021 segment S, complete sequence",S,False,Asia,Turkey,Homo sapiens,"[{'tax_id': 131567, 'name': 'cellular organisms'}, {'tax_id': 2759, 'name': 'Eukaryota'}, {'tax_id': 33154, 'name': 'Opisthokonta'}, {'tax_id': 33208, 'name': 'Metazoa'}, {'tax_id': 6072, 'name': 'Eumetazoa'}, {'tax_id': 33213, 'name': 'Bilateria'}, {'tax_id': 33511, 'name': 'Deuterostomia'}, {'tax_id': 7711, 'name': 'Chordata'}, {'tax_id': 89593, 'name': 'Craniata'}, {'tax_id': 7742, 'name': 'Vertebrata'}, {'tax_id': 7776, 'name': 'Gnathostomata'}, {'tax_id': 117570, 'name': 'Teleostomi'}, {'tax_id': 117571, 'name': 'Euteleostomi'}, {'tax_id': 8287, 'name': 'Sarcopterygii'}, {'tax_id': 1338369, 'name': 'Dipnotetrapodomorpha'}, {'tax_id': 32523, 'name': 'Tetrapoda'}, {'tax_id': 32524, 'name': 'Amniota'}, {'tax_id': 40674, 'name': 'Mammalia'}, {'tax_id': 32525, 'name': 'Theria'}, {'tax_id': 9347, 'name': 'Eutheria'}, {'tax_id': 1437010, 'name': 'Boreoeutheria'}, {'tax_id': 314146, 'name': 'Euarchontoglires'}, {'tax_id': 9443, 'name': 'Primates'}, {'tax_id': 376913, 'name': 'Haplorrhini'}, {'tax_id': 314293, 'name': 'Simiiformes'}, {'tax_id': 9526, 'name': 'Catarrhini'}, {'tax_id': 314295, 'name': 'Hominoidea'}, {'tax_id': 9604, 'name': 'Hominidae'}, {'tax_id': 207598, 'name': 'Homininae'}, {'tax_id': 9605, 'name': 'Homo'}, {'tax_id': 9606, 'name': 'Homo sapiens'}]",False,blood,,,True,[],[],,1.0,,,,,,,,,,,,,,
ON254097.1,,GenBank,,,,2023-02-01,,[],1673,complete,"Crimean-Congo hemorrhagic fever orthonairovirus isolate TR-SIVAS-C27M-2021 segment S, complete sequence",S,False,Asia,Turkey,Homo sapiens,"[{'tax_id': 131567, 'name': 'cellular organisms'}, {'tax_id': 2759, 'name': 'Eukaryota'}, {'tax_id': 33154, 'name': 'Opisthokonta'}, {'tax_id': 33208, 'name': 'Metazoa'}, {'tax_id': 6072, 'name': 'Eumetazoa'}, {'tax_id': 33213, 'name': 'Bilateria'}, {'tax_id': 33511, 'name': 'Deuterostomia'}, {'tax_id': 7711, 'name': 'Chordata'}, {'tax_id': 89593, 'name': 'Craniata'}, {'tax_id': 7742, 'name': 'Vertebrata'}, {'tax_id': 7776, 'name': 'Gnathostomata'}, {'tax_id': 117570, 'name': 'Teleostomi'}, {'tax_id': 117571, 'name': 'Euteleostomi'}, {'tax_id': 8287, 'name': 'Sarcopterygii'}, {'tax_id': 1338369, 'name': 'Dipnotetrapodomorpha'}, {'tax_id': 32523, 'name': 'Tetrapoda'}, {'tax_id': 32524, 'name': 'Amniota'}, {'tax_id': 40674, 'name': 'Mammalia'}, {'tax_id': 32525, 'name': 'Theria'}, {'tax_id': 9347, 'name': 'Eutheria'}, {'tax_id': 1437010, 'name': 'Boreoeutheria'}, {'tax_id': 314146, 'name': 'Euarchontoglires'}, {'tax_id': 9443, 'name': 'Primates'}, {'tax_id': 376913, 'name': 'Haplorrhini'}, {'tax_id': 314293, 'name': 'Simiiformes'}, {'tax_id': 9526, 'name': 'Catarrhini'}, {'tax_id': 314295, 'name': 'Hominoidea'}, {'tax_id': 9604, 'name': 'Hominidae'}, {'tax_id': 207598, 'name': 'Homininae'}, {'tax_id': 9605, 'name': 'Homo'}, {'tax_id': 9606, 'name': 'Homo sapiens'}]",False,blood,,,True,[],[],,1.0,,,,,,,,,,,,,,
ON254096.1,,GenBank,,,,2023-02-01,,[],1673,complete,"Crimean-Congo hemorrhagic fever orthonairovirus isolate TR-SIVAS-C24M-2021 segment S, complete sequence",S,False,Asia,Turkey,Homo sapiens,"[{'tax_id': 131567, 'name': 'cellular organisms'}, {'tax_id': 2759, 'name': 'Eukaryota'}, {'tax_id': 33154, 'name': 'Opisthokonta'}, {'tax_id': 33208, 'name': 'Metazoa'}, {'tax_id': 6072, 'name': 'Eumetazoa'}, {'tax_id': 33213, 'name': 'Bilateria'}, {'tax_id': 33511, 'name': 'Deuterostomia'}, {'tax_id': 7711, 'name': 'Chordata'}, {'tax_id': 89593, 'name': 'Craniata'}, {'tax_id': 7742, 'name': 'Vertebrata'}, {'tax_id': 7776, 'name': 'Gnathostomata'}, {'tax_id': 117570, 'name': 'Teleostomi'}, {'tax_id': 117571, 'name': 'Euteleostomi'}, {'tax_id': 8287, 'name': 'Sarcopterygii'}, {'tax_id': 1338369, 'name': 'Dipnotetrapodomorpha'}, {'tax_id': 32523, 'name': 'Tetrapoda'}, {'tax_id': 32524, 'name': 'Amniota'}, {'tax_id': 40674, 'name': 'Mammalia'}, {'tax_id': 32525, 'name': 'Theria'}, {'tax_id': 9347, 'name': 'Eutheria'}, {'tax_id': 1437010, 'name': 'Boreoeutheria'}, {'tax_id': 314146, 'name': 'Euarchontoglires'}, {'tax_id': 9443, 'name': 'Primates'}, {'tax_id': 376913, 'name': 'Haplorrhini'}, {'tax_id': 314293, 'name': 'Simiiformes'}, {'tax_id': 9526, 'name': 'Catarrhini'}, {'tax_id': 314295, 'name': 'Hominoidea'}, {'tax_id': 9604, 'name': 'Hominidae'}, {'tax_id': 207598, 'name': 'Homininae'}, {'tax_id': 9605, 'name': 'Homo'}, {'tax_id': 9606, 'name': 'Homo sapiens'}]",False,blood,,,True,[],[],,1.0,,,,,,,,,,,,,,
ON254095.1,,GenBank,,,,2023-02-01,,[],1673,complete,"Crimean-Congo hemorrhagic fever orthonairovirus isolate TR-SIVAS-C22M-2021 segment S, complete sequence",S,False,Asia,Turkey,Homo sapiens,"[{'tax_id': 131567, 'name': 'cellular organisms'}, {'tax_id': 2759, 'name': 'Eukaryota'}, {'tax_id': 33154, 'name': 'Opisthokonta'}, {'tax_id': 33208, 'name': 'Metazoa'}, {'tax_id': 6072, 'name': 'Eumetazoa'}, {'tax_id': 33213, 'name': 'Bilateria'}, {'tax_id': 33511, 'name': 'Deuterostomia'}, {'tax_id': 7711, 'name': 'Chordata'}, {'tax_id': 89593, 'name': 'Craniata'}, {'tax_id': 7742, 'name': 'Vertebrata'}, {'tax_id': 7776, 'name': 'Gnathostomata'}, {'tax_id': 117570, 'name': 'Teleostomi'}, {'tax_id': 117571, 'name': 'Euteleostomi'}, {'tax_id': 8287, 'name': 'Sarcopterygii'}, {'tax_id': 1338369, 'name': 'Dipnotetrapodomorpha'}, {'tax_id': 32523, 'name': 'Tetrapoda'}, {'tax_id': 32524, 'name': 'Amniota'}, {'tax_id': 40674, 'name': 'Mammalia'}, {'tax_id': 32525, 'name': 'Theria'}, {'tax_id': 9347, 'name': 'Eutheria'}, {'tax_id': 1437010, 'name': 'Boreoeutheria'}, {'tax_id': 314146, 'name': 'Euarchontoglires'}, {'tax_id': 9443, 'name': 'Primates'}, {'tax_id': 376913, 'name': 'Haplorrhini'}, {'tax_id': 314293, 'name': 'Simiiformes'}, {'tax_id': 9526, 'name': 'Catarrhini'}, {'tax_id': 314295, 'name': 'Hominoidea'}, {'tax_id': 9604, 'name': 'Hominidae'}, {'tax_id': 207598, 'name': 'Homininae'}, {'tax_id': 9605, 'name': 'Homo'}, {'tax_id': 9606, 'name': 'Homo sapiens'}]",False,blood,,,True,[],[],,1.0,,,,,,,,,,,,,,
ON209431.1,,GenBank,,,,2023-01-31,,[],1673,partial,"Crimean-Congo hemorrhagic fever orthonairovirus isolate TR-SIVAS-C21F-2021 nucleoprotein gene, complete cds",S,False,Asia,Turkey,Homo sapiens,"[{'tax_id': 131567, 'name': 'cellular organisms'}, {'tax_id': 2759, 'name': 'Eukaryota'}, {'tax_id': 33154, 'name': 'Opisthokonta'}, {'tax_id': 33208, 'name': 'Metazoa'}, {'tax_id': 6072, 'name': 'Eumetazoa'}, {'tax_id': 33213, 'name': 'Bilateria'}, {'tax_id': 33511, 'name': 'Deuterostomia'}, {'tax_id': 7711, 'name': 'Chordata'}, {'tax_id': 89593, 'name': 'Craniata'}, {'tax_id': 7742, 'name': 'Vertebrata'}, {'tax_id': 7776, 'name': 'Gnathostomata'}, {'tax_id': 117570, 'name': 'Teleostomi'}, {'tax_id': 117571, 'name': 'Euteleostomi'}, {'tax_id': 8287, 'name': 'Sarcopterygii'}, {'tax_id': 1338369, 'name': 'Dipnotetrapodomorpha'}, {'tax_id': 32523, 'name': 'Tetrapoda'}, {'tax_id': 32524, 'name': 'Amniota'}, {'tax_id': 40674, 'name': 'Mammalia'}, {'tax_id': 32525, 'name': 'Theria'}, {'tax_id': 9347, 'name': 'Eutheria'}, {'tax_id': 1437010, 'name': 'Boreoeutheria'}, {'tax_id': 314146, 'name': 'Euarchontoglires'}, {'tax_id': 9443, 'name': 'Primates'}, {'tax_id': 376913, 'name': 'Haplorrhini'}, {'tax_id': 314293, 'name': 'Simiiformes'}, {'tax_id': 9526, 'name': 'Catarrhini'}, {'tax_id': 314295, 'name': 'Hominoidea'}, {'tax_id': 9604, 'name': 'Hominidae'}, {'tax_id': 207598, 'name': 'Homininae'}, {'tax_id': 9605, 'name': 'Homo'}, {'tax_id': 9606, 'name': 'Homo sapiens'}]",False,blood,,,True,[],[],,1.0,,,,,,,,,,,,,,
ON209430.1,,GenBank,,,,2023-01-31,,[],1673,partial,"Crimean-Congo hemorrhagic fever orthonairovirus isolate TR-SIVAS-C18F-2021 nucleoprotein gene, complete cds",S,False,Asia,Turkey,Homo sapiens,"[{'tax_id': 131567, 'name': 'cellular organisms'}, {'tax_id': 2759, 'name': 'Eukaryota'}, {'tax_id': 33154, 'name': 'Opisthokonta'}, {'tax_id': 33208, 'name': 'Metazoa'}, {'tax_id': 6072, 'name': 'Eumetazoa'}, {'tax_id': 33213, 'name': 'Bilateria'}, {'tax_id': 33511, 'name': 'Deuterostomia'}, {'tax_id': 7711, 'name': 'Chordata'}, {'tax_id': 89593, 'name': 'Craniata'}, {'tax_id': 7742, 'name': 'Vertebrata'}, {'tax_id': 7776, 'name': 'Gnathostomata'}, {'tax_id': 117570, 'name': 'Teleostomi'}, {'tax_id': 117571, 'name': 'Euteleostomi'}, {'tax_id': 8287, 'name': 'Sarcopterygii'}, {'tax_id': 1338369, 'name': 'Dipnotetrapodomorpha'}, {'tax_id': 32523, 'name': 'Tetrapoda'}, {'tax_id': 32524, 'name': 'Amniota'}, {'tax_id': 40674, 'name': 'Mammalia'}, {'tax_id': 32525, 'name': 'Theria'}, {'tax_id': 9347, 'name': 'Eutheria'}, {'tax_id': 1437010, 'name': 'Boreoeutheria'}, {'tax_id': 314146, 'name': 'Euarchontoglires'}, {'tax_id': 9443, 'name': 'Primates'}, {'tax_id': 376913, 'name': 'Haplorrhini'}, {'tax_id': 314293, 'name': 'Simiiformes'}, {'tax_id': 9526, 'name': 'Catarrhini'}, {'tax_id': 314295, 'name': 'Hominoidea'}, {'tax_id': 9604, 'name': 'Hominidae'}, {'tax_id': 207598, 'name': 'Homininae'}, {'tax_id': 9605, 'name': 'Homo'}, {'tax_id': 9606, 'name': 'Homo sapiens'}]",False,blood,,,True,[],[],,1.0,,,,,,,,,,,,,,
ON191019.1,,GenBank,,,,2023-02-13,,[],1673,partial,"Orthonairovirus haemorrhagiae isolate TR-SIVAS-C14M-2021 nucleoprotein gene, complete cds",S,False,Asia,Turkey,Homo sapiens,"[{'tax_id': 131567, 'name': 'cellular organisms'}, {'tax_id': 2759, 'name': 'Eukaryota'}, {'tax_id': 33154, 'name': 'Opisthokonta'}, {'tax_id': 33208, 'name': 'Metazoa'}, {'tax_id': 6072, 'name': 'Eumetazoa'}, {'tax_id': 33213, 'name': 'Bilateria'}, {'tax_id': 33511, 'name': 'Deuterostomia'}, {'tax_id': 7711, 'name': 'Chordata'}, {'tax_id': 89593, 'name': 'Craniata'}, {'tax_id': 7742, 'name': 'Vertebrata'}, {'tax_id': 7776, 'name': 'Gnathostomata'}, {'tax_id': 117570, 'name': 'Teleostomi'}, {'tax_id': 117571, 'name': 'Euteleostomi'}, {'tax_id': 8287, 'name': 'Sarcopterygii'}, {'tax_id': 1338369, 'name': 'Dipnotetrapodomorpha'}, {'tax_id': 32523, 'name': 'Tetrapoda'}, {'tax_id': 32524, 'name': 'Amniota'}, {'tax_id': 40674, 'name': 'Mammalia'}, {'tax_id': 32525, 'name': 'Theria'}, {'tax_id': 9347, 'name': 'Eutheria'}, {'tax_id': 1437010, 'name': 'Boreoeutheria'}, {'tax_id': 314146, 'name': 'Euarchontoglires'}, {'tax_id': 9443, 'name': 'Primates'}, {'tax_id': 376913, 'name': 'Haplorrhini'}, {'tax_id': 314293, 'name': 'Simiiformes'}, {'tax_id': 9526, 'name': 'Catarrhini'}, {'tax_id': 314295, 'name': 'Hominoidea'}, {'tax_id': 9604, 'name': 'Hominidae'}, {'tax_id': 207598, 'name': 'Homininae'}, {'tax_id': 9605, 'name': 'Homo'}, {'tax_id': 9606, 'name': 'Homo sapiens'}]",False,blood,,,True,[],[],,1.0,,,,,,,,,,,,,,
ON191017.1,,GenBank,,,,2023-02-13,,[],1673,partial,"Orthonairovirus haemorrhagiae isolate TR-SIVAS-C5F-2021 nucleoprotein gene, complete cds",S,False,Asia,Turkey,Homo sapiens,"[{'tax_id': 131567, 'name': 'cellular organisms'}, {'tax_id': 2759, 'name': 'Eukaryota'}, {'tax_id': 33154, 'name': 'Opisthokonta'}, {'tax_id': 33208, 'name': 'Metazoa'}, {'tax_id': 6072, 'name': 'Eumetazoa'}, {'tax_id': 33213, 'name': 'Bilateria'}, {'tax_id': 33511, 'name': 'Deuterostomia'}, {'tax_id': 7711, 'name': 'Chordata'}, {'tax_id': 89593, 'name': 'Craniata'}, {'tax_id': 7742, 'name': 'Vertebrata'}, {'tax_id': 7776, 'name': 'Gnathostomata'}, {'tax_id': 117570, 'name': 'Teleostomi'}, {'tax_id': 117571, 'name': 'Euteleostomi'}, {'tax_id': 8287, 'name': 'Sarcopterygii'}, {'tax_id': 1338369, 'name': 'Dipnotetrapodomorpha'}, {'tax_id': 32523, 'name': 'Tetrapoda'}, {'tax_id': 32524, 'name': 'Amniota'}, {'tax_id': 40674, 'name': 'Mammalia'}, {'tax_id': 32525, 'name': 'Theria'}, {'tax_id': 9347, 'name': 'Eutheria'}, {'tax_id': 1437010, 'name': 'Boreoeutheria'}, {'tax_id': 314146, 'name': 'Euarchontoglires'}, {'tax_id': 9443, 'name': 'Primates'}, {'tax_id': 376913, 'name': 'Haplorrhini'}, {'tax_id': 314293, 'name': 'Simiiformes'}, {'tax_id': 9526, 'name': 'Catarrhini'}, {'tax_id': 314295, 'name': 'Hominoidea'}, {'tax_id': 9604, 'name': 'Hominidae'}, {'tax_id': 207598, 'name': 'Homininae'}, {'tax_id': 9605, 'name': 'Homo'}, {'tax_id': 9606, 'name': 'Homo sapiens'}]",False,blood,,,True,[],[],,1.0,,,,,,,,,,,,,,
ON142179.1,,GenBank,,,,2023-01-25,,[],1673,complete,"Orthonairovirus haemorrhagiae isolate TR-SIVAS-C3M-2021 segment S, complete sequence",S,False,Asia,Turkey,Homo sapiens,"[{'tax_id': 131567, 'name': 'cellular organisms'}, {'tax_id': 2759, 'name': 'Eukaryota'}, {'tax_id': 33154, 'name': 'Opisthokonta'}, {'tax_id': 33208, 'name': 'Metazoa'}, {'tax_id': 6072, 'name': 'Eumetazoa'}, {'tax_id': 33213, 'name': 'Bilateria'}, {'tax_id': 33511, 'name': 'Deuterostomia'}, {'tax_id': 7711, 'name': 'Chordata'}, {'tax_id': 89593, 'name': 'Craniata'}, {'tax_id': 7742, 'name': 'Vertebrata'}, {'tax_id': 7776, 'name': 'Gnathostomata'}, {'tax_id': 117570, 'name': 'Teleostomi'}, {'tax_id': 117571, 'name': 'Euteleostomi'}, {'tax_id': 8287, 'name': 'Sarcopterygii'}, {'tax_id': 1338369, 'name': 'Dipnotetrapodomorpha'}, {'tax_id': 32523, 'name': 'Tetrapoda'}, {'tax_id': 32524, 'name': 'Amniota'}, {'tax_id': 40674, 'name': 'Mammalia'}, {'tax_id': 32525, 'name': 'Theria'}, {'tax_id': 9347, 'name': 'Eutheria'}, {'tax_id': 1437010, 'name': 'Boreoeutheria'}, {'tax_id': 314146, 'name': 'Euarchontoglires'}, {'tax_id': 9443, 'name': 'Primates'}, {'tax_id': 376913, 'name': 'Haplorrhini'}, {'tax_id': 314293, 'name': 'Simiiformes'}, {'tax_id': 9526, 'name': 'Catarrhini'}, {'tax_id': 314295, 'name': 'Hominoidea'}, {'tax_id': 9604, 'name': 'Hominidae'}, {'tax_id': 207598, 'name': 'Homininae'}, {'tax_id': 9605, 'name': 'Homo'}, {'tax_id': 9606, 'name': 'Homo sapiens'}]",False,blood,,,True,[],[],,1.0,,,,,,,,,,,,,,
ON142178.1,,GenBank,,,,2023-01-25,,[],1673,complete,"Orthonairovirus haemorrhagiae isolate TR-SIVAS-C2M-2021 segment S, complete sequence",S,False,Asia,Turkey,Homo sapiens,"[{'tax_id': 131567, 'name': 'cellular organisms'}, {'tax_id': 2759, 'name': 'Eukaryota'}, {'tax_id': 33154, 'name': 'Opisthokonta'}, {'tax_id': 33208, 'name': 'Metazoa'}, {'tax_id': 6072, 'name': 'Eumetazoa'}, {'tax_id': 33213, 'name': 'Bilateria'}, {'tax_id': 33511, 'name': 'Deuterostomia'}, {'tax_id': 7711, 'name': 'Chordata'}, {'tax_id': 89593, 'name': 'Craniata'}, {'tax_id': 7742, 'name': 'Vertebrata'}, {'tax_id': 7776, 'name': 'Gnathostomata'}, {'tax_id': 117570, 'name': 'Teleostomi'}, {'tax_id': 117571, 'name': 'Euteleostomi'}, {'tax_id': 8287, 'name': 'Sarcopterygii'}, {'tax_id': 1338369, 'name': 'Dipnotetrapodomorpha'}, {'tax_id': 32523, 'name': 'Tetrapoda'}, {'tax_id': 32524, 'name': 'Amniota'}, {'tax_id': 40674, 'name': 'Mammalia'}, {'tax_id': 32525, 'name': 'Theria'}, {'tax_id': 9347, 'name': 'Eutheria'}, {'tax_id': 1437010, 'name': 'Boreoeutheria'}, {'tax_id': 314146, 'name': 'Euarchontoglires'}, {'tax_id': 9443, 'name': 'Primates'}, {'tax_id': 376913, 'name': 'Haplorrhini'}, {'tax_id': 314293, 'name': 'Simiiformes'}, {'tax_id': 9526, 'name': 'Catarrhini'}, {'tax_id': 314295, 'name': 'Hominoidea'}, {'tax_id': 9604, 'name': 'Hominidae'}, {'tax_id': 207598, 'name': 'Homininae'}, {'tax_id': 9605, 'name': 'Homo'}, {'tax_id': 9606, 'name': 'Homo sapiens'}]",False,blood,,,True,[],[],,1.0,,,,,,,,,,,,,,
OM162130.1,,GenBank,,,,2024-07-26,,[],1609,partial,"Orthonairovirus haemorrhagiae isolate 202101510_CCHF100|Pakistan:Peshawar|2020 nucleocapsid protein gene, complete cds",S,False,Asia,Pakistan,Homo sapiens,"[{'tax_id': 131567, 'name': 'cellular organisms'}, {'tax_id': 2759, 'name': 'Eukaryota'}, {'tax_id': 33154, 'name': 'Opisthokonta'}, {'tax_id': 33208, 'name': 'Metazoa'}, {'tax_id': 6072, 'name': 'Eumetazoa'}, {'tax_id': 33213, 'name': 'Bilateria'}, {'tax_id': 33511, 'name': 'Deuterostomia'}, {'tax_id': 7711, 'name': 'Chordata'}, {'tax_id': 89593, 'name': 'Craniata'}, {'tax_id': 7742, 'name': 'Vertebrata'}, {'tax_id': 7776, 'name': 'Gnathostomata'}, {'tax_id': 117570, 'name': 'Teleostomi'}, {'tax_id': 117571, 'name': 'Euteleostomi'}, {'tax_id': 8287, 'name': 'Sarcopterygii'}, {'tax_id': 1338369, 'name': 'Dipnotetrapodomorpha'}, {'tax_id': 32523, 'name': 'Tetrapoda'}, {'tax_id': 32524, 'name': 'Amniota'}, {'tax_id': 40674, 'name': 'Mammalia'}, {'tax_id': 32525, 'name': 'Theria'}, {'tax_id': 9347, 'name': 'Eutheria'}, {'tax_id': 1437010, 'name': 'Boreoeutheria'}, {'tax_id': 314146, 'name': 'Euarchontoglires'}, {'tax_id': 9443, 'name': 'Primates'}, {'tax_id': 376913, 'name': 'Haplorrhini'}, {'tax_id': 314293, 'name': 'Simiiformes'}, {'tax_id': 9526, 'name': 'Catarrhini'}, {'tax_id': 314295, 'name': 'Hominoidea'}, {'tax_id': 9604, 'name': 'Hominidae'}, {'tax_id': 207598, 'name': 'Homininae'}, {'tax_id': 9605, 'name': 'Homo'}, {'tax_id': 9606, 'name': 'Homo sapiens'}]",False,,,,True,[],[],,1.0,,,,,,,,,,,,,,
OM162127.1,,GenBank,,,,2024-07-26,,[],1638,partial,"Orthonairovirus haemorrhagiae isolate 202101509_CCHF99|Pakistan:Wah Cant|2020 nucleocapsid protein gene, complete cds",S,False,Asia,Pakistan,Homo sapiens,"[{'tax_id': 131567, 'name': 'cellular organisms'}, {'tax_id': 2759, 'name': 'Eukaryota'}, {'tax_id': 33154, 'name': 'Opisthokonta'}, {'tax_id': 33208, 'name': 'Metazoa'}, {'tax_id': 6072, 'name': 'Eumetazoa'}, {'tax_id': 33213, 'name': 'Bilateria'}, {'tax_id': 33511, 'name': 'Deuterostomia'}, {'tax_id': 7711, 'name': 'Chordata'}, {'tax_id': 89593, 'name': 'Craniata'}, {'tax_id': 7742, 'name': 'Vertebrata'}, {'tax_id': 7776, 'name': 'Gnathostomata'}, {'tax_id': 117570, 'name': 'Teleostomi'}, {'tax_id': 117571, 'name': 'Euteleostomi'}, {'tax_id': 8287, 'name': 'Sarcopterygii'}, {'tax_id': 1338369, 'name': 'Dipnotetrapodomorpha'}, {'tax_id': 32523, 'name': 'Tetrapoda'}, {'tax_id': 32524, 'name': 'Amniota'}, {'tax_id': 40674, 'name': 'Mammalia'}, {'tax_id': 32525, 'name': 'Theria'}, {'tax_id': 9347, 'name': 'Eutheria'}, {'tax_id': 1437010, 'name': 'Boreoeutheria'}, {'tax_id': 314146, 'name': 'Euarchontoglires'}, {'tax_id': 9443, 'name': 'Primates'}, {'tax_id': 376913, 'name': 'Haplorrhini'}, {'tax_id': 314293, 'name': 'Simiiformes'}, {'tax_id': 9526, 'name': 'Catarrhini'}, {'tax_id': 314295, 'name': 'Hominoidea'}, {'tax_id': 9604, 'name': 'Hominidae'}, {'tax_id': 207598, 'name': 'Homininae'}, {'tax_id': 9605, 'name': 'Homo'}, {'tax_id': 9606, 'name': 'Homo sapiens'}]",False,,,,True,[],[],,1.0,,,,,,,,,,,,,,
MW058030.1,,GenBank,,,,2021-01-09,,[],1623,partial,"Orthonairovirus haemorrhagiae strain MA/CCHFV nucleoprotein gene, complete cds",S,False,North America,USA,Mus musculus,"[{'tax_id': 131567, 'name': 'cellular organisms'}, {'tax_id': 2759, 'name': 'Eukaryota'}, {'tax_id': 33154, 'name': 'Opisthokonta'}, {'tax_id': 33208, 'name': 'Metazoa'}, {'tax_id': 6072, 'name': 'Eumetazoa'}, {'tax_id': 33213, 'name': 'Bilateria'}, {'tax_id': 33511, 'name': 'Deuterostomia'}, {'tax_id': 7711, 'name': 'Chordata'}, {'tax_id': 89593, 'name': 'Craniata'}, {'tax_id': 7742, 'name': 'Vertebrata'}, {'tax_id': 7776, 'name': 'Gnathostomata'}, {'tax_id': 117570, 'name': 'Teleostomi'}, {'tax_id': 117571, 'name': 'Euteleostomi'}, {'tax_id': 8287, 'name': 'Sarcopterygii'}, {'tax_id': 1338369, 'name': 'Dipnotetrapodomorpha'}, {'tax_id': 32523, 'name': 'Tetrapoda'}, {'tax_id': 32524, 'name': 'Amniota'}, {'tax_id': 40674, 'name': 'Mammalia'}, {'tax_id': 32525, 'name': 'Theria'}, {'tax_id': 9347, 'name': 'Eutheria'}, {'tax_id': 1437010, 'name': 'Boreoeutheria'}, {'tax_id': 314146, 'name': 'Euarchontoglires'}, {'tax_id': 314147, 'name': 'Glires'}, {'tax_id': 9989, 'name': 'Rodentia'}, {'tax_id': 1963758, 'name': 'Myomorpha'}, {'tax_id': 337687, 'name': 'Muroidea'}, {'tax_id': 10066, 'name': 'Muridae'}, {'tax_id': 39107, 'name': 'Murinae'}, {'tax_id': 10088, 'name': 'Mus'}, {'tax_id': 862507, 'name': 'Mus'}, {'tax_id': 10090, 'name': 'Mus musculus'}]",False,,,,True,[],[],,1.0,,,,,,,,,,,,,,
