accession,Organism Name,GenBank/RefSeq,Submitters,Organization,Submitter Country,Release date,Isolate,Virus Lineage,Length,Nuc Completeness,Proteins/Segments,Segment,Is Vaccine Strain,Geographic Region,Geographic Location,Host,Host Lineage,Lab Host,Tissue/Specimen/Source,Collection Date,Sample Name,Annotated,SRA Accessions,Bioprojects,Biosample,Protein count,Gene count,Mature Peptide Count,definition,strain,isolation_source,create_date,update_date,assembly_name,authors,title,journal,pubmed_id,reference_count,comment
PX458876.1,,GenBank,,,,2025-10-19,,[],11288,partial,"Alphavirus chikungunya isolate CHIKV-LBMA-MA1397-MLI-2023 non-structural protein and structural protein genes, complete cds",,False,Africa,Mali: Bamako,Homo sapiens,"[{'tax_id': 131567, 'name': 'cellular organisms'}, {'tax_id': 2759, 'name': 'Eukaryota'}, {'tax_id': 33154, 'name': 'Opisthokonta'}, {'tax_id': 33208, 'name': 'Metazoa'}, {'tax_id': 6072, 'name': 'Eumetazoa'}, {'tax_id': 33213, 'name': 'Bilateria'}, {'tax_id': 33511, 'name': 'Deuterostomia'}, {'tax_id': 7711, 'name': 'Chordata'}, {'tax_id': 89593, 'name': 'Craniata'}, {'tax_id': 7742, 'name': 'Vertebrata'}, {'tax_id': 7776, 'name': 'Gnathostomata'}, {'tax_id': 117570, 'name': 'Teleostomi'}, {'tax_id': 117571, 'name': 'Euteleostomi'}, {'tax_id': 8287, 'name': 'Sarcopterygii'}, {'tax_id': 1338369, 'name': 'Dipnotetrapodomorpha'}, {'tax_id': 32523, 'name': 'Tetrapoda'}, {'tax_id': 32524, 'name': 'Amniota'}, {'tax_id': 40674, 'name': 'Mammalia'}, {'tax_id': 32525, 'name': 'Theria'}, {'tax_id': 9347, 'name': 'Eutheria'}, {'tax_id': 1437010, 'name': 'Boreoeutheria'}, {'tax_id': 314146, 'name': 'Euarchontoglires'}, {'tax_id': 9443, 'name': 'Primates'}, {'tax_id': 376913, 'name': 'Haplorrhini'}, {'tax_id': 314293, 'name': 'Simiiformes'}, {'tax_id': 9526, 'name': 'Catarrhini'}, {'tax_id': 314295, 'name': 'Hominoidea'}, {'tax_id': 9604, 'name': 'Hominidae'}, {'tax_id': 207598, 'name': 'Homininae'}, {'tax_id': 9605, 'name': 'Homo'}, {'tax_id': 9606, 'name': 'Homo sapiens'}]",False,,,,True,[],[],,2,,,,,,,,,,,,,,
PX453305.1,,GenBank,,,,2025-10-14,,[],11364,partial,"Alphavirus chikungunya isolate CHIKV-LBMA-MA554-MLI-2023 non-structural protein and structural protein genes, complete cds",,False,Africa,Mali: Bamako,Homo sapiens,"[{'tax_id': 131567, 'name': 'cellular organisms'}, {'tax_id': 2759, 'name': 'Eukaryota'}, {'tax_id': 33154, 'name': 'Opisthokonta'}, {'tax_id': 33208, 'name': 'Metazoa'}, {'tax_id': 6072, 'name': 'Eumetazoa'}, {'tax_id': 33213, 'name': 'Bilateria'}, {'tax_id': 33511, 'name': 'Deuterostomia'}, {'tax_id': 7711, 'name': 'Chordata'}, {'tax_id': 89593, 'name': 'Craniata'}, {'tax_id': 7742, 'name': 'Vertebrata'}, {'tax_id': 7776, 'name': 'Gnathostomata'}, {'tax_id': 117570, 'name': 'Teleostomi'}, {'tax_id': 117571, 'name': 'Euteleostomi'}, {'tax_id': 8287, 'name': 'Sarcopterygii'}, {'tax_id': 1338369, 'name': 'Dipnotetrapodomorpha'}, {'tax_id': 32523, 'name': 'Tetrapoda'}, {'tax_id': 32524, 'name': 'Amniota'}, {'tax_id': 40674, 'name': 'Mammalia'}, {'tax_id': 32525, 'name': 'Theria'}, {'tax_id': 9347, 'name': 'Eutheria'}, {'tax_id': 1437010, 'name': 'Boreoeutheria'}, {'tax_id': 314146, 'name': 'Euarchontoglires'}, {'tax_id': 9443, 'name': 'Primates'}, {'tax_id': 376913, 'name': 'Haplorrhini'}, {'tax_id': 314293, 'name': 'Simiiformes'}, {'tax_id': 9526, 'name': 'Catarrhini'}, {'tax_id': 314295, 'name': 'Hominoidea'}, {'tax_id': 9604, 'name': 'Hominidae'}, {'tax_id': 207598, 'name': 'Homininae'}, {'tax_id': 9605, 'name': 'Homo'}, {'tax_id': 9606, 'name': 'Homo sapiens'}]",False,,,,True,[],[],,2,,,,,,,,,,,,,,
PV685706.1,,GenBank,,,,2025-06-10,,[],11237,complete,"Chikungunya virus strain S26b15, complete genome",,False,Africa,Reunion,Homo sapiens,"[{'tax_id': 131567, 'name': 'cellular organisms'}, {'tax_id': 2759, 'name': 'Eukaryota'}, {'tax_id': 33154, 'name': 'Opisthokonta'}, {'tax_id': 33208, 'name': 'Metazoa'}, {'tax_id': 6072, 'name': 'Eumetazoa'}, {'tax_id': 33213, 'name': 'Bilateria'}, {'tax_id': 33511, 'name': 'Deuterostomia'}, {'tax_id': 7711, 'name': 'Chordata'}, {'tax_id': 89593, 'name': 'Craniata'}, {'tax_id': 7742, 'name': 'Vertebrata'}, {'tax_id': 7776, 'name': 'Gnathostomata'}, {'tax_id': 117570, 'name': 'Teleostomi'}, {'tax_id': 117571, 'name': 'Euteleostomi'}, {'tax_id': 8287, 'name': 'Sarcopterygii'}, {'tax_id': 1338369, 'name': 'Dipnotetrapodomorpha'}, {'tax_id': 32523, 'name': 'Tetrapoda'}, {'tax_id': 32524, 'name': 'Amniota'}, {'tax_id': 40674, 'name': 'Mammalia'}, {'tax_id': 32525, 'name': 'Theria'}, {'tax_id': 9347, 'name': 'Eutheria'}, {'tax_id': 1437010, 'name': 'Boreoeutheria'}, {'tax_id': 314146, 'name': 'Euarchontoglires'}, {'tax_id': 9443, 'name': 'Primates'}, {'tax_id': 376913, 'name': 'Haplorrhini'}, {'tax_id': 314293, 'name': 'Simiiformes'}, {'tax_id': 9526, 'name': 'Catarrhini'}, {'tax_id': 314295, 'name': 'Hominoidea'}, {'tax_id': 9604, 'name': 'Hominidae'}, {'tax_id': 207598, 'name': 'Homininae'}, {'tax_id': 9605, 'name': 'Homo'}, {'tax_id': 9606, 'name': 'Homo sapiens'}]",False,,,,True,[],[],,2,,,,,,,,,,,,,,
PV685705.1,,GenBank,,,,2025-06-10,,[],11237,complete,"Chikungunya virus strain S26b01, complete genome",,False,Africa,Reunion,Homo sapiens,"[{'tax_id': 131567, 'name': 'cellular organisms'}, {'tax_id': 2759, 'name': 'Eukaryota'}, {'tax_id': 33154, 'name': 'Opisthokonta'}, {'tax_id': 33208, 'name': 'Metazoa'}, {'tax_id': 6072, 'name': 'Eumetazoa'}, {'tax_id': 33213, 'name': 'Bilateria'}, {'tax_id': 33511, 'name': 'Deuterostomia'}, {'tax_id': 7711, 'name': 'Chordata'}, {'tax_id': 89593, 'name': 'Craniata'}, {'tax_id': 7742, 'name': 'Vertebrata'}, {'tax_id': 7776, 'name': 'Gnathostomata'}, {'tax_id': 117570, 'name': 'Teleostomi'}, {'tax_id': 117571, 'name': 'Euteleostomi'}, {'tax_id': 8287, 'name': 'Sarcopterygii'}, {'tax_id': 1338369, 'name': 'Dipnotetrapodomorpha'}, {'tax_id': 32523, 'name': 'Tetrapoda'}, {'tax_id': 32524, 'name': 'Amniota'}, {'tax_id': 40674, 'name': 'Mammalia'}, {'tax_id': 32525, 'name': 'Theria'}, {'tax_id': 9347, 'name': 'Eutheria'}, {'tax_id': 1437010, 'name': 'Boreoeutheria'}, {'tax_id': 314146, 'name': 'Euarchontoglires'}, {'tax_id': 9443, 'name': 'Primates'}, {'tax_id': 376913, 'name': 'Haplorrhini'}, {'tax_id': 314293, 'name': 'Simiiformes'}, {'tax_id': 9526, 'name': 'Catarrhini'}, {'tax_id': 314295, 'name': 'Hominoidea'}, {'tax_id': 9604, 'name': 'Hominidae'}, {'tax_id': 207598, 'name': 'Homininae'}, {'tax_id': 9605, 'name': 'Homo'}, {'tax_id': 9606, 'name': 'Homo sapiens'}]",False,,,,True,[],[],,2,,,,,,,,,,,,,,
PV685704.1,,GenBank,,,,2025-06-10,,[],11237,complete,"Chikungunya virus strain S28b86, complete genome",,False,Africa,Reunion,Homo sapiens,"[{'tax_id': 131567, 'name': 'cellular organisms'}, {'tax_id': 2759, 'name': 'Eukaryota'}, {'tax_id': 33154, 'name': 'Opisthokonta'}, {'tax_id': 33208, 'name': 'Metazoa'}, {'tax_id': 6072, 'name': 'Eumetazoa'}, {'tax_id': 33213, 'name': 'Bilateria'}, {'tax_id': 33511, 'name': 'Deuterostomia'}, {'tax_id': 7711, 'name': 'Chordata'}, {'tax_id': 89593, 'name': 'Craniata'}, {'tax_id': 7742, 'name': 'Vertebrata'}, {'tax_id': 7776, 'name': 'Gnathostomata'}, {'tax_id': 117570, 'name': 'Teleostomi'}, {'tax_id': 117571, 'name': 'Euteleostomi'}, {'tax_id': 8287, 'name': 'Sarcopterygii'}, {'tax_id': 1338369, 'name': 'Dipnotetrapodomorpha'}, {'tax_id': 32523, 'name': 'Tetrapoda'}, {'tax_id': 32524, 'name': 'Amniota'}, {'tax_id': 40674, 'name': 'Mammalia'}, {'tax_id': 32525, 'name': 'Theria'}, {'tax_id': 9347, 'name': 'Eutheria'}, {'tax_id': 1437010, 'name': 'Boreoeutheria'}, {'tax_id': 314146, 'name': 'Euarchontoglires'}, {'tax_id': 9443, 'name': 'Primates'}, {'tax_id': 376913, 'name': 'Haplorrhini'}, {'tax_id': 314293, 'name': 'Simiiformes'}, {'tax_id': 9526, 'name': 'Catarrhini'}, {'tax_id': 314295, 'name': 'Hominoidea'}, {'tax_id': 9604, 'name': 'Hominidae'}, {'tax_id': 207598, 'name': 'Homininae'}, {'tax_id': 9605, 'name': 'Homo'}, {'tax_id': 9606, 'name': 'Homo sapiens'}]",False,,,,True,[],[],,2,,,,,,,,,,,,,,
PV685703.1,,GenBank,,,,2025-06-10,,[],11237,complete,"Chikungunya virus strain S28b02, complete genome",,False,Africa,Reunion,Homo sapiens,"[{'tax_id': 131567, 'name': 'cellular organisms'}, {'tax_id': 2759, 'name': 'Eukaryota'}, {'tax_id': 33154, 'name': 'Opisthokonta'}, {'tax_id': 33208, 'name': 'Metazoa'}, {'tax_id': 6072, 'name': 'Eumetazoa'}, {'tax_id': 33213, 'name': 'Bilateria'}, {'tax_id': 33511, 'name': 'Deuterostomia'}, {'tax_id': 7711, 'name': 'Chordata'}, {'tax_id': 89593, 'name': 'Craniata'}, {'tax_id': 7742, 'name': 'Vertebrata'}, {'tax_id': 7776, 'name': 'Gnathostomata'}, {'tax_id': 117570, 'name': 'Teleostomi'}, {'tax_id': 117571, 'name': 'Euteleostomi'}, {'tax_id': 8287, 'name': 'Sarcopterygii'}, {'tax_id': 1338369, 'name': 'Dipnotetrapodomorpha'}, {'tax_id': 32523, 'name': 'Tetrapoda'}, {'tax_id': 32524, 'name': 'Amniota'}, {'tax_id': 40674, 'name': 'Mammalia'}, {'tax_id': 32525, 'name': 'Theria'}, {'tax_id': 9347, 'name': 'Eutheria'}, {'tax_id': 1437010, 'name': 'Boreoeutheria'}, {'tax_id': 314146, 'name': 'Euarchontoglires'}, {'tax_id': 9443, 'name': 'Primates'}, {'tax_id': 376913, 'name': 'Haplorrhini'}, {'tax_id': 314293, 'name': 'Simiiformes'}, {'tax_id': 9526, 'name': 'Catarrhini'}, {'tax_id': 314295, 'name': 'Hominoidea'}, {'tax_id': 9604, 'name': 'Hominidae'}, {'tax_id': 207598, 'name': 'Homininae'}, {'tax_id': 9605, 'name': 'Homo'}, {'tax_id': 9606, 'name': 'Homo sapiens'}]",False,,,,True,[],[],,2,,,,,,,,,,,,,,
PV685702.1,,GenBank,,,,2025-06-10,,[],11237,complete,"Chikungunya virus strain S30b03, complete genome",,False,Africa,Reunion,Homo sapiens,"[{'tax_id': 131567, 'name': 'cellular organisms'}, {'tax_id': 2759, 'name': 'Eukaryota'}, {'tax_id': 33154, 'name': 'Opisthokonta'}, {'tax_id': 33208, 'name': 'Metazoa'}, {'tax_id': 6072, 'name': 'Eumetazoa'}, {'tax_id': 33213, 'name': 'Bilateria'}, {'tax_id': 33511, 'name': 'Deuterostomia'}, {'tax_id': 7711, 'name': 'Chordata'}, {'tax_id': 89593, 'name': 'Craniata'}, {'tax_id': 7742, 'name': 'Vertebrata'}, {'tax_id': 7776, 'name': 'Gnathostomata'}, {'tax_id': 117570, 'name': 'Teleostomi'}, {'tax_id': 117571, 'name': 'Euteleostomi'}, {'tax_id': 8287, 'name': 'Sarcopterygii'}, {'tax_id': 1338369, 'name': 'Dipnotetrapodomorpha'}, {'tax_id': 32523, 'name': 'Tetrapoda'}, {'tax_id': 32524, 'name': 'Amniota'}, {'tax_id': 40674, 'name': 'Mammalia'}, {'tax_id': 32525, 'name': 'Theria'}, {'tax_id': 9347, 'name': 'Eutheria'}, {'tax_id': 1437010, 'name': 'Boreoeutheria'}, {'tax_id': 314146, 'name': 'Euarchontoglires'}, {'tax_id': 9443, 'name': 'Primates'}, {'tax_id': 376913, 'name': 'Haplorrhini'}, {'tax_id': 314293, 'name': 'Simiiformes'}, {'tax_id': 9526, 'name': 'Catarrhini'}, {'tax_id': 314295, 'name': 'Hominoidea'}, {'tax_id': 9604, 'name': 'Hominidae'}, {'tax_id': 207598, 'name': 'Homininae'}, {'tax_id': 9605, 'name': 'Homo'}, {'tax_id': 9606, 'name': 'Homo sapiens'}]",False,,,,True,[],[],,2,,,,,,,,,,,,,,
PV685701.1,,GenBank,,,,2025-06-10,,[],11237,complete,"Chikungunya virus strain S28b03, complete genome",,False,Africa,Reunion,Homo sapiens,"[{'tax_id': 131567, 'name': 'cellular organisms'}, {'tax_id': 2759, 'name': 'Eukaryota'}, {'tax_id': 33154, 'name': 'Opisthokonta'}, {'tax_id': 33208, 'name': 'Metazoa'}, {'tax_id': 6072, 'name': 'Eumetazoa'}, {'tax_id': 33213, 'name': 'Bilateria'}, {'tax_id': 33511, 'name': 'Deuterostomia'}, {'tax_id': 7711, 'name': 'Chordata'}, {'tax_id': 89593, 'name': 'Craniata'}, {'tax_id': 7742, 'name': 'Vertebrata'}, {'tax_id': 7776, 'name': 'Gnathostomata'}, {'tax_id': 117570, 'name': 'Teleostomi'}, {'tax_id': 117571, 'name': 'Euteleostomi'}, {'tax_id': 8287, 'name': 'Sarcopterygii'}, {'tax_id': 1338369, 'name': 'Dipnotetrapodomorpha'}, {'tax_id': 32523, 'name': 'Tetrapoda'}, {'tax_id': 32524, 'name': 'Amniota'}, {'tax_id': 40674, 'name': 'Mammalia'}, {'tax_id': 32525, 'name': 'Theria'}, {'tax_id': 9347, 'name': 'Eutheria'}, {'tax_id': 1437010, 'name': 'Boreoeutheria'}, {'tax_id': 314146, 'name': 'Euarchontoglires'}, {'tax_id': 9443, 'name': 'Primates'}, {'tax_id': 376913, 'name': 'Haplorrhini'}, {'tax_id': 314293, 'name': 'Simiiformes'}, {'tax_id': 9526, 'name': 'Catarrhini'}, {'tax_id': 314295, 'name': 'Hominoidea'}, {'tax_id': 9604, 'name': 'Hominidae'}, {'tax_id': 207598, 'name': 'Homininae'}, {'tax_id': 9605, 'name': 'Homo'}, {'tax_id': 9606, 'name': 'Homo sapiens'}]",False,,,,True,[],[],,2,,,,,,,,,,,,,,
PV685700.1,,GenBank,,,,2025-06-10,,[],11237,complete,"Chikungunya virus strain S26b18, complete genome",,False,Africa,Reunion,Homo sapiens,"[{'tax_id': 131567, 'name': 'cellular organisms'}, {'tax_id': 2759, 'name': 'Eukaryota'}, {'tax_id': 33154, 'name': 'Opisthokonta'}, {'tax_id': 33208, 'name': 'Metazoa'}, {'tax_id': 6072, 'name': 'Eumetazoa'}, {'tax_id': 33213, 'name': 'Bilateria'}, {'tax_id': 33511, 'name': 'Deuterostomia'}, {'tax_id': 7711, 'name': 'Chordata'}, {'tax_id': 89593, 'name': 'Craniata'}, {'tax_id': 7742, 'name': 'Vertebrata'}, {'tax_id': 7776, 'name': 'Gnathostomata'}, {'tax_id': 117570, 'name': 'Teleostomi'}, {'tax_id': 117571, 'name': 'Euteleostomi'}, {'tax_id': 8287, 'name': 'Sarcopterygii'}, {'tax_id': 1338369, 'name': 'Dipnotetrapodomorpha'}, {'tax_id': 32523, 'name': 'Tetrapoda'}, {'tax_id': 32524, 'name': 'Amniota'}, {'tax_id': 40674, 'name': 'Mammalia'}, {'tax_id': 32525, 'name': 'Theria'}, {'tax_id': 9347, 'name': 'Eutheria'}, {'tax_id': 1437010, 'name': 'Boreoeutheria'}, {'tax_id': 314146, 'name': 'Euarchontoglires'}, {'tax_id': 9443, 'name': 'Primates'}, {'tax_id': 376913, 'name': 'Haplorrhini'}, {'tax_id': 314293, 'name': 'Simiiformes'}, {'tax_id': 9526, 'name': 'Catarrhini'}, {'tax_id': 314295, 'name': 'Hominoidea'}, {'tax_id': 9604, 'name': 'Hominidae'}, {'tax_id': 207598, 'name': 'Homininae'}, {'tax_id': 9605, 'name': 'Homo'}, {'tax_id': 9606, 'name': 'Homo sapiens'}]",False,,,,True,[],[],,2,,,,,,,,,,,,,,
PV685699.1,,GenBank,,,,2025-06-10,,[],11237,complete,"Chikungunya virus strain S26b70, complete genome",,False,Africa,Reunion,Homo sapiens,"[{'tax_id': 131567, 'name': 'cellular organisms'}, {'tax_id': 2759, 'name': 'Eukaryota'}, {'tax_id': 33154, 'name': 'Opisthokonta'}, {'tax_id': 33208, 'name': 'Metazoa'}, {'tax_id': 6072, 'name': 'Eumetazoa'}, {'tax_id': 33213, 'name': 'Bilateria'}, {'tax_id': 33511, 'name': 'Deuterostomia'}, {'tax_id': 7711, 'name': 'Chordata'}, {'tax_id': 89593, 'name': 'Craniata'}, {'tax_id': 7742, 'name': 'Vertebrata'}, {'tax_id': 7776, 'name': 'Gnathostomata'}, {'tax_id': 117570, 'name': 'Teleostomi'}, {'tax_id': 117571, 'name': 'Euteleostomi'}, {'tax_id': 8287, 'name': 'Sarcopterygii'}, {'tax_id': 1338369, 'name': 'Dipnotetrapodomorpha'}, {'tax_id': 32523, 'name': 'Tetrapoda'}, {'tax_id': 32524, 'name': 'Amniota'}, {'tax_id': 40674, 'name': 'Mammalia'}, {'tax_id': 32525, 'name': 'Theria'}, {'tax_id': 9347, 'name': 'Eutheria'}, {'tax_id': 1437010, 'name': 'Boreoeutheria'}, {'tax_id': 314146, 'name': 'Euarchontoglires'}, {'tax_id': 9443, 'name': 'Primates'}, {'tax_id': 376913, 'name': 'Haplorrhini'}, {'tax_id': 314293, 'name': 'Simiiformes'}, {'tax_id': 9526, 'name': 'Catarrhini'}, {'tax_id': 314295, 'name': 'Hominoidea'}, {'tax_id': 9604, 'name': 'Hominidae'}, {'tax_id': 207598, 'name': 'Homininae'}, {'tax_id': 9605, 'name': 'Homo'}, {'tax_id': 9606, 'name': 'Homo sapiens'}]",False,,,,True,[],[],,2,,,,,,,,,,,,,,
PV685698.1,,GenBank,,,,2025-06-10,,[],11237,complete,"Chikungunya virus strain S26b09, complete genome",,False,Africa,Reunion,Homo sapiens,"[{'tax_id': 131567, 'name': 'cellular organisms'}, {'tax_id': 2759, 'name': 'Eukaryota'}, {'tax_id': 33154, 'name': 'Opisthokonta'}, {'tax_id': 33208, 'name': 'Metazoa'}, {'tax_id': 6072, 'name': 'Eumetazoa'}, {'tax_id': 33213, 'name': 'Bilateria'}, {'tax_id': 33511, 'name': 'Deuterostomia'}, {'tax_id': 7711, 'name': 'Chordata'}, {'tax_id': 89593, 'name': 'Craniata'}, {'tax_id': 7742, 'name': 'Vertebrata'}, {'tax_id': 7776, 'name': 'Gnathostomata'}, {'tax_id': 117570, 'name': 'Teleostomi'}, {'tax_id': 117571, 'name': 'Euteleostomi'}, {'tax_id': 8287, 'name': 'Sarcopterygii'}, {'tax_id': 1338369, 'name': 'Dipnotetrapodomorpha'}, {'tax_id': 32523, 'name': 'Tetrapoda'}, {'tax_id': 32524, 'name': 'Amniota'}, {'tax_id': 40674, 'name': 'Mammalia'}, {'tax_id': 32525, 'name': 'Theria'}, {'tax_id': 9347, 'name': 'Eutheria'}, {'tax_id': 1437010, 'name': 'Boreoeutheria'}, {'tax_id': 314146, 'name': 'Euarchontoglires'}, {'tax_id': 9443, 'name': 'Primates'}, {'tax_id': 376913, 'name': 'Haplorrhini'}, {'tax_id': 314293, 'name': 'Simiiformes'}, {'tax_id': 9526, 'name': 'Catarrhini'}, {'tax_id': 314295, 'name': 'Hominoidea'}, {'tax_id': 9604, 'name': 'Hominidae'}, {'tax_id': 207598, 'name': 'Homininae'}, {'tax_id': 9605, 'name': 'Homo'}, {'tax_id': 9606, 'name': 'Homo sapiens'}]",False,,,,True,[],[],,2,,,,,,,,,,,,,,
PV685697.1,,GenBank,,,,2025-06-10,,[],11237,complete,"Chikungunya virus strain S30b93, complete genome",,False,Africa,Reunion,Homo sapiens,"[{'tax_id': 131567, 'name': 'cellular organisms'}, {'tax_id': 2759, 'name': 'Eukaryota'}, {'tax_id': 33154, 'name': 'Opisthokonta'}, {'tax_id': 33208, 'name': 'Metazoa'}, {'tax_id': 6072, 'name': 'Eumetazoa'}, {'tax_id': 33213, 'name': 'Bilateria'}, {'tax_id': 33511, 'name': 'Deuterostomia'}, {'tax_id': 7711, 'name': 'Chordata'}, {'tax_id': 89593, 'name': 'Craniata'}, {'tax_id': 7742, 'name': 'Vertebrata'}, {'tax_id': 7776, 'name': 'Gnathostomata'}, {'tax_id': 117570, 'name': 'Teleostomi'}, {'tax_id': 117571, 'name': 'Euteleostomi'}, {'tax_id': 8287, 'name': 'Sarcopterygii'}, {'tax_id': 1338369, 'name': 'Dipnotetrapodomorpha'}, {'tax_id': 32523, 'name': 'Tetrapoda'}, {'tax_id': 32524, 'name': 'Amniota'}, {'tax_id': 40674, 'name': 'Mammalia'}, {'tax_id': 32525, 'name': 'Theria'}, {'tax_id': 9347, 'name': 'Eutheria'}, {'tax_id': 1437010, 'name': 'Boreoeutheria'}, {'tax_id': 314146, 'name': 'Euarchontoglires'}, {'tax_id': 9443, 'name': 'Primates'}, {'tax_id': 376913, 'name': 'Haplorrhini'}, {'tax_id': 314293, 'name': 'Simiiformes'}, {'tax_id': 9526, 'name': 'Catarrhini'}, {'tax_id': 314295, 'name': 'Hominoidea'}, {'tax_id': 9604, 'name': 'Hominidae'}, {'tax_id': 207598, 'name': 'Homininae'}, {'tax_id': 9605, 'name': 'Homo'}, {'tax_id': 9606, 'name': 'Homo sapiens'}]",False,,,,True,[],[],,2,,,,,,,,,,,,,,
PV685696.1,,GenBank,,,,2025-06-10,,[],11237,complete,"Chikungunya virus strain S28b85, complete genome",,False,Africa,Reunion,Homo sapiens,"[{'tax_id': 131567, 'name': 'cellular organisms'}, {'tax_id': 2759, 'name': 'Eukaryota'}, {'tax_id': 33154, 'name': 'Opisthokonta'}, {'tax_id': 33208, 'name': 'Metazoa'}, {'tax_id': 6072, 'name': 'Eumetazoa'}, {'tax_id': 33213, 'name': 'Bilateria'}, {'tax_id': 33511, 'name': 'Deuterostomia'}, {'tax_id': 7711, 'name': 'Chordata'}, {'tax_id': 89593, 'name': 'Craniata'}, {'tax_id': 7742, 'name': 'Vertebrata'}, {'tax_id': 7776, 'name': 'Gnathostomata'}, {'tax_id': 117570, 'name': 'Teleostomi'}, {'tax_id': 117571, 'name': 'Euteleostomi'}, {'tax_id': 8287, 'name': 'Sarcopterygii'}, {'tax_id': 1338369, 'name': 'Dipnotetrapodomorpha'}, {'tax_id': 32523, 'name': 'Tetrapoda'}, {'tax_id': 32524, 'name': 'Amniota'}, {'tax_id': 40674, 'name': 'Mammalia'}, {'tax_id': 32525, 'name': 'Theria'}, {'tax_id': 9347, 'name': 'Eutheria'}, {'tax_id': 1437010, 'name': 'Boreoeutheria'}, {'tax_id': 314146, 'name': 'Euarchontoglires'}, {'tax_id': 9443, 'name': 'Primates'}, {'tax_id': 376913, 'name': 'Haplorrhini'}, {'tax_id': 314293, 'name': 'Simiiformes'}, {'tax_id': 9526, 'name': 'Catarrhini'}, {'tax_id': 314295, 'name': 'Hominoidea'}, {'tax_id': 9604, 'name': 'Hominidae'}, {'tax_id': 207598, 'name': 'Homininae'}, {'tax_id': 9605, 'name': 'Homo'}, {'tax_id': 9606, 'name': 'Homo sapiens'}]",False,,,,True,[],[],,2,,,,,,,,,,,,,,
PV685695.1,,GenBank,,,,2025-06-10,,[],11237,complete,"Chikungunya virus strain S26b16, complete genome",,False,Africa,Reunion,Homo sapiens,"[{'tax_id': 131567, 'name': 'cellular organisms'}, {'tax_id': 2759, 'name': 'Eukaryota'}, {'tax_id': 33154, 'name': 'Opisthokonta'}, {'tax_id': 33208, 'name': 'Metazoa'}, {'tax_id': 6072, 'name': 'Eumetazoa'}, {'tax_id': 33213, 'name': 'Bilateria'}, {'tax_id': 33511, 'name': 'Deuterostomia'}, {'tax_id': 7711, 'name': 'Chordata'}, {'tax_id': 89593, 'name': 'Craniata'}, {'tax_id': 7742, 'name': 'Vertebrata'}, {'tax_id': 7776, 'name': 'Gnathostomata'}, {'tax_id': 117570, 'name': 'Teleostomi'}, {'tax_id': 117571, 'name': 'Euteleostomi'}, {'tax_id': 8287, 'name': 'Sarcopterygii'}, {'tax_id': 1338369, 'name': 'Dipnotetrapodomorpha'}, {'tax_id': 32523, 'name': 'Tetrapoda'}, {'tax_id': 32524, 'name': 'Amniota'}, {'tax_id': 40674, 'name': 'Mammalia'}, {'tax_id': 32525, 'name': 'Theria'}, {'tax_id': 9347, 'name': 'Eutheria'}, {'tax_id': 1437010, 'name': 'Boreoeutheria'}, {'tax_id': 314146, 'name': 'Euarchontoglires'}, {'tax_id': 9443, 'name': 'Primates'}, {'tax_id': 376913, 'name': 'Haplorrhini'}, {'tax_id': 314293, 'name': 'Simiiformes'}, {'tax_id': 9526, 'name': 'Catarrhini'}, {'tax_id': 314295, 'name': 'Hominoidea'}, {'tax_id': 9604, 'name': 'Hominidae'}, {'tax_id': 207598, 'name': 'Homininae'}, {'tax_id': 9605, 'name': 'Homo'}, {'tax_id': 9606, 'name': 'Homo sapiens'}]",False,,,,True,[],[],,2,,,,,,,,,,,,,,
PV685694.1,,GenBank,,,,2025-06-10,,[],11237,complete,"Chikungunya virus strain S28b63, complete genome",,False,Africa,Reunion,Homo sapiens,"[{'tax_id': 131567, 'name': 'cellular organisms'}, {'tax_id': 2759, 'name': 'Eukaryota'}, {'tax_id': 33154, 'name': 'Opisthokonta'}, {'tax_id': 33208, 'name': 'Metazoa'}, {'tax_id': 6072, 'name': 'Eumetazoa'}, {'tax_id': 33213, 'name': 'Bilateria'}, {'tax_id': 33511, 'name': 'Deuterostomia'}, {'tax_id': 7711, 'name': 'Chordata'}, {'tax_id': 89593, 'name': 'Craniata'}, {'tax_id': 7742, 'name': 'Vertebrata'}, {'tax_id': 7776, 'name': 'Gnathostomata'}, {'tax_id': 117570, 'name': 'Teleostomi'}, {'tax_id': 117571, 'name': 'Euteleostomi'}, {'tax_id': 8287, 'name': 'Sarcopterygii'}, {'tax_id': 1338369, 'name': 'Dipnotetrapodomorpha'}, {'tax_id': 32523, 'name': 'Tetrapoda'}, {'tax_id': 32524, 'name': 'Amniota'}, {'tax_id': 40674, 'name': 'Mammalia'}, {'tax_id': 32525, 'name': 'Theria'}, {'tax_id': 9347, 'name': 'Eutheria'}, {'tax_id': 1437010, 'name': 'Boreoeutheria'}, {'tax_id': 314146, 'name': 'Euarchontoglires'}, {'tax_id': 9443, 'name': 'Primates'}, {'tax_id': 376913, 'name': 'Haplorrhini'}, {'tax_id': 314293, 'name': 'Simiiformes'}, {'tax_id': 9526, 'name': 'Catarrhini'}, {'tax_id': 314295, 'name': 'Hominoidea'}, {'tax_id': 9604, 'name': 'Hominidae'}, {'tax_id': 207598, 'name': 'Homininae'}, {'tax_id': 9605, 'name': 'Homo'}, {'tax_id': 9606, 'name': 'Homo sapiens'}]",False,,,,True,[],[],,2,,,,,,,,,,,,,,
PV685693.1,,GenBank,,,,2025-06-10,,[],11237,complete,"Chikungunya virus strain S27b25, complete genome",,False,Africa,Reunion,Homo sapiens,"[{'tax_id': 131567, 'name': 'cellular organisms'}, {'tax_id': 2759, 'name': 'Eukaryota'}, {'tax_id': 33154, 'name': 'Opisthokonta'}, {'tax_id': 33208, 'name': 'Metazoa'}, {'tax_id': 6072, 'name': 'Eumetazoa'}, {'tax_id': 33213, 'name': 'Bilateria'}, {'tax_id': 33511, 'name': 'Deuterostomia'}, {'tax_id': 7711, 'name': 'Chordata'}, {'tax_id': 89593, 'name': 'Craniata'}, {'tax_id': 7742, 'name': 'Vertebrata'}, {'tax_id': 7776, 'name': 'Gnathostomata'}, {'tax_id': 117570, 'name': 'Teleostomi'}, {'tax_id': 117571, 'name': 'Euteleostomi'}, {'tax_id': 8287, 'name': 'Sarcopterygii'}, {'tax_id': 1338369, 'name': 'Dipnotetrapodomorpha'}, {'tax_id': 32523, 'name': 'Tetrapoda'}, {'tax_id': 32524, 'name': 'Amniota'}, {'tax_id': 40674, 'name': 'Mammalia'}, {'tax_id': 32525, 'name': 'Theria'}, {'tax_id': 9347, 'name': 'Eutheria'}, {'tax_id': 1437010, 'name': 'Boreoeutheria'}, {'tax_id': 314146, 'name': 'Euarchontoglires'}, {'tax_id': 9443, 'name': 'Primates'}, {'tax_id': 376913, 'name': 'Haplorrhini'}, {'tax_id': 314293, 'name': 'Simiiformes'}, {'tax_id': 9526, 'name': 'Catarrhini'}, {'tax_id': 314295, 'name': 'Hominoidea'}, {'tax_id': 9604, 'name': 'Hominidae'}, {'tax_id': 207598, 'name': 'Homininae'}, {'tax_id': 9605, 'name': 'Homo'}, {'tax_id': 9606, 'name': 'Homo sapiens'}]",False,,,,True,[],[],,2,,,,,,,,,,,,,,
PV685692.1,,GenBank,,,,2025-06-10,,[],11237,complete,"Chikungunya virus strain S30b84, complete genome",,False,Africa,Reunion,Homo sapiens,"[{'tax_id': 131567, 'name': 'cellular organisms'}, {'tax_id': 2759, 'name': 'Eukaryota'}, {'tax_id': 33154, 'name': 'Opisthokonta'}, {'tax_id': 33208, 'name': 'Metazoa'}, {'tax_id': 6072, 'name': 'Eumetazoa'}, {'tax_id': 33213, 'name': 'Bilateria'}, {'tax_id': 33511, 'name': 'Deuterostomia'}, {'tax_id': 7711, 'name': 'Chordata'}, {'tax_id': 89593, 'name': 'Craniata'}, {'tax_id': 7742, 'name': 'Vertebrata'}, {'tax_id': 7776, 'name': 'Gnathostomata'}, {'tax_id': 117570, 'name': 'Teleostomi'}, {'tax_id': 117571, 'name': 'Euteleostomi'}, {'tax_id': 8287, 'name': 'Sarcopterygii'}, {'tax_id': 1338369, 'name': 'Dipnotetrapodomorpha'}, {'tax_id': 32523, 'name': 'Tetrapoda'}, {'tax_id': 32524, 'name': 'Amniota'}, {'tax_id': 40674, 'name': 'Mammalia'}, {'tax_id': 32525, 'name': 'Theria'}, {'tax_id': 9347, 'name': 'Eutheria'}, {'tax_id': 1437010, 'name': 'Boreoeutheria'}, {'tax_id': 314146, 'name': 'Euarchontoglires'}, {'tax_id': 9443, 'name': 'Primates'}, {'tax_id': 376913, 'name': 'Haplorrhini'}, {'tax_id': 314293, 'name': 'Simiiformes'}, {'tax_id': 9526, 'name': 'Catarrhini'}, {'tax_id': 314295, 'name': 'Hominoidea'}, {'tax_id': 9604, 'name': 'Hominidae'}, {'tax_id': 207598, 'name': 'Homininae'}, {'tax_id': 9605, 'name': 'Homo'}, {'tax_id': 9606, 'name': 'Homo sapiens'}]",False,,,,True,[],[],,2,,,,,,,,,,,,,,
PV685691.1,,GenBank,,,,2025-06-10,,[],11237,complete,"Chikungunya virus strain S30b86, complete genome",,False,Africa,Reunion,Homo sapiens,"[{'tax_id': 131567, 'name': 'cellular organisms'}, {'tax_id': 2759, 'name': 'Eukaryota'}, {'tax_id': 33154, 'name': 'Opisthokonta'}, {'tax_id': 33208, 'name': 'Metazoa'}, {'tax_id': 6072, 'name': 'Eumetazoa'}, {'tax_id': 33213, 'name': 'Bilateria'}, {'tax_id': 33511, 'name': 'Deuterostomia'}, {'tax_id': 7711, 'name': 'Chordata'}, {'tax_id': 89593, 'name': 'Craniata'}, {'tax_id': 7742, 'name': 'Vertebrata'}, {'tax_id': 7776, 'name': 'Gnathostomata'}, {'tax_id': 117570, 'name': 'Teleostomi'}, {'tax_id': 117571, 'name': 'Euteleostomi'}, {'tax_id': 8287, 'name': 'Sarcopterygii'}, {'tax_id': 1338369, 'name': 'Dipnotetrapodomorpha'}, {'tax_id': 32523, 'name': 'Tetrapoda'}, {'tax_id': 32524, 'name': 'Amniota'}, {'tax_id': 40674, 'name': 'Mammalia'}, {'tax_id': 32525, 'name': 'Theria'}, {'tax_id': 9347, 'name': 'Eutheria'}, {'tax_id': 1437010, 'name': 'Boreoeutheria'}, {'tax_id': 314146, 'name': 'Euarchontoglires'}, {'tax_id': 9443, 'name': 'Primates'}, {'tax_id': 376913, 'name': 'Haplorrhini'}, {'tax_id': 314293, 'name': 'Simiiformes'}, {'tax_id': 9526, 'name': 'Catarrhini'}, {'tax_id': 314295, 'name': 'Hominoidea'}, {'tax_id': 9604, 'name': 'Hominidae'}, {'tax_id': 207598, 'name': 'Homininae'}, {'tax_id': 9605, 'name': 'Homo'}, {'tax_id': 9606, 'name': 'Homo sapiens'}]",False,,,,True,[],[],,2,,,,,,,,,,,,,,
PV685690.1,,GenBank,,,,2025-06-10,,[],11237,complete,"Chikungunya virus strain S29b77, complete genome",,False,Africa,Reunion,Homo sapiens,"[{'tax_id': 131567, 'name': 'cellular organisms'}, {'tax_id': 2759, 'name': 'Eukaryota'}, {'tax_id': 33154, 'name': 'Opisthokonta'}, {'tax_id': 33208, 'name': 'Metazoa'}, {'tax_id': 6072, 'name': 'Eumetazoa'}, {'tax_id': 33213, 'name': 'Bilateria'}, {'tax_id': 33511, 'name': 'Deuterostomia'}, {'tax_id': 7711, 'name': 'Chordata'}, {'tax_id': 89593, 'name': 'Craniata'}, {'tax_id': 7742, 'name': 'Vertebrata'}, {'tax_id': 7776, 'name': 'Gnathostomata'}, {'tax_id': 117570, 'name': 'Teleostomi'}, {'tax_id': 117571, 'name': 'Euteleostomi'}, {'tax_id': 8287, 'name': 'Sarcopterygii'}, {'tax_id': 1338369, 'name': 'Dipnotetrapodomorpha'}, {'tax_id': 32523, 'name': 'Tetrapoda'}, {'tax_id': 32524, 'name': 'Amniota'}, {'tax_id': 40674, 'name': 'Mammalia'}, {'tax_id': 32525, 'name': 'Theria'}, {'tax_id': 9347, 'name': 'Eutheria'}, {'tax_id': 1437010, 'name': 'Boreoeutheria'}, {'tax_id': 314146, 'name': 'Euarchontoglires'}, {'tax_id': 9443, 'name': 'Primates'}, {'tax_id': 376913, 'name': 'Haplorrhini'}, {'tax_id': 314293, 'name': 'Simiiformes'}, {'tax_id': 9526, 'name': 'Catarrhini'}, {'tax_id': 314295, 'name': 'Hominoidea'}, {'tax_id': 9604, 'name': 'Hominidae'}, {'tax_id': 207598, 'name': 'Homininae'}, {'tax_id': 9605, 'name': 'Homo'}, {'tax_id': 9606, 'name': 'Homo sapiens'}]",False,,,,True,[],[],,2,,,,,,,,,,,,,,
PV685689.1,,GenBank,,,,2025-06-10,,[],11237,complete,"Chikungunya virus strain S5b08, complete genome",,False,Africa,Reunion,Homo sapiens,"[{'tax_id': 131567, 'name': 'cellular organisms'}, {'tax_id': 2759, 'name': 'Eukaryota'}, {'tax_id': 33154, 'name': 'Opisthokonta'}, {'tax_id': 33208, 'name': 'Metazoa'}, {'tax_id': 6072, 'name': 'Eumetazoa'}, {'tax_id': 33213, 'name': 'Bilateria'}, {'tax_id': 33511, 'name': 'Deuterostomia'}, {'tax_id': 7711, 'name': 'Chordata'}, {'tax_id': 89593, 'name': 'Craniata'}, {'tax_id': 7742, 'name': 'Vertebrata'}, {'tax_id': 7776, 'name': 'Gnathostomata'}, {'tax_id': 117570, 'name': 'Teleostomi'}, {'tax_id': 117571, 'name': 'Euteleostomi'}, {'tax_id': 8287, 'name': 'Sarcopterygii'}, {'tax_id': 1338369, 'name': 'Dipnotetrapodomorpha'}, {'tax_id': 32523, 'name': 'Tetrapoda'}, {'tax_id': 32524, 'name': 'Amniota'}, {'tax_id': 40674, 'name': 'Mammalia'}, {'tax_id': 32525, 'name': 'Theria'}, {'tax_id': 9347, 'name': 'Eutheria'}, {'tax_id': 1437010, 'name': 'Boreoeutheria'}, {'tax_id': 314146, 'name': 'Euarchontoglires'}, {'tax_id': 9443, 'name': 'Primates'}, {'tax_id': 376913, 'name': 'Haplorrhini'}, {'tax_id': 314293, 'name': 'Simiiformes'}, {'tax_id': 9526, 'name': 'Catarrhini'}, {'tax_id': 314295, 'name': 'Hominoidea'}, {'tax_id': 9604, 'name': 'Hominidae'}, {'tax_id': 207598, 'name': 'Homininae'}, {'tax_id': 9605, 'name': 'Homo'}, {'tax_id': 9606, 'name': 'Homo sapiens'}]",False,,,,True,[],[],,2,,,,,,,,,,,,,,
PV685688.1,,GenBank,,,,2025-06-10,,[],11237,complete,"Chikungunya virus strain S5b07, complete genome",,False,Africa,Reunion,Homo sapiens,"[{'tax_id': 131567, 'name': 'cellular organisms'}, {'tax_id': 2759, 'name': 'Eukaryota'}, {'tax_id': 33154, 'name': 'Opisthokonta'}, {'tax_id': 33208, 'name': 'Metazoa'}, {'tax_id': 6072, 'name': 'Eumetazoa'}, {'tax_id': 33213, 'name': 'Bilateria'}, {'tax_id': 33511, 'name': 'Deuterostomia'}, {'tax_id': 7711, 'name': 'Chordata'}, {'tax_id': 89593, 'name': 'Craniata'}, {'tax_id': 7742, 'name': 'Vertebrata'}, {'tax_id': 7776, 'name': 'Gnathostomata'}, {'tax_id': 117570, 'name': 'Teleostomi'}, {'tax_id': 117571, 'name': 'Euteleostomi'}, {'tax_id': 8287, 'name': 'Sarcopterygii'}, {'tax_id': 1338369, 'name': 'Dipnotetrapodomorpha'}, {'tax_id': 32523, 'name': 'Tetrapoda'}, {'tax_id': 32524, 'name': 'Amniota'}, {'tax_id': 40674, 'name': 'Mammalia'}, {'tax_id': 32525, 'name': 'Theria'}, {'tax_id': 9347, 'name': 'Eutheria'}, {'tax_id': 1437010, 'name': 'Boreoeutheria'}, {'tax_id': 314146, 'name': 'Euarchontoglires'}, {'tax_id': 9443, 'name': 'Primates'}, {'tax_id': 376913, 'name': 'Haplorrhini'}, {'tax_id': 314293, 'name': 'Simiiformes'}, {'tax_id': 9526, 'name': 'Catarrhini'}, {'tax_id': 314295, 'name': 'Hominoidea'}, {'tax_id': 9604, 'name': 'Hominidae'}, {'tax_id': 207598, 'name': 'Homininae'}, {'tax_id': 9605, 'name': 'Homo'}, {'tax_id': 9606, 'name': 'Homo sapiens'}]",False,,,,True,[],[],,2,,,,,,,,,,,,,,
PV685687.1,,GenBank,,,,2025-06-10,,[],11237,complete,"Chikungunya virus strain S06b01, complete genome",,False,Africa,Reunion,Homo sapiens,"[{'tax_id': 131567, 'name': 'cellular organisms'}, {'tax_id': 2759, 'name': 'Eukaryota'}, {'tax_id': 33154, 'name': 'Opisthokonta'}, {'tax_id': 33208, 'name': 'Metazoa'}, {'tax_id': 6072, 'name': 'Eumetazoa'}, {'tax_id': 33213, 'name': 'Bilateria'}, {'tax_id': 33511, 'name': 'Deuterostomia'}, {'tax_id': 7711, 'name': 'Chordata'}, {'tax_id': 89593, 'name': 'Craniata'}, {'tax_id': 7742, 'name': 'Vertebrata'}, {'tax_id': 7776, 'name': 'Gnathostomata'}, {'tax_id': 117570, 'name': 'Teleostomi'}, {'tax_id': 117571, 'name': 'Euteleostomi'}, {'tax_id': 8287, 'name': 'Sarcopterygii'}, {'tax_id': 1338369, 'name': 'Dipnotetrapodomorpha'}, {'tax_id': 32523, 'name': 'Tetrapoda'}, {'tax_id': 32524, 'name': 'Amniota'}, {'tax_id': 40674, 'name': 'Mammalia'}, {'tax_id': 32525, 'name': 'Theria'}, {'tax_id': 9347, 'name': 'Eutheria'}, {'tax_id': 1437010, 'name': 'Boreoeutheria'}, {'tax_id': 314146, 'name': 'Euarchontoglires'}, {'tax_id': 9443, 'name': 'Primates'}, {'tax_id': 376913, 'name': 'Haplorrhini'}, {'tax_id': 314293, 'name': 'Simiiformes'}, {'tax_id': 9526, 'name': 'Catarrhini'}, {'tax_id': 314295, 'name': 'Hominoidea'}, {'tax_id': 9604, 'name': 'Hominidae'}, {'tax_id': 207598, 'name': 'Homininae'}, {'tax_id': 9605, 'name': 'Homo'}, {'tax_id': 9606, 'name': 'Homo sapiens'}]",False,,,,True,[],[],,2,,,,,,,,,,,,,,
PV685686.1,,GenBank,,,,2025-06-10,,[],11237,complete,"Chikungunya virus strain S4b3, complete genome",,False,Africa,Reunion,Homo sapiens,"[{'tax_id': 131567, 'name': 'cellular organisms'}, {'tax_id': 2759, 'name': 'Eukaryota'}, {'tax_id': 33154, 'name': 'Opisthokonta'}, {'tax_id': 33208, 'name': 'Metazoa'}, {'tax_id': 6072, 'name': 'Eumetazoa'}, {'tax_id': 33213, 'name': 'Bilateria'}, {'tax_id': 33511, 'name': 'Deuterostomia'}, {'tax_id': 7711, 'name': 'Chordata'}, {'tax_id': 89593, 'name': 'Craniata'}, {'tax_id': 7742, 'name': 'Vertebrata'}, {'tax_id': 7776, 'name': 'Gnathostomata'}, {'tax_id': 117570, 'name': 'Teleostomi'}, {'tax_id': 117571, 'name': 'Euteleostomi'}, {'tax_id': 8287, 'name': 'Sarcopterygii'}, {'tax_id': 1338369, 'name': 'Dipnotetrapodomorpha'}, {'tax_id': 32523, 'name': 'Tetrapoda'}, {'tax_id': 32524, 'name': 'Amniota'}, {'tax_id': 40674, 'name': 'Mammalia'}, {'tax_id': 32525, 'name': 'Theria'}, {'tax_id': 9347, 'name': 'Eutheria'}, {'tax_id': 1437010, 'name': 'Boreoeutheria'}, {'tax_id': 314146, 'name': 'Euarchontoglires'}, {'tax_id': 9443, 'name': 'Primates'}, {'tax_id': 376913, 'name': 'Haplorrhini'}, {'tax_id': 314293, 'name': 'Simiiformes'}, {'tax_id': 9526, 'name': 'Catarrhini'}, {'tax_id': 314295, 'name': 'Hominoidea'}, {'tax_id': 9604, 'name': 'Hominidae'}, {'tax_id': 207598, 'name': 'Homininae'}, {'tax_id': 9605, 'name': 'Homo'}, {'tax_id': 9606, 'name': 'Homo sapiens'}]",False,,,,True,[],[],,2,,,,,,,,,,,,,,
PV685685.1,,GenBank,,,,2025-06-10,,[],11237,complete,"Chikungunya virus strain S3b83, complete genome",,False,Africa,Reunion,Homo sapiens,"[{'tax_id': 131567, 'name': 'cellular organisms'}, {'tax_id': 2759, 'name': 'Eukaryota'}, {'tax_id': 33154, 'name': 'Opisthokonta'}, {'tax_id': 33208, 'name': 'Metazoa'}, {'tax_id': 6072, 'name': 'Eumetazoa'}, {'tax_id': 33213, 'name': 'Bilateria'}, {'tax_id': 33511, 'name': 'Deuterostomia'}, {'tax_id': 7711, 'name': 'Chordata'}, {'tax_id': 89593, 'name': 'Craniata'}, {'tax_id': 7742, 'name': 'Vertebrata'}, {'tax_id': 7776, 'name': 'Gnathostomata'}, {'tax_id': 117570, 'name': 'Teleostomi'}, {'tax_id': 117571, 'name': 'Euteleostomi'}, {'tax_id': 8287, 'name': 'Sarcopterygii'}, {'tax_id': 1338369, 'name': 'Dipnotetrapodomorpha'}, {'tax_id': 32523, 'name': 'Tetrapoda'}, {'tax_id': 32524, 'name': 'Amniota'}, {'tax_id': 40674, 'name': 'Mammalia'}, {'tax_id': 32525, 'name': 'Theria'}, {'tax_id': 9347, 'name': 'Eutheria'}, {'tax_id': 1437010, 'name': 'Boreoeutheria'}, {'tax_id': 314146, 'name': 'Euarchontoglires'}, {'tax_id': 9443, 'name': 'Primates'}, {'tax_id': 376913, 'name': 'Haplorrhini'}, {'tax_id': 314293, 'name': 'Simiiformes'}, {'tax_id': 9526, 'name': 'Catarrhini'}, {'tax_id': 314295, 'name': 'Hominoidea'}, {'tax_id': 9604, 'name': 'Hominidae'}, {'tax_id': 207598, 'name': 'Homininae'}, {'tax_id': 9605, 'name': 'Homo'}, {'tax_id': 9606, 'name': 'Homo sapiens'}]",False,,,,True,[],[],,2,,,,,,,,,,,,,,
PV685684.1,,GenBank,,,,2025-06-10,,[],11237,complete,"Chikungunya virus strain S3b82, complete genome",,False,Africa,Reunion,Homo sapiens,"[{'tax_id': 131567, 'name': 'cellular organisms'}, {'tax_id': 2759, 'name': 'Eukaryota'}, {'tax_id': 33154, 'name': 'Opisthokonta'}, {'tax_id': 33208, 'name': 'Metazoa'}, {'tax_id': 6072, 'name': 'Eumetazoa'}, {'tax_id': 33213, 'name': 'Bilateria'}, {'tax_id': 33511, 'name': 'Deuterostomia'}, {'tax_id': 7711, 'name': 'Chordata'}, {'tax_id': 89593, 'name': 'Craniata'}, {'tax_id': 7742, 'name': 'Vertebrata'}, {'tax_id': 7776, 'name': 'Gnathostomata'}, {'tax_id': 117570, 'name': 'Teleostomi'}, {'tax_id': 117571, 'name': 'Euteleostomi'}, {'tax_id': 8287, 'name': 'Sarcopterygii'}, {'tax_id': 1338369, 'name': 'Dipnotetrapodomorpha'}, {'tax_id': 32523, 'name': 'Tetrapoda'}, {'tax_id': 32524, 'name': 'Amniota'}, {'tax_id': 40674, 'name': 'Mammalia'}, {'tax_id': 32525, 'name': 'Theria'}, {'tax_id': 9347, 'name': 'Eutheria'}, {'tax_id': 1437010, 'name': 'Boreoeutheria'}, {'tax_id': 314146, 'name': 'Euarchontoglires'}, {'tax_id': 9443, 'name': 'Primates'}, {'tax_id': 376913, 'name': 'Haplorrhini'}, {'tax_id': 314293, 'name': 'Simiiformes'}, {'tax_id': 9526, 'name': 'Catarrhini'}, {'tax_id': 314295, 'name': 'Hominoidea'}, {'tax_id': 9604, 'name': 'Hominidae'}, {'tax_id': 207598, 'name': 'Homininae'}, {'tax_id': 9605, 'name': 'Homo'}, {'tax_id': 9606, 'name': 'Homo sapiens'}]",False,,,,True,[],[],,2,,,,,,,,,,,,,,
PV685682.1,,GenBank,,,,2025-06-10,,[],11237,complete,"Chikungunya virus strain S2b92, complete genome",,False,Africa,Reunion,Homo sapiens,"[{'tax_id': 131567, 'name': 'cellular organisms'}, {'tax_id': 2759, 'name': 'Eukaryota'}, {'tax_id': 33154, 'name': 'Opisthokonta'}, {'tax_id': 33208, 'name': 'Metazoa'}, {'tax_id': 6072, 'name': 'Eumetazoa'}, {'tax_id': 33213, 'name': 'Bilateria'}, {'tax_id': 33511, 'name': 'Deuterostomia'}, {'tax_id': 7711, 'name': 'Chordata'}, {'tax_id': 89593, 'name': 'Craniata'}, {'tax_id': 7742, 'name': 'Vertebrata'}, {'tax_id': 7776, 'name': 'Gnathostomata'}, {'tax_id': 117570, 'name': 'Teleostomi'}, {'tax_id': 117571, 'name': 'Euteleostomi'}, {'tax_id': 8287, 'name': 'Sarcopterygii'}, {'tax_id': 1338369, 'name': 'Dipnotetrapodomorpha'}, {'tax_id': 32523, 'name': 'Tetrapoda'}, {'tax_id': 32524, 'name': 'Amniota'}, {'tax_id': 40674, 'name': 'Mammalia'}, {'tax_id': 32525, 'name': 'Theria'}, {'tax_id': 9347, 'name': 'Eutheria'}, {'tax_id': 1437010, 'name': 'Boreoeutheria'}, {'tax_id': 314146, 'name': 'Euarchontoglires'}, {'tax_id': 9443, 'name': 'Primates'}, {'tax_id': 376913, 'name': 'Haplorrhini'}, {'tax_id': 314293, 'name': 'Simiiformes'}, {'tax_id': 9526, 'name': 'Catarrhini'}, {'tax_id': 314295, 'name': 'Hominoidea'}, {'tax_id': 9604, 'name': 'Hominidae'}, {'tax_id': 207598, 'name': 'Homininae'}, {'tax_id': 9605, 'name': 'Homo'}, {'tax_id': 9606, 'name': 'Homo sapiens'}]",False,,,,True,[],[],,2,,,,,,,,,,,,,,
PV685681.1,,GenBank,,,,2025-06-10,,[],11237,complete,"Chikungunya virus strain S26b12, complete genome",,False,Africa,Reunion,Homo sapiens,"[{'tax_id': 131567, 'name': 'cellular organisms'}, {'tax_id': 2759, 'name': 'Eukaryota'}, {'tax_id': 33154, 'name': 'Opisthokonta'}, {'tax_id': 33208, 'name': 'Metazoa'}, {'tax_id': 6072, 'name': 'Eumetazoa'}, {'tax_id': 33213, 'name': 'Bilateria'}, {'tax_id': 33511, 'name': 'Deuterostomia'}, {'tax_id': 7711, 'name': 'Chordata'}, {'tax_id': 89593, 'name': 'Craniata'}, {'tax_id': 7742, 'name': 'Vertebrata'}, {'tax_id': 7776, 'name': 'Gnathostomata'}, {'tax_id': 117570, 'name': 'Teleostomi'}, {'tax_id': 117571, 'name': 'Euteleostomi'}, {'tax_id': 8287, 'name': 'Sarcopterygii'}, {'tax_id': 1338369, 'name': 'Dipnotetrapodomorpha'}, {'tax_id': 32523, 'name': 'Tetrapoda'}, {'tax_id': 32524, 'name': 'Amniota'}, {'tax_id': 40674, 'name': 'Mammalia'}, {'tax_id': 32525, 'name': 'Theria'}, {'tax_id': 9347, 'name': 'Eutheria'}, {'tax_id': 1437010, 'name': 'Boreoeutheria'}, {'tax_id': 314146, 'name': 'Euarchontoglires'}, {'tax_id': 9443, 'name': 'Primates'}, {'tax_id': 376913, 'name': 'Haplorrhini'}, {'tax_id': 314293, 'name': 'Simiiformes'}, {'tax_id': 9526, 'name': 'Catarrhini'}, {'tax_id': 314295, 'name': 'Hominoidea'}, {'tax_id': 9604, 'name': 'Hominidae'}, {'tax_id': 207598, 'name': 'Homininae'}, {'tax_id': 9605, 'name': 'Homo'}, {'tax_id': 9606, 'name': 'Homo sapiens'}]",False,,,,True,[],[],,2,,,,,,,,,,,,,,
PV685680.1,,GenBank,,,,2025-06-10,,[],11237,complete,"Chikungunya virus strain S26b08, complete genome",,False,Africa,Reunion,Homo sapiens,"[{'tax_id': 131567, 'name': 'cellular organisms'}, {'tax_id': 2759, 'name': 'Eukaryota'}, {'tax_id': 33154, 'name': 'Opisthokonta'}, {'tax_id': 33208, 'name': 'Metazoa'}, {'tax_id': 6072, 'name': 'Eumetazoa'}, {'tax_id': 33213, 'name': 'Bilateria'}, {'tax_id': 33511, 'name': 'Deuterostomia'}, {'tax_id': 7711, 'name': 'Chordata'}, {'tax_id': 89593, 'name': 'Craniata'}, {'tax_id': 7742, 'name': 'Vertebrata'}, {'tax_id': 7776, 'name': 'Gnathostomata'}, {'tax_id': 117570, 'name': 'Teleostomi'}, {'tax_id': 117571, 'name': 'Euteleostomi'}, {'tax_id': 8287, 'name': 'Sarcopterygii'}, {'tax_id': 1338369, 'name': 'Dipnotetrapodomorpha'}, {'tax_id': 32523, 'name': 'Tetrapoda'}, {'tax_id': 32524, 'name': 'Amniota'}, {'tax_id': 40674, 'name': 'Mammalia'}, {'tax_id': 32525, 'name': 'Theria'}, {'tax_id': 9347, 'name': 'Eutheria'}, {'tax_id': 1437010, 'name': 'Boreoeutheria'}, {'tax_id': 314146, 'name': 'Euarchontoglires'}, {'tax_id': 9443, 'name': 'Primates'}, {'tax_id': 376913, 'name': 'Haplorrhini'}, {'tax_id': 314293, 'name': 'Simiiformes'}, {'tax_id': 9526, 'name': 'Catarrhini'}, {'tax_id': 314295, 'name': 'Hominoidea'}, {'tax_id': 9604, 'name': 'Hominidae'}, {'tax_id': 207598, 'name': 'Homininae'}, {'tax_id': 9605, 'name': 'Homo'}, {'tax_id': 9606, 'name': 'Homo sapiens'}]",False,,,,True,[],[],,2,,,,,,,,,,,,,,
PV685679.1,,GenBank,,,,2025-06-10,,[],11237,complete,"Chikungunya virus strain S26b07, complete genome",,False,Africa,Reunion,Homo sapiens,"[{'tax_id': 131567, 'name': 'cellular organisms'}, {'tax_id': 2759, 'name': 'Eukaryota'}, {'tax_id': 33154, 'name': 'Opisthokonta'}, {'tax_id': 33208, 'name': 'Metazoa'}, {'tax_id': 6072, 'name': 'Eumetazoa'}, {'tax_id': 33213, 'name': 'Bilateria'}, {'tax_id': 33511, 'name': 'Deuterostomia'}, {'tax_id': 7711, 'name': 'Chordata'}, {'tax_id': 89593, 'name': 'Craniata'}, {'tax_id': 7742, 'name': 'Vertebrata'}, {'tax_id': 7776, 'name': 'Gnathostomata'}, {'tax_id': 117570, 'name': 'Teleostomi'}, {'tax_id': 117571, 'name': 'Euteleostomi'}, {'tax_id': 8287, 'name': 'Sarcopterygii'}, {'tax_id': 1338369, 'name': 'Dipnotetrapodomorpha'}, {'tax_id': 32523, 'name': 'Tetrapoda'}, {'tax_id': 32524, 'name': 'Amniota'}, {'tax_id': 40674, 'name': 'Mammalia'}, {'tax_id': 32525, 'name': 'Theria'}, {'tax_id': 9347, 'name': 'Eutheria'}, {'tax_id': 1437010, 'name': 'Boreoeutheria'}, {'tax_id': 314146, 'name': 'Euarchontoglires'}, {'tax_id': 9443, 'name': 'Primates'}, {'tax_id': 376913, 'name': 'Haplorrhini'}, {'tax_id': 314293, 'name': 'Simiiformes'}, {'tax_id': 9526, 'name': 'Catarrhini'}, {'tax_id': 314295, 'name': 'Hominoidea'}, {'tax_id': 9604, 'name': 'Hominidae'}, {'tax_id': 207598, 'name': 'Homininae'}, {'tax_id': 9605, 'name': 'Homo'}, {'tax_id': 9606, 'name': 'Homo sapiens'}]",False,,,,True,[],[],,2,,,,,,,,,,,,,,
PV685678.1,,GenBank,,,,2025-06-10,,[],11237,complete,"Chikungunya virus strain S26b05, complete genome",,False,Africa,Reunion,Homo sapiens,"[{'tax_id': 131567, 'name': 'cellular organisms'}, {'tax_id': 2759, 'name': 'Eukaryota'}, {'tax_id': 33154, 'name': 'Opisthokonta'}, {'tax_id': 33208, 'name': 'Metazoa'}, {'tax_id': 6072, 'name': 'Eumetazoa'}, {'tax_id': 33213, 'name': 'Bilateria'}, {'tax_id': 33511, 'name': 'Deuterostomia'}, {'tax_id': 7711, 'name': 'Chordata'}, {'tax_id': 89593, 'name': 'Craniata'}, {'tax_id': 7742, 'name': 'Vertebrata'}, {'tax_id': 7776, 'name': 'Gnathostomata'}, {'tax_id': 117570, 'name': 'Teleostomi'}, {'tax_id': 117571, 'name': 'Euteleostomi'}, {'tax_id': 8287, 'name': 'Sarcopterygii'}, {'tax_id': 1338369, 'name': 'Dipnotetrapodomorpha'}, {'tax_id': 32523, 'name': 'Tetrapoda'}, {'tax_id': 32524, 'name': 'Amniota'}, {'tax_id': 40674, 'name': 'Mammalia'}, {'tax_id': 32525, 'name': 'Theria'}, {'tax_id': 9347, 'name': 'Eutheria'}, {'tax_id': 1437010, 'name': 'Boreoeutheria'}, {'tax_id': 314146, 'name': 'Euarchontoglires'}, {'tax_id': 9443, 'name': 'Primates'}, {'tax_id': 376913, 'name': 'Haplorrhini'}, {'tax_id': 314293, 'name': 'Simiiformes'}, {'tax_id': 9526, 'name': 'Catarrhini'}, {'tax_id': 314295, 'name': 'Hominoidea'}, {'tax_id': 9604, 'name': 'Hominidae'}, {'tax_id': 207598, 'name': 'Homininae'}, {'tax_id': 9605, 'name': 'Homo'}, {'tax_id': 9606, 'name': 'Homo sapiens'}]",False,,,,True,[],[],,2,,,,,,,,,,,,,,
PV685677.1,,GenBank,,,,2025-06-10,,[],11237,complete,"Chikungunya virus strain S28b69, complete genome",,False,Africa,Reunion,Homo sapiens,"[{'tax_id': 131567, 'name': 'cellular organisms'}, {'tax_id': 2759, 'name': 'Eukaryota'}, {'tax_id': 33154, 'name': 'Opisthokonta'}, {'tax_id': 33208, 'name': 'Metazoa'}, {'tax_id': 6072, 'name': 'Eumetazoa'}, {'tax_id': 33213, 'name': 'Bilateria'}, {'tax_id': 33511, 'name': 'Deuterostomia'}, {'tax_id': 7711, 'name': 'Chordata'}, {'tax_id': 89593, 'name': 'Craniata'}, {'tax_id': 7742, 'name': 'Vertebrata'}, {'tax_id': 7776, 'name': 'Gnathostomata'}, {'tax_id': 117570, 'name': 'Teleostomi'}, {'tax_id': 117571, 'name': 'Euteleostomi'}, {'tax_id': 8287, 'name': 'Sarcopterygii'}, {'tax_id': 1338369, 'name': 'Dipnotetrapodomorpha'}, {'tax_id': 32523, 'name': 'Tetrapoda'}, {'tax_id': 32524, 'name': 'Amniota'}, {'tax_id': 40674, 'name': 'Mammalia'}, {'tax_id': 32525, 'name': 'Theria'}, {'tax_id': 9347, 'name': 'Eutheria'}, {'tax_id': 1437010, 'name': 'Boreoeutheria'}, {'tax_id': 314146, 'name': 'Euarchontoglires'}, {'tax_id': 9443, 'name': 'Primates'}, {'tax_id': 376913, 'name': 'Haplorrhini'}, {'tax_id': 314293, 'name': 'Simiiformes'}, {'tax_id': 9526, 'name': 'Catarrhini'}, {'tax_id': 314295, 'name': 'Hominoidea'}, {'tax_id': 9604, 'name': 'Hominidae'}, {'tax_id': 207598, 'name': 'Homininae'}, {'tax_id': 9605, 'name': 'Homo'}, {'tax_id': 9606, 'name': 'Homo sapiens'}]",False,,,,True,[],[],,2,,,,,,,,,,,,,,
PV685676.1,,GenBank,,,,2025-06-10,,[],11237,complete,"Chikungunya virus strain S30b73, complete genome",,False,Africa,Reunion,Homo sapiens,"[{'tax_id': 131567, 'name': 'cellular organisms'}, {'tax_id': 2759, 'name': 'Eukaryota'}, {'tax_id': 33154, 'name': 'Opisthokonta'}, {'tax_id': 33208, 'name': 'Metazoa'}, {'tax_id': 6072, 'name': 'Eumetazoa'}, {'tax_id': 33213, 'name': 'Bilateria'}, {'tax_id': 33511, 'name': 'Deuterostomia'}, {'tax_id': 7711, 'name': 'Chordata'}, {'tax_id': 89593, 'name': 'Craniata'}, {'tax_id': 7742, 'name': 'Vertebrata'}, {'tax_id': 7776, 'name': 'Gnathostomata'}, {'tax_id': 117570, 'name': 'Teleostomi'}, {'tax_id': 117571, 'name': 'Euteleostomi'}, {'tax_id': 8287, 'name': 'Sarcopterygii'}, {'tax_id': 1338369, 'name': 'Dipnotetrapodomorpha'}, {'tax_id': 32523, 'name': 'Tetrapoda'}, {'tax_id': 32524, 'name': 'Amniota'}, {'tax_id': 40674, 'name': 'Mammalia'}, {'tax_id': 32525, 'name': 'Theria'}, {'tax_id': 9347, 'name': 'Eutheria'}, {'tax_id': 1437010, 'name': 'Boreoeutheria'}, {'tax_id': 314146, 'name': 'Euarchontoglires'}, {'tax_id': 9443, 'name': 'Primates'}, {'tax_id': 376913, 'name': 'Haplorrhini'}, {'tax_id': 314293, 'name': 'Simiiformes'}, {'tax_id': 9526, 'name': 'Catarrhini'}, {'tax_id': 314295, 'name': 'Hominoidea'}, {'tax_id': 9604, 'name': 'Hominidae'}, {'tax_id': 207598, 'name': 'Homininae'}, {'tax_id': 9605, 'name': 'Homo'}, {'tax_id': 9606, 'name': 'Homo sapiens'}]",False,,,,True,[],[],,2,,,,,,,,,,,,,,
PV685675.1,,GenBank,,,,2025-06-10,,[],11237,complete,"Chikungunya virus strain S28b13, complete genome",,False,Africa,Reunion,Homo sapiens,"[{'tax_id': 131567, 'name': 'cellular organisms'}, {'tax_id': 2759, 'name': 'Eukaryota'}, {'tax_id': 33154, 'name': 'Opisthokonta'}, {'tax_id': 33208, 'name': 'Metazoa'}, {'tax_id': 6072, 'name': 'Eumetazoa'}, {'tax_id': 33213, 'name': 'Bilateria'}, {'tax_id': 33511, 'name': 'Deuterostomia'}, {'tax_id': 7711, 'name': 'Chordata'}, {'tax_id': 89593, 'name': 'Craniata'}, {'tax_id': 7742, 'name': 'Vertebrata'}, {'tax_id': 7776, 'name': 'Gnathostomata'}, {'tax_id': 117570, 'name': 'Teleostomi'}, {'tax_id': 117571, 'name': 'Euteleostomi'}, {'tax_id': 8287, 'name': 'Sarcopterygii'}, {'tax_id': 1338369, 'name': 'Dipnotetrapodomorpha'}, {'tax_id': 32523, 'name': 'Tetrapoda'}, {'tax_id': 32524, 'name': 'Amniota'}, {'tax_id': 40674, 'name': 'Mammalia'}, {'tax_id': 32525, 'name': 'Theria'}, {'tax_id': 9347, 'name': 'Eutheria'}, {'tax_id': 1437010, 'name': 'Boreoeutheria'}, {'tax_id': 314146, 'name': 'Euarchontoglires'}, {'tax_id': 9443, 'name': 'Primates'}, {'tax_id': 376913, 'name': 'Haplorrhini'}, {'tax_id': 314293, 'name': 'Simiiformes'}, {'tax_id': 9526, 'name': 'Catarrhini'}, {'tax_id': 314295, 'name': 'Hominoidea'}, {'tax_id': 9604, 'name': 'Hominidae'}, {'tax_id': 207598, 'name': 'Homininae'}, {'tax_id': 9605, 'name': 'Homo'}, {'tax_id': 9606, 'name': 'Homo sapiens'}]",False,,,,True,[],[],,2,,,,,,,,,,,,,,
PV685674.1,,GenBank,,,,2025-06-10,,[],11237,complete,"Chikungunya virus strain S27b91, complete genome",,False,Africa,Reunion,Homo sapiens,"[{'tax_id': 131567, 'name': 'cellular organisms'}, {'tax_id': 2759, 'name': 'Eukaryota'}, {'tax_id': 33154, 'name': 'Opisthokonta'}, {'tax_id': 33208, 'name': 'Metazoa'}, {'tax_id': 6072, 'name': 'Eumetazoa'}, {'tax_id': 33213, 'name': 'Bilateria'}, {'tax_id': 33511, 'name': 'Deuterostomia'}, {'tax_id': 7711, 'name': 'Chordata'}, {'tax_id': 89593, 'name': 'Craniata'}, {'tax_id': 7742, 'name': 'Vertebrata'}, {'tax_id': 7776, 'name': 'Gnathostomata'}, {'tax_id': 117570, 'name': 'Teleostomi'}, {'tax_id': 117571, 'name': 'Euteleostomi'}, {'tax_id': 8287, 'name': 'Sarcopterygii'}, {'tax_id': 1338369, 'name': 'Dipnotetrapodomorpha'}, {'tax_id': 32523, 'name': 'Tetrapoda'}, {'tax_id': 32524, 'name': 'Amniota'}, {'tax_id': 40674, 'name': 'Mammalia'}, {'tax_id': 32525, 'name': 'Theria'}, {'tax_id': 9347, 'name': 'Eutheria'}, {'tax_id': 1437010, 'name': 'Boreoeutheria'}, {'tax_id': 314146, 'name': 'Euarchontoglires'}, {'tax_id': 9443, 'name': 'Primates'}, {'tax_id': 376913, 'name': 'Haplorrhini'}, {'tax_id': 314293, 'name': 'Simiiformes'}, {'tax_id': 9526, 'name': 'Catarrhini'}, {'tax_id': 314295, 'name': 'Hominoidea'}, {'tax_id': 9604, 'name': 'Hominidae'}, {'tax_id': 207598, 'name': 'Homininae'}, {'tax_id': 9605, 'name': 'Homo'}, {'tax_id': 9606, 'name': 'Homo sapiens'}]",False,,,,True,[],[],,2,,,,,,,,,,,,,,
PV685673.1,,GenBank,,,,2025-06-10,,[],11237,complete,"Chikungunya virus strain S26b44, complete genome",,False,Africa,Reunion,Homo sapiens,"[{'tax_id': 131567, 'name': 'cellular organisms'}, {'tax_id': 2759, 'name': 'Eukaryota'}, {'tax_id': 33154, 'name': 'Opisthokonta'}, {'tax_id': 33208, 'name': 'Metazoa'}, {'tax_id': 6072, 'name': 'Eumetazoa'}, {'tax_id': 33213, 'name': 'Bilateria'}, {'tax_id': 33511, 'name': 'Deuterostomia'}, {'tax_id': 7711, 'name': 'Chordata'}, {'tax_id': 89593, 'name': 'Craniata'}, {'tax_id': 7742, 'name': 'Vertebrata'}, {'tax_id': 7776, 'name': 'Gnathostomata'}, {'tax_id': 117570, 'name': 'Teleostomi'}, {'tax_id': 117571, 'name': 'Euteleostomi'}, {'tax_id': 8287, 'name': 'Sarcopterygii'}, {'tax_id': 1338369, 'name': 'Dipnotetrapodomorpha'}, {'tax_id': 32523, 'name': 'Tetrapoda'}, {'tax_id': 32524, 'name': 'Amniota'}, {'tax_id': 40674, 'name': 'Mammalia'}, {'tax_id': 32525, 'name': 'Theria'}, {'tax_id': 9347, 'name': 'Eutheria'}, {'tax_id': 1437010, 'name': 'Boreoeutheria'}, {'tax_id': 314146, 'name': 'Euarchontoglires'}, {'tax_id': 9443, 'name': 'Primates'}, {'tax_id': 376913, 'name': 'Haplorrhini'}, {'tax_id': 314293, 'name': 'Simiiformes'}, {'tax_id': 9526, 'name': 'Catarrhini'}, {'tax_id': 314295, 'name': 'Hominoidea'}, {'tax_id': 9604, 'name': 'Hominidae'}, {'tax_id': 207598, 'name': 'Homininae'}, {'tax_id': 9605, 'name': 'Homo'}, {'tax_id': 9606, 'name': 'Homo sapiens'}]",False,,,,True,[],[],,2,,,,,,,,,,,,,,
PV685672.1,,GenBank,,,,2025-06-10,,[],11237,complete,"Chikungunya virus strain S26b04, complete genome",,False,Africa,Reunion,Homo sapiens,"[{'tax_id': 131567, 'name': 'cellular organisms'}, {'tax_id': 2759, 'name': 'Eukaryota'}, {'tax_id': 33154, 'name': 'Opisthokonta'}, {'tax_id': 33208, 'name': 'Metazoa'}, {'tax_id': 6072, 'name': 'Eumetazoa'}, {'tax_id': 33213, 'name': 'Bilateria'}, {'tax_id': 33511, 'name': 'Deuterostomia'}, {'tax_id': 7711, 'name': 'Chordata'}, {'tax_id': 89593, 'name': 'Craniata'}, {'tax_id': 7742, 'name': 'Vertebrata'}, {'tax_id': 7776, 'name': 'Gnathostomata'}, {'tax_id': 117570, 'name': 'Teleostomi'}, {'tax_id': 117571, 'name': 'Euteleostomi'}, {'tax_id': 8287, 'name': 'Sarcopterygii'}, {'tax_id': 1338369, 'name': 'Dipnotetrapodomorpha'}, {'tax_id': 32523, 'name': 'Tetrapoda'}, {'tax_id': 32524, 'name': 'Amniota'}, {'tax_id': 40674, 'name': 'Mammalia'}, {'tax_id': 32525, 'name': 'Theria'}, {'tax_id': 9347, 'name': 'Eutheria'}, {'tax_id': 1437010, 'name': 'Boreoeutheria'}, {'tax_id': 314146, 'name': 'Euarchontoglires'}, {'tax_id': 9443, 'name': 'Primates'}, {'tax_id': 376913, 'name': 'Haplorrhini'}, {'tax_id': 314293, 'name': 'Simiiformes'}, {'tax_id': 9526, 'name': 'Catarrhini'}, {'tax_id': 314295, 'name': 'Hominoidea'}, {'tax_id': 9604, 'name': 'Hominidae'}, {'tax_id': 207598, 'name': 'Homininae'}, {'tax_id': 9605, 'name': 'Homo'}, {'tax_id': 9606, 'name': 'Homo sapiens'}]",False,,,,True,[],[],,2,,,,,,,,,,,,,,
PV685671.1,,GenBank,,,,2025-06-10,,[],11237,complete,"Chikungunya virus strain S27b31, complete genome",,False,Africa,Reunion,Homo sapiens,"[{'tax_id': 131567, 'name': 'cellular organisms'}, {'tax_id': 2759, 'name': 'Eukaryota'}, {'tax_id': 33154, 'name': 'Opisthokonta'}, {'tax_id': 33208, 'name': 'Metazoa'}, {'tax_id': 6072, 'name': 'Eumetazoa'}, {'tax_id': 33213, 'name': 'Bilateria'}, {'tax_id': 33511, 'name': 'Deuterostomia'}, {'tax_id': 7711, 'name': 'Chordata'}, {'tax_id': 89593, 'name': 'Craniata'}, {'tax_id': 7742, 'name': 'Vertebrata'}, {'tax_id': 7776, 'name': 'Gnathostomata'}, {'tax_id': 117570, 'name': 'Teleostomi'}, {'tax_id': 117571, 'name': 'Euteleostomi'}, {'tax_id': 8287, 'name': 'Sarcopterygii'}, {'tax_id': 1338369, 'name': 'Dipnotetrapodomorpha'}, {'tax_id': 32523, 'name': 'Tetrapoda'}, {'tax_id': 32524, 'name': 'Amniota'}, {'tax_id': 40674, 'name': 'Mammalia'}, {'tax_id': 32525, 'name': 'Theria'}, {'tax_id': 9347, 'name': 'Eutheria'}, {'tax_id': 1437010, 'name': 'Boreoeutheria'}, {'tax_id': 314146, 'name': 'Euarchontoglires'}, {'tax_id': 9443, 'name': 'Primates'}, {'tax_id': 376913, 'name': 'Haplorrhini'}, {'tax_id': 314293, 'name': 'Simiiformes'}, {'tax_id': 9526, 'name': 'Catarrhini'}, {'tax_id': 314295, 'name': 'Hominoidea'}, {'tax_id': 9604, 'name': 'Hominidae'}, {'tax_id': 207598, 'name': 'Homininae'}, {'tax_id': 9605, 'name': 'Homo'}, {'tax_id': 9606, 'name': 'Homo sapiens'}]",False,,,,True,[],[],,2,,,,,,,,,,,,,,
PV685670.1,,GenBank,,,,2025-06-10,,[],11237,complete,"Chikungunya virus strain S16b60, complete genome",,False,Africa,Reunion,Homo sapiens,"[{'tax_id': 131567, 'name': 'cellular organisms'}, {'tax_id': 2759, 'name': 'Eukaryota'}, {'tax_id': 33154, 'name': 'Opisthokonta'}, {'tax_id': 33208, 'name': 'Metazoa'}, {'tax_id': 6072, 'name': 'Eumetazoa'}, {'tax_id': 33213, 'name': 'Bilateria'}, {'tax_id': 33511, 'name': 'Deuterostomia'}, {'tax_id': 7711, 'name': 'Chordata'}, {'tax_id': 89593, 'name': 'Craniata'}, {'tax_id': 7742, 'name': 'Vertebrata'}, {'tax_id': 7776, 'name': 'Gnathostomata'}, {'tax_id': 117570, 'name': 'Teleostomi'}, {'tax_id': 117571, 'name': 'Euteleostomi'}, {'tax_id': 8287, 'name': 'Sarcopterygii'}, {'tax_id': 1338369, 'name': 'Dipnotetrapodomorpha'}, {'tax_id': 32523, 'name': 'Tetrapoda'}, {'tax_id': 32524, 'name': 'Amniota'}, {'tax_id': 40674, 'name': 'Mammalia'}, {'tax_id': 32525, 'name': 'Theria'}, {'tax_id': 9347, 'name': 'Eutheria'}, {'tax_id': 1437010, 'name': 'Boreoeutheria'}, {'tax_id': 314146, 'name': 'Euarchontoglires'}, {'tax_id': 9443, 'name': 'Primates'}, {'tax_id': 376913, 'name': 'Haplorrhini'}, {'tax_id': 314293, 'name': 'Simiiformes'}, {'tax_id': 9526, 'name': 'Catarrhini'}, {'tax_id': 314295, 'name': 'Hominoidea'}, {'tax_id': 9604, 'name': 'Hominidae'}, {'tax_id': 207598, 'name': 'Homininae'}, {'tax_id': 9605, 'name': 'Homo'}, {'tax_id': 9606, 'name': 'Homo sapiens'}]",False,,,,True,[],[],,2,,,,,,,,,,,,,,
PV685669.1,,GenBank,,,,2025-06-10,,[],11237,complete,"Chikungunya virus strain S19b17, complete genome",,False,Africa,Reunion,Homo sapiens,"[{'tax_id': 131567, 'name': 'cellular organisms'}, {'tax_id': 2759, 'name': 'Eukaryota'}, {'tax_id': 33154, 'name': 'Opisthokonta'}, {'tax_id': 33208, 'name': 'Metazoa'}, {'tax_id': 6072, 'name': 'Eumetazoa'}, {'tax_id': 33213, 'name': 'Bilateria'}, {'tax_id': 33511, 'name': 'Deuterostomia'}, {'tax_id': 7711, 'name': 'Chordata'}, {'tax_id': 89593, 'name': 'Craniata'}, {'tax_id': 7742, 'name': 'Vertebrata'}, {'tax_id': 7776, 'name': 'Gnathostomata'}, {'tax_id': 117570, 'name': 'Teleostomi'}, {'tax_id': 117571, 'name': 'Euteleostomi'}, {'tax_id': 8287, 'name': 'Sarcopterygii'}, {'tax_id': 1338369, 'name': 'Dipnotetrapodomorpha'}, {'tax_id': 32523, 'name': 'Tetrapoda'}, {'tax_id': 32524, 'name': 'Amniota'}, {'tax_id': 40674, 'name': 'Mammalia'}, {'tax_id': 32525, 'name': 'Theria'}, {'tax_id': 9347, 'name': 'Eutheria'}, {'tax_id': 1437010, 'name': 'Boreoeutheria'}, {'tax_id': 314146, 'name': 'Euarchontoglires'}, {'tax_id': 9443, 'name': 'Primates'}, {'tax_id': 376913, 'name': 'Haplorrhini'}, {'tax_id': 314293, 'name': 'Simiiformes'}, {'tax_id': 9526, 'name': 'Catarrhini'}, {'tax_id': 314295, 'name': 'Hominoidea'}, {'tax_id': 9604, 'name': 'Hominidae'}, {'tax_id': 207598, 'name': 'Homininae'}, {'tax_id': 9605, 'name': 'Homo'}, {'tax_id': 9606, 'name': 'Homo sapiens'}]",False,,,,True,[],[],,2,,,,,,,,,,,,,,
PV685668.1,,GenBank,,,,2025-06-10,,[],11237,complete,"Chikungunya virus strain S8b64, complete genome",,False,Africa,Reunion,Homo sapiens,"[{'tax_id': 131567, 'name': 'cellular organisms'}, {'tax_id': 2759, 'name': 'Eukaryota'}, {'tax_id': 33154, 'name': 'Opisthokonta'}, {'tax_id': 33208, 'name': 'Metazoa'}, {'tax_id': 6072, 'name': 'Eumetazoa'}, {'tax_id': 33213, 'name': 'Bilateria'}, {'tax_id': 33511, 'name': 'Deuterostomia'}, {'tax_id': 7711, 'name': 'Chordata'}, {'tax_id': 89593, 'name': 'Craniata'}, {'tax_id': 7742, 'name': 'Vertebrata'}, {'tax_id': 7776, 'name': 'Gnathostomata'}, {'tax_id': 117570, 'name': 'Teleostomi'}, {'tax_id': 117571, 'name': 'Euteleostomi'}, {'tax_id': 8287, 'name': 'Sarcopterygii'}, {'tax_id': 1338369, 'name': 'Dipnotetrapodomorpha'}, {'tax_id': 32523, 'name': 'Tetrapoda'}, {'tax_id': 32524, 'name': 'Amniota'}, {'tax_id': 40674, 'name': 'Mammalia'}, {'tax_id': 32525, 'name': 'Theria'}, {'tax_id': 9347, 'name': 'Eutheria'}, {'tax_id': 1437010, 'name': 'Boreoeutheria'}, {'tax_id': 314146, 'name': 'Euarchontoglires'}, {'tax_id': 9443, 'name': 'Primates'}, {'tax_id': 376913, 'name': 'Haplorrhini'}, {'tax_id': 314293, 'name': 'Simiiformes'}, {'tax_id': 9526, 'name': 'Catarrhini'}, {'tax_id': 314295, 'name': 'Hominoidea'}, {'tax_id': 9604, 'name': 'Hominidae'}, {'tax_id': 207598, 'name': 'Homininae'}, {'tax_id': 9605, 'name': 'Homo'}, {'tax_id': 9606, 'name': 'Homo sapiens'}]",False,,,,True,[],[],,2,,,,,,,,,,,,,,
PV685667.1,,GenBank,,,,2025-06-10,,[],11237,complete,"Chikungunya virus strain S17b24, complete genome",,False,Africa,Reunion,Homo sapiens,"[{'tax_id': 131567, 'name': 'cellular organisms'}, {'tax_id': 2759, 'name': 'Eukaryota'}, {'tax_id': 33154, 'name': 'Opisthokonta'}, {'tax_id': 33208, 'name': 'Metazoa'}, {'tax_id': 6072, 'name': 'Eumetazoa'}, {'tax_id': 33213, 'name': 'Bilateria'}, {'tax_id': 33511, 'name': 'Deuterostomia'}, {'tax_id': 7711, 'name': 'Chordata'}, {'tax_id': 89593, 'name': 'Craniata'}, {'tax_id': 7742, 'name': 'Vertebrata'}, {'tax_id': 7776, 'name': 'Gnathostomata'}, {'tax_id': 117570, 'name': 'Teleostomi'}, {'tax_id': 117571, 'name': 'Euteleostomi'}, {'tax_id': 8287, 'name': 'Sarcopterygii'}, {'tax_id': 1338369, 'name': 'Dipnotetrapodomorpha'}, {'tax_id': 32523, 'name': 'Tetrapoda'}, {'tax_id': 32524, 'name': 'Amniota'}, {'tax_id': 40674, 'name': 'Mammalia'}, {'tax_id': 32525, 'name': 'Theria'}, {'tax_id': 9347, 'name': 'Eutheria'}, {'tax_id': 1437010, 'name': 'Boreoeutheria'}, {'tax_id': 314146, 'name': 'Euarchontoglires'}, {'tax_id': 9443, 'name': 'Primates'}, {'tax_id': 376913, 'name': 'Haplorrhini'}, {'tax_id': 314293, 'name': 'Simiiformes'}, {'tax_id': 9526, 'name': 'Catarrhini'}, {'tax_id': 314295, 'name': 'Hominoidea'}, {'tax_id': 9604, 'name': 'Hominidae'}, {'tax_id': 207598, 'name': 'Homininae'}, {'tax_id': 9605, 'name': 'Homo'}, {'tax_id': 9606, 'name': 'Homo sapiens'}]",False,,,,True,[],[],,2,,,,,,,,,,,,,,
PV685666.1,,GenBank,,,,2025-06-10,,[],11237,complete,"Chikungunya virus strain S19b42, complete genome",,False,Africa,Reunion,Homo sapiens,"[{'tax_id': 131567, 'name': 'cellular organisms'}, {'tax_id': 2759, 'name': 'Eukaryota'}, {'tax_id': 33154, 'name': 'Opisthokonta'}, {'tax_id': 33208, 'name': 'Metazoa'}, {'tax_id': 6072, 'name': 'Eumetazoa'}, {'tax_id': 33213, 'name': 'Bilateria'}, {'tax_id': 33511, 'name': 'Deuterostomia'}, {'tax_id': 7711, 'name': 'Chordata'}, {'tax_id': 89593, 'name': 'Craniata'}, {'tax_id': 7742, 'name': 'Vertebrata'}, {'tax_id': 7776, 'name': 'Gnathostomata'}, {'tax_id': 117570, 'name': 'Teleostomi'}, {'tax_id': 117571, 'name': 'Euteleostomi'}, {'tax_id': 8287, 'name': 'Sarcopterygii'}, {'tax_id': 1338369, 'name': 'Dipnotetrapodomorpha'}, {'tax_id': 32523, 'name': 'Tetrapoda'}, {'tax_id': 32524, 'name': 'Amniota'}, {'tax_id': 40674, 'name': 'Mammalia'}, {'tax_id': 32525, 'name': 'Theria'}, {'tax_id': 9347, 'name': 'Eutheria'}, {'tax_id': 1437010, 'name': 'Boreoeutheria'}, {'tax_id': 314146, 'name': 'Euarchontoglires'}, {'tax_id': 9443, 'name': 'Primates'}, {'tax_id': 376913, 'name': 'Haplorrhini'}, {'tax_id': 314293, 'name': 'Simiiformes'}, {'tax_id': 9526, 'name': 'Catarrhini'}, {'tax_id': 314295, 'name': 'Hominoidea'}, {'tax_id': 9604, 'name': 'Hominidae'}, {'tax_id': 207598, 'name': 'Homininae'}, {'tax_id': 9605, 'name': 'Homo'}, {'tax_id': 9606, 'name': 'Homo sapiens'}]",False,,,,True,[],[],,2,,,,,,,,,,,,,,
PV685665.1,,GenBank,,,,2025-06-10,,[],11237,complete,"Chikungunya virus strain S20b30, complete genome",,False,Africa,Reunion,Homo sapiens,"[{'tax_id': 131567, 'name': 'cellular organisms'}, {'tax_id': 2759, 'name': 'Eukaryota'}, {'tax_id': 33154, 'name': 'Opisthokonta'}, {'tax_id': 33208, 'name': 'Metazoa'}, {'tax_id': 6072, 'name': 'Eumetazoa'}, {'tax_id': 33213, 'name': 'Bilateria'}, {'tax_id': 33511, 'name': 'Deuterostomia'}, {'tax_id': 7711, 'name': 'Chordata'}, {'tax_id': 89593, 'name': 'Craniata'}, {'tax_id': 7742, 'name': 'Vertebrata'}, {'tax_id': 7776, 'name': 'Gnathostomata'}, {'tax_id': 117570, 'name': 'Teleostomi'}, {'tax_id': 117571, 'name': 'Euteleostomi'}, {'tax_id': 8287, 'name': 'Sarcopterygii'}, {'tax_id': 1338369, 'name': 'Dipnotetrapodomorpha'}, {'tax_id': 32523, 'name': 'Tetrapoda'}, {'tax_id': 32524, 'name': 'Amniota'}, {'tax_id': 40674, 'name': 'Mammalia'}, {'tax_id': 32525, 'name': 'Theria'}, {'tax_id': 9347, 'name': 'Eutheria'}, {'tax_id': 1437010, 'name': 'Boreoeutheria'}, {'tax_id': 314146, 'name': 'Euarchontoglires'}, {'tax_id': 9443, 'name': 'Primates'}, {'tax_id': 376913, 'name': 'Haplorrhini'}, {'tax_id': 314293, 'name': 'Simiiformes'}, {'tax_id': 9526, 'name': 'Catarrhini'}, {'tax_id': 314295, 'name': 'Hominoidea'}, {'tax_id': 9604, 'name': 'Hominidae'}, {'tax_id': 207598, 'name': 'Homininae'}, {'tax_id': 9605, 'name': 'Homo'}, {'tax_id': 9606, 'name': 'Homo sapiens'}]",False,,,,True,[],[],,2,,,,,,,,,,,,,,
PV685664.1,,GenBank,,,,2025-06-10,,[],11237,complete,"Chikungunya virus strain S15b86, complete genome",,False,Africa,Reunion,Homo sapiens,"[{'tax_id': 131567, 'name': 'cellular organisms'}, {'tax_id': 2759, 'name': 'Eukaryota'}, {'tax_id': 33154, 'name': 'Opisthokonta'}, {'tax_id': 33208, 'name': 'Metazoa'}, {'tax_id': 6072, 'name': 'Eumetazoa'}, {'tax_id': 33213, 'name': 'Bilateria'}, {'tax_id': 33511, 'name': 'Deuterostomia'}, {'tax_id': 7711, 'name': 'Chordata'}, {'tax_id': 89593, 'name': 'Craniata'}, {'tax_id': 7742, 'name': 'Vertebrata'}, {'tax_id': 7776, 'name': 'Gnathostomata'}, {'tax_id': 117570, 'name': 'Teleostomi'}, {'tax_id': 117571, 'name': 'Euteleostomi'}, {'tax_id': 8287, 'name': 'Sarcopterygii'}, {'tax_id': 1338369, 'name': 'Dipnotetrapodomorpha'}, {'tax_id': 32523, 'name': 'Tetrapoda'}, {'tax_id': 32524, 'name': 'Amniota'}, {'tax_id': 40674, 'name': 'Mammalia'}, {'tax_id': 32525, 'name': 'Theria'}, {'tax_id': 9347, 'name': 'Eutheria'}, {'tax_id': 1437010, 'name': 'Boreoeutheria'}, {'tax_id': 314146, 'name': 'Euarchontoglires'}, {'tax_id': 9443, 'name': 'Primates'}, {'tax_id': 376913, 'name': 'Haplorrhini'}, {'tax_id': 314293, 'name': 'Simiiformes'}, {'tax_id': 9526, 'name': 'Catarrhini'}, {'tax_id': 314295, 'name': 'Hominoidea'}, {'tax_id': 9604, 'name': 'Hominidae'}, {'tax_id': 207598, 'name': 'Homininae'}, {'tax_id': 9605, 'name': 'Homo'}, {'tax_id': 9606, 'name': 'Homo sapiens'}]",False,,,,True,[],[],,2,,,,,,,,,,,,,,
PV685663.1,,GenBank,,,,2025-06-10,,[],11237,complete,"Chikungunya virus strain S20b13, complete genome",,False,Africa,Reunion,Homo sapiens,"[{'tax_id': 131567, 'name': 'cellular organisms'}, {'tax_id': 2759, 'name': 'Eukaryota'}, {'tax_id': 33154, 'name': 'Opisthokonta'}, {'tax_id': 33208, 'name': 'Metazoa'}, {'tax_id': 6072, 'name': 'Eumetazoa'}, {'tax_id': 33213, 'name': 'Bilateria'}, {'tax_id': 33511, 'name': 'Deuterostomia'}, {'tax_id': 7711, 'name': 'Chordata'}, {'tax_id': 89593, 'name': 'Craniata'}, {'tax_id': 7742, 'name': 'Vertebrata'}, {'tax_id': 7776, 'name': 'Gnathostomata'}, {'tax_id': 117570, 'name': 'Teleostomi'}, {'tax_id': 117571, 'name': 'Euteleostomi'}, {'tax_id': 8287, 'name': 'Sarcopterygii'}, {'tax_id': 1338369, 'name': 'Dipnotetrapodomorpha'}, {'tax_id': 32523, 'name': 'Tetrapoda'}, {'tax_id': 32524, 'name': 'Amniota'}, {'tax_id': 40674, 'name': 'Mammalia'}, {'tax_id': 32525, 'name': 'Theria'}, {'tax_id': 9347, 'name': 'Eutheria'}, {'tax_id': 1437010, 'name': 'Boreoeutheria'}, {'tax_id': 314146, 'name': 'Euarchontoglires'}, {'tax_id': 9443, 'name': 'Primates'}, {'tax_id': 376913, 'name': 'Haplorrhini'}, {'tax_id': 314293, 'name': 'Simiiformes'}, {'tax_id': 9526, 'name': 'Catarrhini'}, {'tax_id': 314295, 'name': 'Hominoidea'}, {'tax_id': 9604, 'name': 'Hominidae'}, {'tax_id': 207598, 'name': 'Homininae'}, {'tax_id': 9605, 'name': 'Homo'}, {'tax_id': 9606, 'name': 'Homo sapiens'}]",False,,,,True,[],[],,2,,,,,,,,,,,,,,
PV685662.1,,GenBank,,,,2025-06-10,,[],11237,complete,"Chikungunya virus strain S23b83, complete genome",,False,Africa,Reunion,Homo sapiens,"[{'tax_id': 131567, 'name': 'cellular organisms'}, {'tax_id': 2759, 'name': 'Eukaryota'}, {'tax_id': 33154, 'name': 'Opisthokonta'}, {'tax_id': 33208, 'name': 'Metazoa'}, {'tax_id': 6072, 'name': 'Eumetazoa'}, {'tax_id': 33213, 'name': 'Bilateria'}, {'tax_id': 33511, 'name': 'Deuterostomia'}, {'tax_id': 7711, 'name': 'Chordata'}, {'tax_id': 89593, 'name': 'Craniata'}, {'tax_id': 7742, 'name': 'Vertebrata'}, {'tax_id': 7776, 'name': 'Gnathostomata'}, {'tax_id': 117570, 'name': 'Teleostomi'}, {'tax_id': 117571, 'name': 'Euteleostomi'}, {'tax_id': 8287, 'name': 'Sarcopterygii'}, {'tax_id': 1338369, 'name': 'Dipnotetrapodomorpha'}, {'tax_id': 32523, 'name': 'Tetrapoda'}, {'tax_id': 32524, 'name': 'Amniota'}, {'tax_id': 40674, 'name': 'Mammalia'}, {'tax_id': 32525, 'name': 'Theria'}, {'tax_id': 9347, 'name': 'Eutheria'}, {'tax_id': 1437010, 'name': 'Boreoeutheria'}, {'tax_id': 314146, 'name': 'Euarchontoglires'}, {'tax_id': 9443, 'name': 'Primates'}, {'tax_id': 376913, 'name': 'Haplorrhini'}, {'tax_id': 314293, 'name': 'Simiiformes'}, {'tax_id': 9526, 'name': 'Catarrhini'}, {'tax_id': 314295, 'name': 'Hominoidea'}, {'tax_id': 9604, 'name': 'Hominidae'}, {'tax_id': 207598, 'name': 'Homininae'}, {'tax_id': 9605, 'name': 'Homo'}, {'tax_id': 9606, 'name': 'Homo sapiens'}]",False,,,,True,[],[],,2,,,,,,,,,,,,,,
PV685661.1,,GenBank,,,,2025-06-10,,[],11237,complete,"Chikungunya virus strain S10b30, complete genome",,False,Africa,Reunion,Homo sapiens,"[{'tax_id': 131567, 'name': 'cellular organisms'}, {'tax_id': 2759, 'name': 'Eukaryota'}, {'tax_id': 33154, 'name': 'Opisthokonta'}, {'tax_id': 33208, 'name': 'Metazoa'}, {'tax_id': 6072, 'name': 'Eumetazoa'}, {'tax_id': 33213, 'name': 'Bilateria'}, {'tax_id': 33511, 'name': 'Deuterostomia'}, {'tax_id': 7711, 'name': 'Chordata'}, {'tax_id': 89593, 'name': 'Craniata'}, {'tax_id': 7742, 'name': 'Vertebrata'}, {'tax_id': 7776, 'name': 'Gnathostomata'}, {'tax_id': 117570, 'name': 'Teleostomi'}, {'tax_id': 117571, 'name': 'Euteleostomi'}, {'tax_id': 8287, 'name': 'Sarcopterygii'}, {'tax_id': 1338369, 'name': 'Dipnotetrapodomorpha'}, {'tax_id': 32523, 'name': 'Tetrapoda'}, {'tax_id': 32524, 'name': 'Amniota'}, {'tax_id': 40674, 'name': 'Mammalia'}, {'tax_id': 32525, 'name': 'Theria'}, {'tax_id': 9347, 'name': 'Eutheria'}, {'tax_id': 1437010, 'name': 'Boreoeutheria'}, {'tax_id': 314146, 'name': 'Euarchontoglires'}, {'tax_id': 9443, 'name': 'Primates'}, {'tax_id': 376913, 'name': 'Haplorrhini'}, {'tax_id': 314293, 'name': 'Simiiformes'}, {'tax_id': 9526, 'name': 'Catarrhini'}, {'tax_id': 314295, 'name': 'Hominoidea'}, {'tax_id': 9604, 'name': 'Hominidae'}, {'tax_id': 207598, 'name': 'Homininae'}, {'tax_id': 9605, 'name': 'Homo'}, {'tax_id': 9606, 'name': 'Homo sapiens'}]",False,,,,True,[],[],,2,,,,,,,,,,,,,,
PV685660.1,,GenBank,,,,2025-06-10,,[],11237,complete,"Chikungunya virus strain S8b82, complete genome",,False,Africa,Reunion,Homo sapiens,"[{'tax_id': 131567, 'name': 'cellular organisms'}, {'tax_id': 2759, 'name': 'Eukaryota'}, {'tax_id': 33154, 'name': 'Opisthokonta'}, {'tax_id': 33208, 'name': 'Metazoa'}, {'tax_id': 6072, 'name': 'Eumetazoa'}, {'tax_id': 33213, 'name': 'Bilateria'}, {'tax_id': 33511, 'name': 'Deuterostomia'}, {'tax_id': 7711, 'name': 'Chordata'}, {'tax_id': 89593, 'name': 'Craniata'}, {'tax_id': 7742, 'name': 'Vertebrata'}, {'tax_id': 7776, 'name': 'Gnathostomata'}, {'tax_id': 117570, 'name': 'Teleostomi'}, {'tax_id': 117571, 'name': 'Euteleostomi'}, {'tax_id': 8287, 'name': 'Sarcopterygii'}, {'tax_id': 1338369, 'name': 'Dipnotetrapodomorpha'}, {'tax_id': 32523, 'name': 'Tetrapoda'}, {'tax_id': 32524, 'name': 'Amniota'}, {'tax_id': 40674, 'name': 'Mammalia'}, {'tax_id': 32525, 'name': 'Theria'}, {'tax_id': 9347, 'name': 'Eutheria'}, {'tax_id': 1437010, 'name': 'Boreoeutheria'}, {'tax_id': 314146, 'name': 'Euarchontoglires'}, {'tax_id': 9443, 'name': 'Primates'}, {'tax_id': 376913, 'name': 'Haplorrhini'}, {'tax_id': 314293, 'name': 'Simiiformes'}, {'tax_id': 9526, 'name': 'Catarrhini'}, {'tax_id': 314295, 'name': 'Hominoidea'}, {'tax_id': 9604, 'name': 'Hominidae'}, {'tax_id': 207598, 'name': 'Homininae'}, {'tax_id': 9605, 'name': 'Homo'}, {'tax_id': 9606, 'name': 'Homo sapiens'}]",False,,,,True,[],[],,2,,,,,,,,,,,,,,
PV685659.1,,GenBank,,,,2025-06-10,,[],11237,complete,"Chikungunya virus strain S8b51, complete genome",,False,Africa,Reunion,Homo sapiens,"[{'tax_id': 131567, 'name': 'cellular organisms'}, {'tax_id': 2759, 'name': 'Eukaryota'}, {'tax_id': 33154, 'name': 'Opisthokonta'}, {'tax_id': 33208, 'name': 'Metazoa'}, {'tax_id': 6072, 'name': 'Eumetazoa'}, {'tax_id': 33213, 'name': 'Bilateria'}, {'tax_id': 33511, 'name': 'Deuterostomia'}, {'tax_id': 7711, 'name': 'Chordata'}, {'tax_id': 89593, 'name': 'Craniata'}, {'tax_id': 7742, 'name': 'Vertebrata'}, {'tax_id': 7776, 'name': 'Gnathostomata'}, {'tax_id': 117570, 'name': 'Teleostomi'}, {'tax_id': 117571, 'name': 'Euteleostomi'}, {'tax_id': 8287, 'name': 'Sarcopterygii'}, {'tax_id': 1338369, 'name': 'Dipnotetrapodomorpha'}, {'tax_id': 32523, 'name': 'Tetrapoda'}, {'tax_id': 32524, 'name': 'Amniota'}, {'tax_id': 40674, 'name': 'Mammalia'}, {'tax_id': 32525, 'name': 'Theria'}, {'tax_id': 9347, 'name': 'Eutheria'}, {'tax_id': 1437010, 'name': 'Boreoeutheria'}, {'tax_id': 314146, 'name': 'Euarchontoglires'}, {'tax_id': 9443, 'name': 'Primates'}, {'tax_id': 376913, 'name': 'Haplorrhini'}, {'tax_id': 314293, 'name': 'Simiiformes'}, {'tax_id': 9526, 'name': 'Catarrhini'}, {'tax_id': 314295, 'name': 'Hominoidea'}, {'tax_id': 9604, 'name': 'Hominidae'}, {'tax_id': 207598, 'name': 'Homininae'}, {'tax_id': 9605, 'name': 'Homo'}, {'tax_id': 9606, 'name': 'Homo sapiens'}]",False,,,,True,[],[],,2,,,,,,,,,,,,,,
PV685658.1,,GenBank,,,,2025-06-10,,[],11237,complete,"Chikungunya virus strain S19b50, complete genome",,False,Africa,Reunion,Homo sapiens,"[{'tax_id': 131567, 'name': 'cellular organisms'}, {'tax_id': 2759, 'name': 'Eukaryota'}, {'tax_id': 33154, 'name': 'Opisthokonta'}, {'tax_id': 33208, 'name': 'Metazoa'}, {'tax_id': 6072, 'name': 'Eumetazoa'}, {'tax_id': 33213, 'name': 'Bilateria'}, {'tax_id': 33511, 'name': 'Deuterostomia'}, {'tax_id': 7711, 'name': 'Chordata'}, {'tax_id': 89593, 'name': 'Craniata'}, {'tax_id': 7742, 'name': 'Vertebrata'}, {'tax_id': 7776, 'name': 'Gnathostomata'}, {'tax_id': 117570, 'name': 'Teleostomi'}, {'tax_id': 117571, 'name': 'Euteleostomi'}, {'tax_id': 8287, 'name': 'Sarcopterygii'}, {'tax_id': 1338369, 'name': 'Dipnotetrapodomorpha'}, {'tax_id': 32523, 'name': 'Tetrapoda'}, {'tax_id': 32524, 'name': 'Amniota'}, {'tax_id': 40674, 'name': 'Mammalia'}, {'tax_id': 32525, 'name': 'Theria'}, {'tax_id': 9347, 'name': 'Eutheria'}, {'tax_id': 1437010, 'name': 'Boreoeutheria'}, {'tax_id': 314146, 'name': 'Euarchontoglires'}, {'tax_id': 9443, 'name': 'Primates'}, {'tax_id': 376913, 'name': 'Haplorrhini'}, {'tax_id': 314293, 'name': 'Simiiformes'}, {'tax_id': 9526, 'name': 'Catarrhini'}, {'tax_id': 314295, 'name': 'Hominoidea'}, {'tax_id': 9604, 'name': 'Hominidae'}, {'tax_id': 207598, 'name': 'Homininae'}, {'tax_id': 9605, 'name': 'Homo'}, {'tax_id': 9606, 'name': 'Homo sapiens'}]",False,,,,True,[],[],,2,,,,,,,,,,,,,,
PV685657.1,,GenBank,,,,2025-06-10,,[],11237,complete,"Chikungunya virus strain S10b02, complete genome",,False,Africa,Reunion,Homo sapiens,"[{'tax_id': 131567, 'name': 'cellular organisms'}, {'tax_id': 2759, 'name': 'Eukaryota'}, {'tax_id': 33154, 'name': 'Opisthokonta'}, {'tax_id': 33208, 'name': 'Metazoa'}, {'tax_id': 6072, 'name': 'Eumetazoa'}, {'tax_id': 33213, 'name': 'Bilateria'}, {'tax_id': 33511, 'name': 'Deuterostomia'}, {'tax_id': 7711, 'name': 'Chordata'}, {'tax_id': 89593, 'name': 'Craniata'}, {'tax_id': 7742, 'name': 'Vertebrata'}, {'tax_id': 7776, 'name': 'Gnathostomata'}, {'tax_id': 117570, 'name': 'Teleostomi'}, {'tax_id': 117571, 'name': 'Euteleostomi'}, {'tax_id': 8287, 'name': 'Sarcopterygii'}, {'tax_id': 1338369, 'name': 'Dipnotetrapodomorpha'}, {'tax_id': 32523, 'name': 'Tetrapoda'}, {'tax_id': 32524, 'name': 'Amniota'}, {'tax_id': 40674, 'name': 'Mammalia'}, {'tax_id': 32525, 'name': 'Theria'}, {'tax_id': 9347, 'name': 'Eutheria'}, {'tax_id': 1437010, 'name': 'Boreoeutheria'}, {'tax_id': 314146, 'name': 'Euarchontoglires'}, {'tax_id': 9443, 'name': 'Primates'}, {'tax_id': 376913, 'name': 'Haplorrhini'}, {'tax_id': 314293, 'name': 'Simiiformes'}, {'tax_id': 9526, 'name': 'Catarrhini'}, {'tax_id': 314295, 'name': 'Hominoidea'}, {'tax_id': 9604, 'name': 'Hominidae'}, {'tax_id': 207598, 'name': 'Homininae'}, {'tax_id': 9605, 'name': 'Homo'}, {'tax_id': 9606, 'name': 'Homo sapiens'}]",False,,,,True,[],[],,2,,,,,,,,,,,,,,
PV685656.1,,GenBank,,,,2025-06-10,,[],11237,complete,"Chikungunya virus strain S21b42, complete genome",,False,Africa,Reunion,Homo sapiens,"[{'tax_id': 131567, 'name': 'cellular organisms'}, {'tax_id': 2759, 'name': 'Eukaryota'}, {'tax_id': 33154, 'name': 'Opisthokonta'}, {'tax_id': 33208, 'name': 'Metazoa'}, {'tax_id': 6072, 'name': 'Eumetazoa'}, {'tax_id': 33213, 'name': 'Bilateria'}, {'tax_id': 33511, 'name': 'Deuterostomia'}, {'tax_id': 7711, 'name': 'Chordata'}, {'tax_id': 89593, 'name': 'Craniata'}, {'tax_id': 7742, 'name': 'Vertebrata'}, {'tax_id': 7776, 'name': 'Gnathostomata'}, {'tax_id': 117570, 'name': 'Teleostomi'}, {'tax_id': 117571, 'name': 'Euteleostomi'}, {'tax_id': 8287, 'name': 'Sarcopterygii'}, {'tax_id': 1338369, 'name': 'Dipnotetrapodomorpha'}, {'tax_id': 32523, 'name': 'Tetrapoda'}, {'tax_id': 32524, 'name': 'Amniota'}, {'tax_id': 40674, 'name': 'Mammalia'}, {'tax_id': 32525, 'name': 'Theria'}, {'tax_id': 9347, 'name': 'Eutheria'}, {'tax_id': 1437010, 'name': 'Boreoeutheria'}, {'tax_id': 314146, 'name': 'Euarchontoglires'}, {'tax_id': 9443, 'name': 'Primates'}, {'tax_id': 376913, 'name': 'Haplorrhini'}, {'tax_id': 314293, 'name': 'Simiiformes'}, {'tax_id': 9526, 'name': 'Catarrhini'}, {'tax_id': 314295, 'name': 'Hominoidea'}, {'tax_id': 9604, 'name': 'Hominidae'}, {'tax_id': 207598, 'name': 'Homininae'}, {'tax_id': 9605, 'name': 'Homo'}, {'tax_id': 9606, 'name': 'Homo sapiens'}]",False,,,,True,[],[],,2,,,,,,,,,,,,,,
PV685655.1,,GenBank,,,,2025-06-10,,[],11237,complete,"Chikungunya virus strain S10b74, complete genome",,False,Africa,Reunion,Homo sapiens,"[{'tax_id': 131567, 'name': 'cellular organisms'}, {'tax_id': 2759, 'name': 'Eukaryota'}, {'tax_id': 33154, 'name': 'Opisthokonta'}, {'tax_id': 33208, 'name': 'Metazoa'}, {'tax_id': 6072, 'name': 'Eumetazoa'}, {'tax_id': 33213, 'name': 'Bilateria'}, {'tax_id': 33511, 'name': 'Deuterostomia'}, {'tax_id': 7711, 'name': 'Chordata'}, {'tax_id': 89593, 'name': 'Craniata'}, {'tax_id': 7742, 'name': 'Vertebrata'}, {'tax_id': 7776, 'name': 'Gnathostomata'}, {'tax_id': 117570, 'name': 'Teleostomi'}, {'tax_id': 117571, 'name': 'Euteleostomi'}, {'tax_id': 8287, 'name': 'Sarcopterygii'}, {'tax_id': 1338369, 'name': 'Dipnotetrapodomorpha'}, {'tax_id': 32523, 'name': 'Tetrapoda'}, {'tax_id': 32524, 'name': 'Amniota'}, {'tax_id': 40674, 'name': 'Mammalia'}, {'tax_id': 32525, 'name': 'Theria'}, {'tax_id': 9347, 'name': 'Eutheria'}, {'tax_id': 1437010, 'name': 'Boreoeutheria'}, {'tax_id': 314146, 'name': 'Euarchontoglires'}, {'tax_id': 9443, 'name': 'Primates'}, {'tax_id': 376913, 'name': 'Haplorrhini'}, {'tax_id': 314293, 'name': 'Simiiformes'}, {'tax_id': 9526, 'name': 'Catarrhini'}, {'tax_id': 314295, 'name': 'Hominoidea'}, {'tax_id': 9604, 'name': 'Hominidae'}, {'tax_id': 207598, 'name': 'Homininae'}, {'tax_id': 9605, 'name': 'Homo'}, {'tax_id': 9606, 'name': 'Homo sapiens'}]",False,,,,True,[],[],,2,,,,,,,,,,,,,,
PV685654.1,,GenBank,,,,2025-06-10,,[],11237,complete,"Chikungunya virus strain S10b29, complete genome",,False,Africa,Reunion,Homo sapiens,"[{'tax_id': 131567, 'name': 'cellular organisms'}, {'tax_id': 2759, 'name': 'Eukaryota'}, {'tax_id': 33154, 'name': 'Opisthokonta'}, {'tax_id': 33208, 'name': 'Metazoa'}, {'tax_id': 6072, 'name': 'Eumetazoa'}, {'tax_id': 33213, 'name': 'Bilateria'}, {'tax_id': 33511, 'name': 'Deuterostomia'}, {'tax_id': 7711, 'name': 'Chordata'}, {'tax_id': 89593, 'name': 'Craniata'}, {'tax_id': 7742, 'name': 'Vertebrata'}, {'tax_id': 7776, 'name': 'Gnathostomata'}, {'tax_id': 117570, 'name': 'Teleostomi'}, {'tax_id': 117571, 'name': 'Euteleostomi'}, {'tax_id': 8287, 'name': 'Sarcopterygii'}, {'tax_id': 1338369, 'name': 'Dipnotetrapodomorpha'}, {'tax_id': 32523, 'name': 'Tetrapoda'}, {'tax_id': 32524, 'name': 'Amniota'}, {'tax_id': 40674, 'name': 'Mammalia'}, {'tax_id': 32525, 'name': 'Theria'}, {'tax_id': 9347, 'name': 'Eutheria'}, {'tax_id': 1437010, 'name': 'Boreoeutheria'}, {'tax_id': 314146, 'name': 'Euarchontoglires'}, {'tax_id': 9443, 'name': 'Primates'}, {'tax_id': 376913, 'name': 'Haplorrhini'}, {'tax_id': 314293, 'name': 'Simiiformes'}, {'tax_id': 9526, 'name': 'Catarrhini'}, {'tax_id': 314295, 'name': 'Hominoidea'}, {'tax_id': 9604, 'name': 'Hominidae'}, {'tax_id': 207598, 'name': 'Homininae'}, {'tax_id': 9605, 'name': 'Homo'}, {'tax_id': 9606, 'name': 'Homo sapiens'}]",False,,,,True,[],[],,2,,,,,,,,,,,,,,
PV685653.1,,GenBank,,,,2025-06-10,,[],11237,complete,"Chikungunya virus strain S19b10, complete genome",,False,Africa,Reunion,Homo sapiens,"[{'tax_id': 131567, 'name': 'cellular organisms'}, {'tax_id': 2759, 'name': 'Eukaryota'}, {'tax_id': 33154, 'name': 'Opisthokonta'}, {'tax_id': 33208, 'name': 'Metazoa'}, {'tax_id': 6072, 'name': 'Eumetazoa'}, {'tax_id': 33213, 'name': 'Bilateria'}, {'tax_id': 33511, 'name': 'Deuterostomia'}, {'tax_id': 7711, 'name': 'Chordata'}, {'tax_id': 89593, 'name': 'Craniata'}, {'tax_id': 7742, 'name': 'Vertebrata'}, {'tax_id': 7776, 'name': 'Gnathostomata'}, {'tax_id': 117570, 'name': 'Teleostomi'}, {'tax_id': 117571, 'name': 'Euteleostomi'}, {'tax_id': 8287, 'name': 'Sarcopterygii'}, {'tax_id': 1338369, 'name': 'Dipnotetrapodomorpha'}, {'tax_id': 32523, 'name': 'Tetrapoda'}, {'tax_id': 32524, 'name': 'Amniota'}, {'tax_id': 40674, 'name': 'Mammalia'}, {'tax_id': 32525, 'name': 'Theria'}, {'tax_id': 9347, 'name': 'Eutheria'}, {'tax_id': 1437010, 'name': 'Boreoeutheria'}, {'tax_id': 314146, 'name': 'Euarchontoglires'}, {'tax_id': 9443, 'name': 'Primates'}, {'tax_id': 376913, 'name': 'Haplorrhini'}, {'tax_id': 314293, 'name': 'Simiiformes'}, {'tax_id': 9526, 'name': 'Catarrhini'}, {'tax_id': 314295, 'name': 'Hominoidea'}, {'tax_id': 9604, 'name': 'Hominidae'}, {'tax_id': 207598, 'name': 'Homininae'}, {'tax_id': 9605, 'name': 'Homo'}, {'tax_id': 9606, 'name': 'Homo sapiens'}]",False,,,,True,[],[],,2,,,,,,,,,,,,,,
PV685652.1,,GenBank,,,,2025-06-10,,[],11237,complete,"Chikungunya virus strain S9b79, complete genome",,False,Africa,Reunion,Homo sapiens,"[{'tax_id': 131567, 'name': 'cellular organisms'}, {'tax_id': 2759, 'name': 'Eukaryota'}, {'tax_id': 33154, 'name': 'Opisthokonta'}, {'tax_id': 33208, 'name': 'Metazoa'}, {'tax_id': 6072, 'name': 'Eumetazoa'}, {'tax_id': 33213, 'name': 'Bilateria'}, {'tax_id': 33511, 'name': 'Deuterostomia'}, {'tax_id': 7711, 'name': 'Chordata'}, {'tax_id': 89593, 'name': 'Craniata'}, {'tax_id': 7742, 'name': 'Vertebrata'}, {'tax_id': 7776, 'name': 'Gnathostomata'}, {'tax_id': 117570, 'name': 'Teleostomi'}, {'tax_id': 117571, 'name': 'Euteleostomi'}, {'tax_id': 8287, 'name': 'Sarcopterygii'}, {'tax_id': 1338369, 'name': 'Dipnotetrapodomorpha'}, {'tax_id': 32523, 'name': 'Tetrapoda'}, {'tax_id': 32524, 'name': 'Amniota'}, {'tax_id': 40674, 'name': 'Mammalia'}, {'tax_id': 32525, 'name': 'Theria'}, {'tax_id': 9347, 'name': 'Eutheria'}, {'tax_id': 1437010, 'name': 'Boreoeutheria'}, {'tax_id': 314146, 'name': 'Euarchontoglires'}, {'tax_id': 9443, 'name': 'Primates'}, {'tax_id': 376913, 'name': 'Haplorrhini'}, {'tax_id': 314293, 'name': 'Simiiformes'}, {'tax_id': 9526, 'name': 'Catarrhini'}, {'tax_id': 314295, 'name': 'Hominoidea'}, {'tax_id': 9604, 'name': 'Hominidae'}, {'tax_id': 207598, 'name': 'Homininae'}, {'tax_id': 9605, 'name': 'Homo'}, {'tax_id': 9606, 'name': 'Homo sapiens'}]",False,,,,True,[],[],,2,,,,,,,,,,,,,,
PV685651.1,,GenBank,,,,2025-06-10,,[],11237,complete,"Chikungunya virus strain S12b81, complete genome",,False,Africa,Reunion,Homo sapiens,"[{'tax_id': 131567, 'name': 'cellular organisms'}, {'tax_id': 2759, 'name': 'Eukaryota'}, {'tax_id': 33154, 'name': 'Opisthokonta'}, {'tax_id': 33208, 'name': 'Metazoa'}, {'tax_id': 6072, 'name': 'Eumetazoa'}, {'tax_id': 33213, 'name': 'Bilateria'}, {'tax_id': 33511, 'name': 'Deuterostomia'}, {'tax_id': 7711, 'name': 'Chordata'}, {'tax_id': 89593, 'name': 'Craniata'}, {'tax_id': 7742, 'name': 'Vertebrata'}, {'tax_id': 7776, 'name': 'Gnathostomata'}, {'tax_id': 117570, 'name': 'Teleostomi'}, {'tax_id': 117571, 'name': 'Euteleostomi'}, {'tax_id': 8287, 'name': 'Sarcopterygii'}, {'tax_id': 1338369, 'name': 'Dipnotetrapodomorpha'}, {'tax_id': 32523, 'name': 'Tetrapoda'}, {'tax_id': 32524, 'name': 'Amniota'}, {'tax_id': 40674, 'name': 'Mammalia'}, {'tax_id': 32525, 'name': 'Theria'}, {'tax_id': 9347, 'name': 'Eutheria'}, {'tax_id': 1437010, 'name': 'Boreoeutheria'}, {'tax_id': 314146, 'name': 'Euarchontoglires'}, {'tax_id': 9443, 'name': 'Primates'}, {'tax_id': 376913, 'name': 'Haplorrhini'}, {'tax_id': 314293, 'name': 'Simiiformes'}, {'tax_id': 9526, 'name': 'Catarrhini'}, {'tax_id': 314295, 'name': 'Hominoidea'}, {'tax_id': 9604, 'name': 'Hominidae'}, {'tax_id': 207598, 'name': 'Homininae'}, {'tax_id': 9605, 'name': 'Homo'}, {'tax_id': 9606, 'name': 'Homo sapiens'}]",False,,,,True,[],[],,2,,,,,,,,,,,,,,
PV685650.1,,GenBank,,,,2025-06-10,,[],11237,complete,"Chikungunya virus strain S9b07, complete genome",,False,Africa,Reunion,Homo sapiens,"[{'tax_id': 131567, 'name': 'cellular organisms'}, {'tax_id': 2759, 'name': 'Eukaryota'}, {'tax_id': 33154, 'name': 'Opisthokonta'}, {'tax_id': 33208, 'name': 'Metazoa'}, {'tax_id': 6072, 'name': 'Eumetazoa'}, {'tax_id': 33213, 'name': 'Bilateria'}, {'tax_id': 33511, 'name': 'Deuterostomia'}, {'tax_id': 7711, 'name': 'Chordata'}, {'tax_id': 89593, 'name': 'Craniata'}, {'tax_id': 7742, 'name': 'Vertebrata'}, {'tax_id': 7776, 'name': 'Gnathostomata'}, {'tax_id': 117570, 'name': 'Teleostomi'}, {'tax_id': 117571, 'name': 'Euteleostomi'}, {'tax_id': 8287, 'name': 'Sarcopterygii'}, {'tax_id': 1338369, 'name': 'Dipnotetrapodomorpha'}, {'tax_id': 32523, 'name': 'Tetrapoda'}, {'tax_id': 32524, 'name': 'Amniota'}, {'tax_id': 40674, 'name': 'Mammalia'}, {'tax_id': 32525, 'name': 'Theria'}, {'tax_id': 9347, 'name': 'Eutheria'}, {'tax_id': 1437010, 'name': 'Boreoeutheria'}, {'tax_id': 314146, 'name': 'Euarchontoglires'}, {'tax_id': 9443, 'name': 'Primates'}, {'tax_id': 376913, 'name': 'Haplorrhini'}, {'tax_id': 314293, 'name': 'Simiiformes'}, {'tax_id': 9526, 'name': 'Catarrhini'}, {'tax_id': 314295, 'name': 'Hominoidea'}, {'tax_id': 9604, 'name': 'Hominidae'}, {'tax_id': 207598, 'name': 'Homininae'}, {'tax_id': 9605, 'name': 'Homo'}, {'tax_id': 9606, 'name': 'Homo sapiens'}]",False,,,,True,[],[],,2,,,,,,,,,,,,,,
PV685649.1,,GenBank,,,,2025-06-10,,[],11237,complete,"Chikungunya virus strain S8b89, complete genome",,False,Africa,Reunion,Homo sapiens,"[{'tax_id': 131567, 'name': 'cellular organisms'}, {'tax_id': 2759, 'name': 'Eukaryota'}, {'tax_id': 33154, 'name': 'Opisthokonta'}, {'tax_id': 33208, 'name': 'Metazoa'}, {'tax_id': 6072, 'name': 'Eumetazoa'}, {'tax_id': 33213, 'name': 'Bilateria'}, {'tax_id': 33511, 'name': 'Deuterostomia'}, {'tax_id': 7711, 'name': 'Chordata'}, {'tax_id': 89593, 'name': 'Craniata'}, {'tax_id': 7742, 'name': 'Vertebrata'}, {'tax_id': 7776, 'name': 'Gnathostomata'}, {'tax_id': 117570, 'name': 'Teleostomi'}, {'tax_id': 117571, 'name': 'Euteleostomi'}, {'tax_id': 8287, 'name': 'Sarcopterygii'}, {'tax_id': 1338369, 'name': 'Dipnotetrapodomorpha'}, {'tax_id': 32523, 'name': 'Tetrapoda'}, {'tax_id': 32524, 'name': 'Amniota'}, {'tax_id': 40674, 'name': 'Mammalia'}, {'tax_id': 32525, 'name': 'Theria'}, {'tax_id': 9347, 'name': 'Eutheria'}, {'tax_id': 1437010, 'name': 'Boreoeutheria'}, {'tax_id': 314146, 'name': 'Euarchontoglires'}, {'tax_id': 9443, 'name': 'Primates'}, {'tax_id': 376913, 'name': 'Haplorrhini'}, {'tax_id': 314293, 'name': 'Simiiformes'}, {'tax_id': 9526, 'name': 'Catarrhini'}, {'tax_id': 314295, 'name': 'Hominoidea'}, {'tax_id': 9604, 'name': 'Hominidae'}, {'tax_id': 207598, 'name': 'Homininae'}, {'tax_id': 9605, 'name': 'Homo'}, {'tax_id': 9606, 'name': 'Homo sapiens'}]",False,,,,True,[],[],,2,,,,,,,,,,,,,,
PV685648.1,,GenBank,,,,2025-06-10,,[],11237,complete,"Chikungunya virus strain S17b74, complete genome",,False,Africa,Reunion,Homo sapiens,"[{'tax_id': 131567, 'name': 'cellular organisms'}, {'tax_id': 2759, 'name': 'Eukaryota'}, {'tax_id': 33154, 'name': 'Opisthokonta'}, {'tax_id': 33208, 'name': 'Metazoa'}, {'tax_id': 6072, 'name': 'Eumetazoa'}, {'tax_id': 33213, 'name': 'Bilateria'}, {'tax_id': 33511, 'name': 'Deuterostomia'}, {'tax_id': 7711, 'name': 'Chordata'}, {'tax_id': 89593, 'name': 'Craniata'}, {'tax_id': 7742, 'name': 'Vertebrata'}, {'tax_id': 7776, 'name': 'Gnathostomata'}, {'tax_id': 117570, 'name': 'Teleostomi'}, {'tax_id': 117571, 'name': 'Euteleostomi'}, {'tax_id': 8287, 'name': 'Sarcopterygii'}, {'tax_id': 1338369, 'name': 'Dipnotetrapodomorpha'}, {'tax_id': 32523, 'name': 'Tetrapoda'}, {'tax_id': 32524, 'name': 'Amniota'}, {'tax_id': 40674, 'name': 'Mammalia'}, {'tax_id': 32525, 'name': 'Theria'}, {'tax_id': 9347, 'name': 'Eutheria'}, {'tax_id': 1437010, 'name': 'Boreoeutheria'}, {'tax_id': 314146, 'name': 'Euarchontoglires'}, {'tax_id': 9443, 'name': 'Primates'}, {'tax_id': 376913, 'name': 'Haplorrhini'}, {'tax_id': 314293, 'name': 'Simiiformes'}, {'tax_id': 9526, 'name': 'Catarrhini'}, {'tax_id': 314295, 'name': 'Hominoidea'}, {'tax_id': 9604, 'name': 'Hominidae'}, {'tax_id': 207598, 'name': 'Homininae'}, {'tax_id': 9605, 'name': 'Homo'}, {'tax_id': 9606, 'name': 'Homo sapiens'}]",False,,,,True,[],[],,2,,,,,,,,,,,,,,
PV685647.1,,GenBank,,,,2025-06-10,,[],11237,complete,"Chikungunya virus strain S10b17, complete genome",,False,Africa,Reunion,Homo sapiens,"[{'tax_id': 131567, 'name': 'cellular organisms'}, {'tax_id': 2759, 'name': 'Eukaryota'}, {'tax_id': 33154, 'name': 'Opisthokonta'}, {'tax_id': 33208, 'name': 'Metazoa'}, {'tax_id': 6072, 'name': 'Eumetazoa'}, {'tax_id': 33213, 'name': 'Bilateria'}, {'tax_id': 33511, 'name': 'Deuterostomia'}, {'tax_id': 7711, 'name': 'Chordata'}, {'tax_id': 89593, 'name': 'Craniata'}, {'tax_id': 7742, 'name': 'Vertebrata'}, {'tax_id': 7776, 'name': 'Gnathostomata'}, {'tax_id': 117570, 'name': 'Teleostomi'}, {'tax_id': 117571, 'name': 'Euteleostomi'}, {'tax_id': 8287, 'name': 'Sarcopterygii'}, {'tax_id': 1338369, 'name': 'Dipnotetrapodomorpha'}, {'tax_id': 32523, 'name': 'Tetrapoda'}, {'tax_id': 32524, 'name': 'Amniota'}, {'tax_id': 40674, 'name': 'Mammalia'}, {'tax_id': 32525, 'name': 'Theria'}, {'tax_id': 9347, 'name': 'Eutheria'}, {'tax_id': 1437010, 'name': 'Boreoeutheria'}, {'tax_id': 314146, 'name': 'Euarchontoglires'}, {'tax_id': 9443, 'name': 'Primates'}, {'tax_id': 376913, 'name': 'Haplorrhini'}, {'tax_id': 314293, 'name': 'Simiiformes'}, {'tax_id': 9526, 'name': 'Catarrhini'}, {'tax_id': 314295, 'name': 'Hominoidea'}, {'tax_id': 9604, 'name': 'Hominidae'}, {'tax_id': 207598, 'name': 'Homininae'}, {'tax_id': 9605, 'name': 'Homo'}, {'tax_id': 9606, 'name': 'Homo sapiens'}]",False,,,,True,[],[],,2,,,,,,,,,,,,,,
PV685646.1,,GenBank,,,,2025-06-10,,[],11237,complete,"Chikungunya virus strain S22b42, complete genome",,False,Africa,Reunion,Homo sapiens,"[{'tax_id': 131567, 'name': 'cellular organisms'}, {'tax_id': 2759, 'name': 'Eukaryota'}, {'tax_id': 33154, 'name': 'Opisthokonta'}, {'tax_id': 33208, 'name': 'Metazoa'}, {'tax_id': 6072, 'name': 'Eumetazoa'}, {'tax_id': 33213, 'name': 'Bilateria'}, {'tax_id': 33511, 'name': 'Deuterostomia'}, {'tax_id': 7711, 'name': 'Chordata'}, {'tax_id': 89593, 'name': 'Craniata'}, {'tax_id': 7742, 'name': 'Vertebrata'}, {'tax_id': 7776, 'name': 'Gnathostomata'}, {'tax_id': 117570, 'name': 'Teleostomi'}, {'tax_id': 117571, 'name': 'Euteleostomi'}, {'tax_id': 8287, 'name': 'Sarcopterygii'}, {'tax_id': 1338369, 'name': 'Dipnotetrapodomorpha'}, {'tax_id': 32523, 'name': 'Tetrapoda'}, {'tax_id': 32524, 'name': 'Amniota'}, {'tax_id': 40674, 'name': 'Mammalia'}, {'tax_id': 32525, 'name': 'Theria'}, {'tax_id': 9347, 'name': 'Eutheria'}, {'tax_id': 1437010, 'name': 'Boreoeutheria'}, {'tax_id': 314146, 'name': 'Euarchontoglires'}, {'tax_id': 9443, 'name': 'Primates'}, {'tax_id': 376913, 'name': 'Haplorrhini'}, {'tax_id': 314293, 'name': 'Simiiformes'}, {'tax_id': 9526, 'name': 'Catarrhini'}, {'tax_id': 314295, 'name': 'Hominoidea'}, {'tax_id': 9604, 'name': 'Hominidae'}, {'tax_id': 207598, 'name': 'Homininae'}, {'tax_id': 9605, 'name': 'Homo'}, {'tax_id': 9606, 'name': 'Homo sapiens'}]",False,,,,True,[],[],,2,,,,,,,,,,,,,,
PV685645.1,,GenBank,,,,2025-06-10,,[],11237,complete,"Chikungunya virus strain S17b30, complete genome",,False,Africa,Reunion,Homo sapiens,"[{'tax_id': 131567, 'name': 'cellular organisms'}, {'tax_id': 2759, 'name': 'Eukaryota'}, {'tax_id': 33154, 'name': 'Opisthokonta'}, {'tax_id': 33208, 'name': 'Metazoa'}, {'tax_id': 6072, 'name': 'Eumetazoa'}, {'tax_id': 33213, 'name': 'Bilateria'}, {'tax_id': 33511, 'name': 'Deuterostomia'}, {'tax_id': 7711, 'name': 'Chordata'}, {'tax_id': 89593, 'name': 'Craniata'}, {'tax_id': 7742, 'name': 'Vertebrata'}, {'tax_id': 7776, 'name': 'Gnathostomata'}, {'tax_id': 117570, 'name': 'Teleostomi'}, {'tax_id': 117571, 'name': 'Euteleostomi'}, {'tax_id': 8287, 'name': 'Sarcopterygii'}, {'tax_id': 1338369, 'name': 'Dipnotetrapodomorpha'}, {'tax_id': 32523, 'name': 'Tetrapoda'}, {'tax_id': 32524, 'name': 'Amniota'}, {'tax_id': 40674, 'name': 'Mammalia'}, {'tax_id': 32525, 'name': 'Theria'}, {'tax_id': 9347, 'name': 'Eutheria'}, {'tax_id': 1437010, 'name': 'Boreoeutheria'}, {'tax_id': 314146, 'name': 'Euarchontoglires'}, {'tax_id': 9443, 'name': 'Primates'}, {'tax_id': 376913, 'name': 'Haplorrhini'}, {'tax_id': 314293, 'name': 'Simiiformes'}, {'tax_id': 9526, 'name': 'Catarrhini'}, {'tax_id': 314295, 'name': 'Hominoidea'}, {'tax_id': 9604, 'name': 'Hominidae'}, {'tax_id': 207598, 'name': 'Homininae'}, {'tax_id': 9605, 'name': 'Homo'}, {'tax_id': 9606, 'name': 'Homo sapiens'}]",False,,,,True,[],[],,2,,,,,,,,,,,,,,
PV685644.1,,GenBank,,,,2025-06-10,,[],11237,complete,"Chikungunya virus strain S9b81, complete genome",,False,Africa,Reunion,Homo sapiens,"[{'tax_id': 131567, 'name': 'cellular organisms'}, {'tax_id': 2759, 'name': 'Eukaryota'}, {'tax_id': 33154, 'name': 'Opisthokonta'}, {'tax_id': 33208, 'name': 'Metazoa'}, {'tax_id': 6072, 'name': 'Eumetazoa'}, {'tax_id': 33213, 'name': 'Bilateria'}, {'tax_id': 33511, 'name': 'Deuterostomia'}, {'tax_id': 7711, 'name': 'Chordata'}, {'tax_id': 89593, 'name': 'Craniata'}, {'tax_id': 7742, 'name': 'Vertebrata'}, {'tax_id': 7776, 'name': 'Gnathostomata'}, {'tax_id': 117570, 'name': 'Teleostomi'}, {'tax_id': 117571, 'name': 'Euteleostomi'}, {'tax_id': 8287, 'name': 'Sarcopterygii'}, {'tax_id': 1338369, 'name': 'Dipnotetrapodomorpha'}, {'tax_id': 32523, 'name': 'Tetrapoda'}, {'tax_id': 32524, 'name': 'Amniota'}, {'tax_id': 40674, 'name': 'Mammalia'}, {'tax_id': 32525, 'name': 'Theria'}, {'tax_id': 9347, 'name': 'Eutheria'}, {'tax_id': 1437010, 'name': 'Boreoeutheria'}, {'tax_id': 314146, 'name': 'Euarchontoglires'}, {'tax_id': 9443, 'name': 'Primates'}, {'tax_id': 376913, 'name': 'Haplorrhini'}, {'tax_id': 314293, 'name': 'Simiiformes'}, {'tax_id': 9526, 'name': 'Catarrhini'}, {'tax_id': 314295, 'name': 'Hominoidea'}, {'tax_id': 9604, 'name': 'Hominidae'}, {'tax_id': 207598, 'name': 'Homininae'}, {'tax_id': 9605, 'name': 'Homo'}, {'tax_id': 9606, 'name': 'Homo sapiens'}]",False,,,,True,[],[],,2,,,,,,,,,,,,,,
PV685643.1,,GenBank,,,,2025-06-10,,[],11237,complete,"Chikungunya virus strain S9b19, complete genome",,False,Africa,Reunion,Homo sapiens,"[{'tax_id': 131567, 'name': 'cellular organisms'}, {'tax_id': 2759, 'name': 'Eukaryota'}, {'tax_id': 33154, 'name': 'Opisthokonta'}, {'tax_id': 33208, 'name': 'Metazoa'}, {'tax_id': 6072, 'name': 'Eumetazoa'}, {'tax_id': 33213, 'name': 'Bilateria'}, {'tax_id': 33511, 'name': 'Deuterostomia'}, {'tax_id': 7711, 'name': 'Chordata'}, {'tax_id': 89593, 'name': 'Craniata'}, {'tax_id': 7742, 'name': 'Vertebrata'}, {'tax_id': 7776, 'name': 'Gnathostomata'}, {'tax_id': 117570, 'name': 'Teleostomi'}, {'tax_id': 117571, 'name': 'Euteleostomi'}, {'tax_id': 8287, 'name': 'Sarcopterygii'}, {'tax_id': 1338369, 'name': 'Dipnotetrapodomorpha'}, {'tax_id': 32523, 'name': 'Tetrapoda'}, {'tax_id': 32524, 'name': 'Amniota'}, {'tax_id': 40674, 'name': 'Mammalia'}, {'tax_id': 32525, 'name': 'Theria'}, {'tax_id': 9347, 'name': 'Eutheria'}, {'tax_id': 1437010, 'name': 'Boreoeutheria'}, {'tax_id': 314146, 'name': 'Euarchontoglires'}, {'tax_id': 9443, 'name': 'Primates'}, {'tax_id': 376913, 'name': 'Haplorrhini'}, {'tax_id': 314293, 'name': 'Simiiformes'}, {'tax_id': 9526, 'name': 'Catarrhini'}, {'tax_id': 314295, 'name': 'Hominoidea'}, {'tax_id': 9604, 'name': 'Hominidae'}, {'tax_id': 207598, 'name': 'Homininae'}, {'tax_id': 9605, 'name': 'Homo'}, {'tax_id': 9606, 'name': 'Homo sapiens'}]",False,,,,True,[],[],,2,,,,,,,,,,,,,,
PV685642.1,,GenBank,,,,2025-06-10,,[],11237,complete,"Chikungunya virus strain S9b13, complete genome",,False,Africa,Reunion,Homo sapiens,"[{'tax_id': 131567, 'name': 'cellular organisms'}, {'tax_id': 2759, 'name': 'Eukaryota'}, {'tax_id': 33154, 'name': 'Opisthokonta'}, {'tax_id': 33208, 'name': 'Metazoa'}, {'tax_id': 6072, 'name': 'Eumetazoa'}, {'tax_id': 33213, 'name': 'Bilateria'}, {'tax_id': 33511, 'name': 'Deuterostomia'}, {'tax_id': 7711, 'name': 'Chordata'}, {'tax_id': 89593, 'name': 'Craniata'}, {'tax_id': 7742, 'name': 'Vertebrata'}, {'tax_id': 7776, 'name': 'Gnathostomata'}, {'tax_id': 117570, 'name': 'Teleostomi'}, {'tax_id': 117571, 'name': 'Euteleostomi'}, {'tax_id': 8287, 'name': 'Sarcopterygii'}, {'tax_id': 1338369, 'name': 'Dipnotetrapodomorpha'}, {'tax_id': 32523, 'name': 'Tetrapoda'}, {'tax_id': 32524, 'name': 'Amniota'}, {'tax_id': 40674, 'name': 'Mammalia'}, {'tax_id': 32525, 'name': 'Theria'}, {'tax_id': 9347, 'name': 'Eutheria'}, {'tax_id': 1437010, 'name': 'Boreoeutheria'}, {'tax_id': 314146, 'name': 'Euarchontoglires'}, {'tax_id': 9443, 'name': 'Primates'}, {'tax_id': 376913, 'name': 'Haplorrhini'}, {'tax_id': 314293, 'name': 'Simiiformes'}, {'tax_id': 9526, 'name': 'Catarrhini'}, {'tax_id': 314295, 'name': 'Hominoidea'}, {'tax_id': 9604, 'name': 'Hominidae'}, {'tax_id': 207598, 'name': 'Homininae'}, {'tax_id': 9605, 'name': 'Homo'}, {'tax_id': 9606, 'name': 'Homo sapiens'}]",False,,,,True,[],[],,2,,,,,,,,,,,,,,
PV685641.1,,GenBank,,,,2025-06-10,,[],11237,complete,"Chikungunya virus strain S9b49, complete genome",,False,Africa,Reunion,Homo sapiens,"[{'tax_id': 131567, 'name': 'cellular organisms'}, {'tax_id': 2759, 'name': 'Eukaryota'}, {'tax_id': 33154, 'name': 'Opisthokonta'}, {'tax_id': 33208, 'name': 'Metazoa'}, {'tax_id': 6072, 'name': 'Eumetazoa'}, {'tax_id': 33213, 'name': 'Bilateria'}, {'tax_id': 33511, 'name': 'Deuterostomia'}, {'tax_id': 7711, 'name': 'Chordata'}, {'tax_id': 89593, 'name': 'Craniata'}, {'tax_id': 7742, 'name': 'Vertebrata'}, {'tax_id': 7776, 'name': 'Gnathostomata'}, {'tax_id': 117570, 'name': 'Teleostomi'}, {'tax_id': 117571, 'name': 'Euteleostomi'}, {'tax_id': 8287, 'name': 'Sarcopterygii'}, {'tax_id': 1338369, 'name': 'Dipnotetrapodomorpha'}, {'tax_id': 32523, 'name': 'Tetrapoda'}, {'tax_id': 32524, 'name': 'Amniota'}, {'tax_id': 40674, 'name': 'Mammalia'}, {'tax_id': 32525, 'name': 'Theria'}, {'tax_id': 9347, 'name': 'Eutheria'}, {'tax_id': 1437010, 'name': 'Boreoeutheria'}, {'tax_id': 314146, 'name': 'Euarchontoglires'}, {'tax_id': 9443, 'name': 'Primates'}, {'tax_id': 376913, 'name': 'Haplorrhini'}, {'tax_id': 314293, 'name': 'Simiiformes'}, {'tax_id': 9526, 'name': 'Catarrhini'}, {'tax_id': 314295, 'name': 'Hominoidea'}, {'tax_id': 9604, 'name': 'Hominidae'}, {'tax_id': 207598, 'name': 'Homininae'}, {'tax_id': 9605, 'name': 'Homo'}, {'tax_id': 9606, 'name': 'Homo sapiens'}]",False,,,,True,[],[],,2,,,,,,,,,,,,,,
PV685640.1,,GenBank,,,,2025-06-10,,[],11237,complete,"Chikungunya virus strain S15b64, complete genome",,False,Africa,Reunion,Homo sapiens,"[{'tax_id': 131567, 'name': 'cellular organisms'}, {'tax_id': 2759, 'name': 'Eukaryota'}, {'tax_id': 33154, 'name': 'Opisthokonta'}, {'tax_id': 33208, 'name': 'Metazoa'}, {'tax_id': 6072, 'name': 'Eumetazoa'}, {'tax_id': 33213, 'name': 'Bilateria'}, {'tax_id': 33511, 'name': 'Deuterostomia'}, {'tax_id': 7711, 'name': 'Chordata'}, {'tax_id': 89593, 'name': 'Craniata'}, {'tax_id': 7742, 'name': 'Vertebrata'}, {'tax_id': 7776, 'name': 'Gnathostomata'}, {'tax_id': 117570, 'name': 'Teleostomi'}, {'tax_id': 117571, 'name': 'Euteleostomi'}, {'tax_id': 8287, 'name': 'Sarcopterygii'}, {'tax_id': 1338369, 'name': 'Dipnotetrapodomorpha'}, {'tax_id': 32523, 'name': 'Tetrapoda'}, {'tax_id': 32524, 'name': 'Amniota'}, {'tax_id': 40674, 'name': 'Mammalia'}, {'tax_id': 32525, 'name': 'Theria'}, {'tax_id': 9347, 'name': 'Eutheria'}, {'tax_id': 1437010, 'name': 'Boreoeutheria'}, {'tax_id': 314146, 'name': 'Euarchontoglires'}, {'tax_id': 9443, 'name': 'Primates'}, {'tax_id': 376913, 'name': 'Haplorrhini'}, {'tax_id': 314293, 'name': 'Simiiformes'}, {'tax_id': 9526, 'name': 'Catarrhini'}, {'tax_id': 314295, 'name': 'Hominoidea'}, {'tax_id': 9604, 'name': 'Hominidae'}, {'tax_id': 207598, 'name': 'Homininae'}, {'tax_id': 9605, 'name': 'Homo'}, {'tax_id': 9606, 'name': 'Homo sapiens'}]",False,,,,True,[],[],,2,,,,,,,,,,,,,,
PV685639.1,,GenBank,,,,2025-06-10,,[],11237,complete,"Chikungunya virus strain S13b54, complete genome",,False,Africa,Reunion,Homo sapiens,"[{'tax_id': 131567, 'name': 'cellular organisms'}, {'tax_id': 2759, 'name': 'Eukaryota'}, {'tax_id': 33154, 'name': 'Opisthokonta'}, {'tax_id': 33208, 'name': 'Metazoa'}, {'tax_id': 6072, 'name': 'Eumetazoa'}, {'tax_id': 33213, 'name': 'Bilateria'}, {'tax_id': 33511, 'name': 'Deuterostomia'}, {'tax_id': 7711, 'name': 'Chordata'}, {'tax_id': 89593, 'name': 'Craniata'}, {'tax_id': 7742, 'name': 'Vertebrata'}, {'tax_id': 7776, 'name': 'Gnathostomata'}, {'tax_id': 117570, 'name': 'Teleostomi'}, {'tax_id': 117571, 'name': 'Euteleostomi'}, {'tax_id': 8287, 'name': 'Sarcopterygii'}, {'tax_id': 1338369, 'name': 'Dipnotetrapodomorpha'}, {'tax_id': 32523, 'name': 'Tetrapoda'}, {'tax_id': 32524, 'name': 'Amniota'}, {'tax_id': 40674, 'name': 'Mammalia'}, {'tax_id': 32525, 'name': 'Theria'}, {'tax_id': 9347, 'name': 'Eutheria'}, {'tax_id': 1437010, 'name': 'Boreoeutheria'}, {'tax_id': 314146, 'name': 'Euarchontoglires'}, {'tax_id': 9443, 'name': 'Primates'}, {'tax_id': 376913, 'name': 'Haplorrhini'}, {'tax_id': 314293, 'name': 'Simiiformes'}, {'tax_id': 9526, 'name': 'Catarrhini'}, {'tax_id': 314295, 'name': 'Hominoidea'}, {'tax_id': 9604, 'name': 'Hominidae'}, {'tax_id': 207598, 'name': 'Homininae'}, {'tax_id': 9605, 'name': 'Homo'}, {'tax_id': 9606, 'name': 'Homo sapiens'}]",False,,,,True,[],[],,2,,,,,,,,,,,,,,
PV685638.1,,GenBank,,,,2025-06-10,,[],11237,complete,"Chikungunya virus strain S8b93, complete genome",,False,Africa,Reunion,Homo sapiens,"[{'tax_id': 131567, 'name': 'cellular organisms'}, {'tax_id': 2759, 'name': 'Eukaryota'}, {'tax_id': 33154, 'name': 'Opisthokonta'}, {'tax_id': 33208, 'name': 'Metazoa'}, {'tax_id': 6072, 'name': 'Eumetazoa'}, {'tax_id': 33213, 'name': 'Bilateria'}, {'tax_id': 33511, 'name': 'Deuterostomia'}, {'tax_id': 7711, 'name': 'Chordata'}, {'tax_id': 89593, 'name': 'Craniata'}, {'tax_id': 7742, 'name': 'Vertebrata'}, {'tax_id': 7776, 'name': 'Gnathostomata'}, {'tax_id': 117570, 'name': 'Teleostomi'}, {'tax_id': 117571, 'name': 'Euteleostomi'}, {'tax_id': 8287, 'name': 'Sarcopterygii'}, {'tax_id': 1338369, 'name': 'Dipnotetrapodomorpha'}, {'tax_id': 32523, 'name': 'Tetrapoda'}, {'tax_id': 32524, 'name': 'Amniota'}, {'tax_id': 40674, 'name': 'Mammalia'}, {'tax_id': 32525, 'name': 'Theria'}, {'tax_id': 9347, 'name': 'Eutheria'}, {'tax_id': 1437010, 'name': 'Boreoeutheria'}, {'tax_id': 314146, 'name': 'Euarchontoglires'}, {'tax_id': 9443, 'name': 'Primates'}, {'tax_id': 376913, 'name': 'Haplorrhini'}, {'tax_id': 314293, 'name': 'Simiiformes'}, {'tax_id': 9526, 'name': 'Catarrhini'}, {'tax_id': 314295, 'name': 'Hominoidea'}, {'tax_id': 9604, 'name': 'Hominidae'}, {'tax_id': 207598, 'name': 'Homininae'}, {'tax_id': 9605, 'name': 'Homo'}, {'tax_id': 9606, 'name': 'Homo sapiens'}]",False,,,,True,[],[],,2,,,,,,,,,,,,,,
PV685637.1,,GenBank,,,,2025-06-10,,[],11237,complete,"Chikungunya virus strain S9b50, complete genome",,False,Africa,Reunion,Homo sapiens,"[{'tax_id': 131567, 'name': 'cellular organisms'}, {'tax_id': 2759, 'name': 'Eukaryota'}, {'tax_id': 33154, 'name': 'Opisthokonta'}, {'tax_id': 33208, 'name': 'Metazoa'}, {'tax_id': 6072, 'name': 'Eumetazoa'}, {'tax_id': 33213, 'name': 'Bilateria'}, {'tax_id': 33511, 'name': 'Deuterostomia'}, {'tax_id': 7711, 'name': 'Chordata'}, {'tax_id': 89593, 'name': 'Craniata'}, {'tax_id': 7742, 'name': 'Vertebrata'}, {'tax_id': 7776, 'name': 'Gnathostomata'}, {'tax_id': 117570, 'name': 'Teleostomi'}, {'tax_id': 117571, 'name': 'Euteleostomi'}, {'tax_id': 8287, 'name': 'Sarcopterygii'}, {'tax_id': 1338369, 'name': 'Dipnotetrapodomorpha'}, {'tax_id': 32523, 'name': 'Tetrapoda'}, {'tax_id': 32524, 'name': 'Amniota'}, {'tax_id': 40674, 'name': 'Mammalia'}, {'tax_id': 32525, 'name': 'Theria'}, {'tax_id': 9347, 'name': 'Eutheria'}, {'tax_id': 1437010, 'name': 'Boreoeutheria'}, {'tax_id': 314146, 'name': 'Euarchontoglires'}, {'tax_id': 9443, 'name': 'Primates'}, {'tax_id': 376913, 'name': 'Haplorrhini'}, {'tax_id': 314293, 'name': 'Simiiformes'}, {'tax_id': 9526, 'name': 'Catarrhini'}, {'tax_id': 314295, 'name': 'Hominoidea'}, {'tax_id': 9604, 'name': 'Hominidae'}, {'tax_id': 207598, 'name': 'Homininae'}, {'tax_id': 9605, 'name': 'Homo'}, {'tax_id': 9606, 'name': 'Homo sapiens'}]",False,,,,True,[],[],,2,,,,,,,,,,,,,,
PV685636.1,,GenBank,,,,2025-06-10,,[],11237,complete,"Chikungunya virus strain S8b22, complete genome",,False,Africa,Reunion,Homo sapiens,"[{'tax_id': 131567, 'name': 'cellular organisms'}, {'tax_id': 2759, 'name': 'Eukaryota'}, {'tax_id': 33154, 'name': 'Opisthokonta'}, {'tax_id': 33208, 'name': 'Metazoa'}, {'tax_id': 6072, 'name': 'Eumetazoa'}, {'tax_id': 33213, 'name': 'Bilateria'}, {'tax_id': 33511, 'name': 'Deuterostomia'}, {'tax_id': 7711, 'name': 'Chordata'}, {'tax_id': 89593, 'name': 'Craniata'}, {'tax_id': 7742, 'name': 'Vertebrata'}, {'tax_id': 7776, 'name': 'Gnathostomata'}, {'tax_id': 117570, 'name': 'Teleostomi'}, {'tax_id': 117571, 'name': 'Euteleostomi'}, {'tax_id': 8287, 'name': 'Sarcopterygii'}, {'tax_id': 1338369, 'name': 'Dipnotetrapodomorpha'}, {'tax_id': 32523, 'name': 'Tetrapoda'}, {'tax_id': 32524, 'name': 'Amniota'}, {'tax_id': 40674, 'name': 'Mammalia'}, {'tax_id': 32525, 'name': 'Theria'}, {'tax_id': 9347, 'name': 'Eutheria'}, {'tax_id': 1437010, 'name': 'Boreoeutheria'}, {'tax_id': 314146, 'name': 'Euarchontoglires'}, {'tax_id': 9443, 'name': 'Primates'}, {'tax_id': 376913, 'name': 'Haplorrhini'}, {'tax_id': 314293, 'name': 'Simiiformes'}, {'tax_id': 9526, 'name': 'Catarrhini'}, {'tax_id': 314295, 'name': 'Hominoidea'}, {'tax_id': 9604, 'name': 'Hominidae'}, {'tax_id': 207598, 'name': 'Homininae'}, {'tax_id': 9605, 'name': 'Homo'}, {'tax_id': 9606, 'name': 'Homo sapiens'}]",False,,,,True,[],[],,2,,,,,,,,,,,,,,
PV685635.1,,GenBank,,,,2025-06-10,,[],11237,complete,"Chikungunya virus strain S8b07, complete genome",,False,Africa,Reunion,Homo sapiens,"[{'tax_id': 131567, 'name': 'cellular organisms'}, {'tax_id': 2759, 'name': 'Eukaryota'}, {'tax_id': 33154, 'name': 'Opisthokonta'}, {'tax_id': 33208, 'name': 'Metazoa'}, {'tax_id': 6072, 'name': 'Eumetazoa'}, {'tax_id': 33213, 'name': 'Bilateria'}, {'tax_id': 33511, 'name': 'Deuterostomia'}, {'tax_id': 7711, 'name': 'Chordata'}, {'tax_id': 89593, 'name': 'Craniata'}, {'tax_id': 7742, 'name': 'Vertebrata'}, {'tax_id': 7776, 'name': 'Gnathostomata'}, {'tax_id': 117570, 'name': 'Teleostomi'}, {'tax_id': 117571, 'name': 'Euteleostomi'}, {'tax_id': 8287, 'name': 'Sarcopterygii'}, {'tax_id': 1338369, 'name': 'Dipnotetrapodomorpha'}, {'tax_id': 32523, 'name': 'Tetrapoda'}, {'tax_id': 32524, 'name': 'Amniota'}, {'tax_id': 40674, 'name': 'Mammalia'}, {'tax_id': 32525, 'name': 'Theria'}, {'tax_id': 9347, 'name': 'Eutheria'}, {'tax_id': 1437010, 'name': 'Boreoeutheria'}, {'tax_id': 314146, 'name': 'Euarchontoglires'}, {'tax_id': 9443, 'name': 'Primates'}, {'tax_id': 376913, 'name': 'Haplorrhini'}, {'tax_id': 314293, 'name': 'Simiiformes'}, {'tax_id': 9526, 'name': 'Catarrhini'}, {'tax_id': 314295, 'name': 'Hominoidea'}, {'tax_id': 9604, 'name': 'Hominidae'}, {'tax_id': 207598, 'name': 'Homininae'}, {'tax_id': 9605, 'name': 'Homo'}, {'tax_id': 9606, 'name': 'Homo sapiens'}]",False,,,,True,[],[],,2,,,,,,,,,,,,,,
PV685634.1,,GenBank,,,,2025-06-10,,[],11237,complete,"Chikungunya virus strain S22b46, complete genome",,False,Africa,Reunion,Homo sapiens,"[{'tax_id': 131567, 'name': 'cellular organisms'}, {'tax_id': 2759, 'name': 'Eukaryota'}, {'tax_id': 33154, 'name': 'Opisthokonta'}, {'tax_id': 33208, 'name': 'Metazoa'}, {'tax_id': 6072, 'name': 'Eumetazoa'}, {'tax_id': 33213, 'name': 'Bilateria'}, {'tax_id': 33511, 'name': 'Deuterostomia'}, {'tax_id': 7711, 'name': 'Chordata'}, {'tax_id': 89593, 'name': 'Craniata'}, {'tax_id': 7742, 'name': 'Vertebrata'}, {'tax_id': 7776, 'name': 'Gnathostomata'}, {'tax_id': 117570, 'name': 'Teleostomi'}, {'tax_id': 117571, 'name': 'Euteleostomi'}, {'tax_id': 8287, 'name': 'Sarcopterygii'}, {'tax_id': 1338369, 'name': 'Dipnotetrapodomorpha'}, {'tax_id': 32523, 'name': 'Tetrapoda'}, {'tax_id': 32524, 'name': 'Amniota'}, {'tax_id': 40674, 'name': 'Mammalia'}, {'tax_id': 32525, 'name': 'Theria'}, {'tax_id': 9347, 'name': 'Eutheria'}, {'tax_id': 1437010, 'name': 'Boreoeutheria'}, {'tax_id': 314146, 'name': 'Euarchontoglires'}, {'tax_id': 9443, 'name': 'Primates'}, {'tax_id': 376913, 'name': 'Haplorrhini'}, {'tax_id': 314293, 'name': 'Simiiformes'}, {'tax_id': 9526, 'name': 'Catarrhini'}, {'tax_id': 314295, 'name': 'Hominoidea'}, {'tax_id': 9604, 'name': 'Hominidae'}, {'tax_id': 207598, 'name': 'Homininae'}, {'tax_id': 9605, 'name': 'Homo'}, {'tax_id': 9606, 'name': 'Homo sapiens'}]",False,,,,True,[],[],,2,,,,,,,,,,,,,,
PV685633.1,,GenBank,,,,2025-06-10,,[],11237,complete,"Chikungunya virus strain S18b33, complete genome",,False,Africa,Reunion,Homo sapiens,"[{'tax_id': 131567, 'name': 'cellular organisms'}, {'tax_id': 2759, 'name': 'Eukaryota'}, {'tax_id': 33154, 'name': 'Opisthokonta'}, {'tax_id': 33208, 'name': 'Metazoa'}, {'tax_id': 6072, 'name': 'Eumetazoa'}, {'tax_id': 33213, 'name': 'Bilateria'}, {'tax_id': 33511, 'name': 'Deuterostomia'}, {'tax_id': 7711, 'name': 'Chordata'}, {'tax_id': 89593, 'name': 'Craniata'}, {'tax_id': 7742, 'name': 'Vertebrata'}, {'tax_id': 7776, 'name': 'Gnathostomata'}, {'tax_id': 117570, 'name': 'Teleostomi'}, {'tax_id': 117571, 'name': 'Euteleostomi'}, {'tax_id': 8287, 'name': 'Sarcopterygii'}, {'tax_id': 1338369, 'name': 'Dipnotetrapodomorpha'}, {'tax_id': 32523, 'name': 'Tetrapoda'}, {'tax_id': 32524, 'name': 'Amniota'}, {'tax_id': 40674, 'name': 'Mammalia'}, {'tax_id': 32525, 'name': 'Theria'}, {'tax_id': 9347, 'name': 'Eutheria'}, {'tax_id': 1437010, 'name': 'Boreoeutheria'}, {'tax_id': 314146, 'name': 'Euarchontoglires'}, {'tax_id': 9443, 'name': 'Primates'}, {'tax_id': 376913, 'name': 'Haplorrhini'}, {'tax_id': 314293, 'name': 'Simiiformes'}, {'tax_id': 9526, 'name': 'Catarrhini'}, {'tax_id': 314295, 'name': 'Hominoidea'}, {'tax_id': 9604, 'name': 'Hominidae'}, {'tax_id': 207598, 'name': 'Homininae'}, {'tax_id': 9605, 'name': 'Homo'}, {'tax_id': 9606, 'name': 'Homo sapiens'}]",False,,,,True,[],[],,2,,,,,,,,,,,,,,
PV685632.1,,GenBank,,,,2025-06-10,,[],11237,complete,"Chikungunya virus strain S18b11, complete genome",,False,Africa,Reunion,Homo sapiens,"[{'tax_id': 131567, 'name': 'cellular organisms'}, {'tax_id': 2759, 'name': 'Eukaryota'}, {'tax_id': 33154, 'name': 'Opisthokonta'}, {'tax_id': 33208, 'name': 'Metazoa'}, {'tax_id': 6072, 'name': 'Eumetazoa'}, {'tax_id': 33213, 'name': 'Bilateria'}, {'tax_id': 33511, 'name': 'Deuterostomia'}, {'tax_id': 7711, 'name': 'Chordata'}, {'tax_id': 89593, 'name': 'Craniata'}, {'tax_id': 7742, 'name': 'Vertebrata'}, {'tax_id': 7776, 'name': 'Gnathostomata'}, {'tax_id': 117570, 'name': 'Teleostomi'}, {'tax_id': 117571, 'name': 'Euteleostomi'}, {'tax_id': 8287, 'name': 'Sarcopterygii'}, {'tax_id': 1338369, 'name': 'Dipnotetrapodomorpha'}, {'tax_id': 32523, 'name': 'Tetrapoda'}, {'tax_id': 32524, 'name': 'Amniota'}, {'tax_id': 40674, 'name': 'Mammalia'}, {'tax_id': 32525, 'name': 'Theria'}, {'tax_id': 9347, 'name': 'Eutheria'}, {'tax_id': 1437010, 'name': 'Boreoeutheria'}, {'tax_id': 314146, 'name': 'Euarchontoglires'}, {'tax_id': 9443, 'name': 'Primates'}, {'tax_id': 376913, 'name': 'Haplorrhini'}, {'tax_id': 314293, 'name': 'Simiiformes'}, {'tax_id': 9526, 'name': 'Catarrhini'}, {'tax_id': 314295, 'name': 'Hominoidea'}, {'tax_id': 9604, 'name': 'Hominidae'}, {'tax_id': 207598, 'name': 'Homininae'}, {'tax_id': 9605, 'name': 'Homo'}, {'tax_id': 9606, 'name': 'Homo sapiens'}]",False,,,,True,[],[],,2,,,,,,,,,,,,,,
PV685631.1,,GenBank,,,,2025-06-10,,[],11237,complete,"Chikungunya virus strain S17b75, complete genome",,False,Africa,Reunion,Homo sapiens,"[{'tax_id': 131567, 'name': 'cellular organisms'}, {'tax_id': 2759, 'name': 'Eukaryota'}, {'tax_id': 33154, 'name': 'Opisthokonta'}, {'tax_id': 33208, 'name': 'Metazoa'}, {'tax_id': 6072, 'name': 'Eumetazoa'}, {'tax_id': 33213, 'name': 'Bilateria'}, {'tax_id': 33511, 'name': 'Deuterostomia'}, {'tax_id': 7711, 'name': 'Chordata'}, {'tax_id': 89593, 'name': 'Craniata'}, {'tax_id': 7742, 'name': 'Vertebrata'}, {'tax_id': 7776, 'name': 'Gnathostomata'}, {'tax_id': 117570, 'name': 'Teleostomi'}, {'tax_id': 117571, 'name': 'Euteleostomi'}, {'tax_id': 8287, 'name': 'Sarcopterygii'}, {'tax_id': 1338369, 'name': 'Dipnotetrapodomorpha'}, {'tax_id': 32523, 'name': 'Tetrapoda'}, {'tax_id': 32524, 'name': 'Amniota'}, {'tax_id': 40674, 'name': 'Mammalia'}, {'tax_id': 32525, 'name': 'Theria'}, {'tax_id': 9347, 'name': 'Eutheria'}, {'tax_id': 1437010, 'name': 'Boreoeutheria'}, {'tax_id': 314146, 'name': 'Euarchontoglires'}, {'tax_id': 9443, 'name': 'Primates'}, {'tax_id': 376913, 'name': 'Haplorrhini'}, {'tax_id': 314293, 'name': 'Simiiformes'}, {'tax_id': 9526, 'name': 'Catarrhini'}, {'tax_id': 314295, 'name': 'Hominoidea'}, {'tax_id': 9604, 'name': 'Hominidae'}, {'tax_id': 207598, 'name': 'Homininae'}, {'tax_id': 9605, 'name': 'Homo'}, {'tax_id': 9606, 'name': 'Homo sapiens'}]",False,,,,True,[],[],,2,,,,,,,,,,,,,,
PV685630.1,,GenBank,,,,2025-06-10,,[],11237,complete,"Chikungunya virus strain S17b18, complete genome",,False,Africa,Reunion,Homo sapiens,"[{'tax_id': 131567, 'name': 'cellular organisms'}, {'tax_id': 2759, 'name': 'Eukaryota'}, {'tax_id': 33154, 'name': 'Opisthokonta'}, {'tax_id': 33208, 'name': 'Metazoa'}, {'tax_id': 6072, 'name': 'Eumetazoa'}, {'tax_id': 33213, 'name': 'Bilateria'}, {'tax_id': 33511, 'name': 'Deuterostomia'}, {'tax_id': 7711, 'name': 'Chordata'}, {'tax_id': 89593, 'name': 'Craniata'}, {'tax_id': 7742, 'name': 'Vertebrata'}, {'tax_id': 7776, 'name': 'Gnathostomata'}, {'tax_id': 117570, 'name': 'Teleostomi'}, {'tax_id': 117571, 'name': 'Euteleostomi'}, {'tax_id': 8287, 'name': 'Sarcopterygii'}, {'tax_id': 1338369, 'name': 'Dipnotetrapodomorpha'}, {'tax_id': 32523, 'name': 'Tetrapoda'}, {'tax_id': 32524, 'name': 'Amniota'}, {'tax_id': 40674, 'name': 'Mammalia'}, {'tax_id': 32525, 'name': 'Theria'}, {'tax_id': 9347, 'name': 'Eutheria'}, {'tax_id': 1437010, 'name': 'Boreoeutheria'}, {'tax_id': 314146, 'name': 'Euarchontoglires'}, {'tax_id': 9443, 'name': 'Primates'}, {'tax_id': 376913, 'name': 'Haplorrhini'}, {'tax_id': 314293, 'name': 'Simiiformes'}, {'tax_id': 9526, 'name': 'Catarrhini'}, {'tax_id': 314295, 'name': 'Hominoidea'}, {'tax_id': 9604, 'name': 'Hominidae'}, {'tax_id': 207598, 'name': 'Homininae'}, {'tax_id': 9605, 'name': 'Homo'}, {'tax_id': 9606, 'name': 'Homo sapiens'}]",False,,,,True,[],[],,2,,,,,,,,,,,,,,
PV685629.1,,GenBank,,,,2025-06-10,,[],11237,complete,"Chikungunya virus strain S17b13, complete genome",,False,Africa,Reunion,Homo sapiens,"[{'tax_id': 131567, 'name': 'cellular organisms'}, {'tax_id': 2759, 'name': 'Eukaryota'}, {'tax_id': 33154, 'name': 'Opisthokonta'}, {'tax_id': 33208, 'name': 'Metazoa'}, {'tax_id': 6072, 'name': 'Eumetazoa'}, {'tax_id': 33213, 'name': 'Bilateria'}, {'tax_id': 33511, 'name': 'Deuterostomia'}, {'tax_id': 7711, 'name': 'Chordata'}, {'tax_id': 89593, 'name': 'Craniata'}, {'tax_id': 7742, 'name': 'Vertebrata'}, {'tax_id': 7776, 'name': 'Gnathostomata'}, {'tax_id': 117570, 'name': 'Teleostomi'}, {'tax_id': 117571, 'name': 'Euteleostomi'}, {'tax_id': 8287, 'name': 'Sarcopterygii'}, {'tax_id': 1338369, 'name': 'Dipnotetrapodomorpha'}, {'tax_id': 32523, 'name': 'Tetrapoda'}, {'tax_id': 32524, 'name': 'Amniota'}, {'tax_id': 40674, 'name': 'Mammalia'}, {'tax_id': 32525, 'name': 'Theria'}, {'tax_id': 9347, 'name': 'Eutheria'}, {'tax_id': 1437010, 'name': 'Boreoeutheria'}, {'tax_id': 314146, 'name': 'Euarchontoglires'}, {'tax_id': 9443, 'name': 'Primates'}, {'tax_id': 376913, 'name': 'Haplorrhini'}, {'tax_id': 314293, 'name': 'Simiiformes'}, {'tax_id': 9526, 'name': 'Catarrhini'}, {'tax_id': 314295, 'name': 'Hominoidea'}, {'tax_id': 9604, 'name': 'Hominidae'}, {'tax_id': 207598, 'name': 'Homininae'}, {'tax_id': 9605, 'name': 'Homo'}, {'tax_id': 9606, 'name': 'Homo sapiens'}]",False,,,,True,[],[],,2,,,,,,,,,,,,,,
PV685628.1,,GenBank,,,,2025-06-10,,[],11237,complete,"Chikungunya virus strain S15b61, complete genome",,False,Africa,Reunion,Homo sapiens,"[{'tax_id': 131567, 'name': 'cellular organisms'}, {'tax_id': 2759, 'name': 'Eukaryota'}, {'tax_id': 33154, 'name': 'Opisthokonta'}, {'tax_id': 33208, 'name': 'Metazoa'}, {'tax_id': 6072, 'name': 'Eumetazoa'}, {'tax_id': 33213, 'name': 'Bilateria'}, {'tax_id': 33511, 'name': 'Deuterostomia'}, {'tax_id': 7711, 'name': 'Chordata'}, {'tax_id': 89593, 'name': 'Craniata'}, {'tax_id': 7742, 'name': 'Vertebrata'}, {'tax_id': 7776, 'name': 'Gnathostomata'}, {'tax_id': 117570, 'name': 'Teleostomi'}, {'tax_id': 117571, 'name': 'Euteleostomi'}, {'tax_id': 8287, 'name': 'Sarcopterygii'}, {'tax_id': 1338369, 'name': 'Dipnotetrapodomorpha'}, {'tax_id': 32523, 'name': 'Tetrapoda'}, {'tax_id': 32524, 'name': 'Amniota'}, {'tax_id': 40674, 'name': 'Mammalia'}, {'tax_id': 32525, 'name': 'Theria'}, {'tax_id': 9347, 'name': 'Eutheria'}, {'tax_id': 1437010, 'name': 'Boreoeutheria'}, {'tax_id': 314146, 'name': 'Euarchontoglires'}, {'tax_id': 9443, 'name': 'Primates'}, {'tax_id': 376913, 'name': 'Haplorrhini'}, {'tax_id': 314293, 'name': 'Simiiformes'}, {'tax_id': 9526, 'name': 'Catarrhini'}, {'tax_id': 314295, 'name': 'Hominoidea'}, {'tax_id': 9604, 'name': 'Hominidae'}, {'tax_id': 207598, 'name': 'Homininae'}, {'tax_id': 9605, 'name': 'Homo'}, {'tax_id': 9606, 'name': 'Homo sapiens'}]",False,,,,True,[],[],,2,,,,,,,,,,,,,,
PV685627.1,,GenBank,,,,2025-06-10,,[],11237,complete,"Chikungunya virus strain S15b60, complete genome",,False,Africa,Reunion,Homo sapiens,"[{'tax_id': 131567, 'name': 'cellular organisms'}, {'tax_id': 2759, 'name': 'Eukaryota'}, {'tax_id': 33154, 'name': 'Opisthokonta'}, {'tax_id': 33208, 'name': 'Metazoa'}, {'tax_id': 6072, 'name': 'Eumetazoa'}, {'tax_id': 33213, 'name': 'Bilateria'}, {'tax_id': 33511, 'name': 'Deuterostomia'}, {'tax_id': 7711, 'name': 'Chordata'}, {'tax_id': 89593, 'name': 'Craniata'}, {'tax_id': 7742, 'name': 'Vertebrata'}, {'tax_id': 7776, 'name': 'Gnathostomata'}, {'tax_id': 117570, 'name': 'Teleostomi'}, {'tax_id': 117571, 'name': 'Euteleostomi'}, {'tax_id': 8287, 'name': 'Sarcopterygii'}, {'tax_id': 1338369, 'name': 'Dipnotetrapodomorpha'}, {'tax_id': 32523, 'name': 'Tetrapoda'}, {'tax_id': 32524, 'name': 'Amniota'}, {'tax_id': 40674, 'name': 'Mammalia'}, {'tax_id': 32525, 'name': 'Theria'}, {'tax_id': 9347, 'name': 'Eutheria'}, {'tax_id': 1437010, 'name': 'Boreoeutheria'}, {'tax_id': 314146, 'name': 'Euarchontoglires'}, {'tax_id': 9443, 'name': 'Primates'}, {'tax_id': 376913, 'name': 'Haplorrhini'}, {'tax_id': 314293, 'name': 'Simiiformes'}, {'tax_id': 9526, 'name': 'Catarrhini'}, {'tax_id': 314295, 'name': 'Hominoidea'}, {'tax_id': 9604, 'name': 'Hominidae'}, {'tax_id': 207598, 'name': 'Homininae'}, {'tax_id': 9605, 'name': 'Homo'}, {'tax_id': 9606, 'name': 'Homo sapiens'}]",False,,,,True,[],[],,2,,,,,,,,,,,,,,
PV685626.1,,GenBank,,,,2025-06-10,,[],11237,complete,"Chikungunya virus strain S14b32, complete genome",,False,Africa,Reunion,Homo sapiens,"[{'tax_id': 131567, 'name': 'cellular organisms'}, {'tax_id': 2759, 'name': 'Eukaryota'}, {'tax_id': 33154, 'name': 'Opisthokonta'}, {'tax_id': 33208, 'name': 'Metazoa'}, {'tax_id': 6072, 'name': 'Eumetazoa'}, {'tax_id': 33213, 'name': 'Bilateria'}, {'tax_id': 33511, 'name': 'Deuterostomia'}, {'tax_id': 7711, 'name': 'Chordata'}, {'tax_id': 89593, 'name': 'Craniata'}, {'tax_id': 7742, 'name': 'Vertebrata'}, {'tax_id': 7776, 'name': 'Gnathostomata'}, {'tax_id': 117570, 'name': 'Teleostomi'}, {'tax_id': 117571, 'name': 'Euteleostomi'}, {'tax_id': 8287, 'name': 'Sarcopterygii'}, {'tax_id': 1338369, 'name': 'Dipnotetrapodomorpha'}, {'tax_id': 32523, 'name': 'Tetrapoda'}, {'tax_id': 32524, 'name': 'Amniota'}, {'tax_id': 40674, 'name': 'Mammalia'}, {'tax_id': 32525, 'name': 'Theria'}, {'tax_id': 9347, 'name': 'Eutheria'}, {'tax_id': 1437010, 'name': 'Boreoeutheria'}, {'tax_id': 314146, 'name': 'Euarchontoglires'}, {'tax_id': 9443, 'name': 'Primates'}, {'tax_id': 376913, 'name': 'Haplorrhini'}, {'tax_id': 314293, 'name': 'Simiiformes'}, {'tax_id': 9526, 'name': 'Catarrhini'}, {'tax_id': 314295, 'name': 'Hominoidea'}, {'tax_id': 9604, 'name': 'Hominidae'}, {'tax_id': 207598, 'name': 'Homininae'}, {'tax_id': 9605, 'name': 'Homo'}, {'tax_id': 9606, 'name': 'Homo sapiens'}]",False,,,,True,[],[],,2,,,,,,,,,,,,,,
PV685625.1,,GenBank,,,,2025-06-10,,[],11237,complete,"Chikungunya virus strain S12b78, complete genome",,False,Africa,Reunion,Homo sapiens,"[{'tax_id': 131567, 'name': 'cellular organisms'}, {'tax_id': 2759, 'name': 'Eukaryota'}, {'tax_id': 33154, 'name': 'Opisthokonta'}, {'tax_id': 33208, 'name': 'Metazoa'}, {'tax_id': 6072, 'name': 'Eumetazoa'}, {'tax_id': 33213, 'name': 'Bilateria'}, {'tax_id': 33511, 'name': 'Deuterostomia'}, {'tax_id': 7711, 'name': 'Chordata'}, {'tax_id': 89593, 'name': 'Craniata'}, {'tax_id': 7742, 'name': 'Vertebrata'}, {'tax_id': 7776, 'name': 'Gnathostomata'}, {'tax_id': 117570, 'name': 'Teleostomi'}, {'tax_id': 117571, 'name': 'Euteleostomi'}, {'tax_id': 8287, 'name': 'Sarcopterygii'}, {'tax_id': 1338369, 'name': 'Dipnotetrapodomorpha'}, {'tax_id': 32523, 'name': 'Tetrapoda'}, {'tax_id': 32524, 'name': 'Amniota'}, {'tax_id': 40674, 'name': 'Mammalia'}, {'tax_id': 32525, 'name': 'Theria'}, {'tax_id': 9347, 'name': 'Eutheria'}, {'tax_id': 1437010, 'name': 'Boreoeutheria'}, {'tax_id': 314146, 'name': 'Euarchontoglires'}, {'tax_id': 9443, 'name': 'Primates'}, {'tax_id': 376913, 'name': 'Haplorrhini'}, {'tax_id': 314293, 'name': 'Simiiformes'}, {'tax_id': 9526, 'name': 'Catarrhini'}, {'tax_id': 314295, 'name': 'Hominoidea'}, {'tax_id': 9604, 'name': 'Hominidae'}, {'tax_id': 207598, 'name': 'Homininae'}, {'tax_id': 9605, 'name': 'Homo'}, {'tax_id': 9606, 'name': 'Homo sapiens'}]",False,,,,True,[],[],,2,,,,,,,,,,,,,,
PV685624.1,,GenBank,,,,2025-06-10,,[],11237,complete,"Chikungunya virus strain S12b75, complete genome",,False,Africa,Reunion,Homo sapiens,"[{'tax_id': 131567, 'name': 'cellular organisms'}, {'tax_id': 2759, 'name': 'Eukaryota'}, {'tax_id': 33154, 'name': 'Opisthokonta'}, {'tax_id': 33208, 'name': 'Metazoa'}, {'tax_id': 6072, 'name': 'Eumetazoa'}, {'tax_id': 33213, 'name': 'Bilateria'}, {'tax_id': 33511, 'name': 'Deuterostomia'}, {'tax_id': 7711, 'name': 'Chordata'}, {'tax_id': 89593, 'name': 'Craniata'}, {'tax_id': 7742, 'name': 'Vertebrata'}, {'tax_id': 7776, 'name': 'Gnathostomata'}, {'tax_id': 117570, 'name': 'Teleostomi'}, {'tax_id': 117571, 'name': 'Euteleostomi'}, {'tax_id': 8287, 'name': 'Sarcopterygii'}, {'tax_id': 1338369, 'name': 'Dipnotetrapodomorpha'}, {'tax_id': 32523, 'name': 'Tetrapoda'}, {'tax_id': 32524, 'name': 'Amniota'}, {'tax_id': 40674, 'name': 'Mammalia'}, {'tax_id': 32525, 'name': 'Theria'}, {'tax_id': 9347, 'name': 'Eutheria'}, {'tax_id': 1437010, 'name': 'Boreoeutheria'}, {'tax_id': 314146, 'name': 'Euarchontoglires'}, {'tax_id': 9443, 'name': 'Primates'}, {'tax_id': 376913, 'name': 'Haplorrhini'}, {'tax_id': 314293, 'name': 'Simiiformes'}, {'tax_id': 9526, 'name': 'Catarrhini'}, {'tax_id': 314295, 'name': 'Hominoidea'}, {'tax_id': 9604, 'name': 'Hominidae'}, {'tax_id': 207598, 'name': 'Homininae'}, {'tax_id': 9605, 'name': 'Homo'}, {'tax_id': 9606, 'name': 'Homo sapiens'}]",False,,,,True,[],[],,2,,,,,,,,,,,,,,
PV685623.1,,GenBank,,,,2025-06-10,,[],11237,complete,"Chikungunya virus strain S12b70, complete genome",,False,Africa,Reunion,Homo sapiens,"[{'tax_id': 131567, 'name': 'cellular organisms'}, {'tax_id': 2759, 'name': 'Eukaryota'}, {'tax_id': 33154, 'name': 'Opisthokonta'}, {'tax_id': 33208, 'name': 'Metazoa'}, {'tax_id': 6072, 'name': 'Eumetazoa'}, {'tax_id': 33213, 'name': 'Bilateria'}, {'tax_id': 33511, 'name': 'Deuterostomia'}, {'tax_id': 7711, 'name': 'Chordata'}, {'tax_id': 89593, 'name': 'Craniata'}, {'tax_id': 7742, 'name': 'Vertebrata'}, {'tax_id': 7776, 'name': 'Gnathostomata'}, {'tax_id': 117570, 'name': 'Teleostomi'}, {'tax_id': 117571, 'name': 'Euteleostomi'}, {'tax_id': 8287, 'name': 'Sarcopterygii'}, {'tax_id': 1338369, 'name': 'Dipnotetrapodomorpha'}, {'tax_id': 32523, 'name': 'Tetrapoda'}, {'tax_id': 32524, 'name': 'Amniota'}, {'tax_id': 40674, 'name': 'Mammalia'}, {'tax_id': 32525, 'name': 'Theria'}, {'tax_id': 9347, 'name': 'Eutheria'}, {'tax_id': 1437010, 'name': 'Boreoeutheria'}, {'tax_id': 314146, 'name': 'Euarchontoglires'}, {'tax_id': 9443, 'name': 'Primates'}, {'tax_id': 376913, 'name': 'Haplorrhini'}, {'tax_id': 314293, 'name': 'Simiiformes'}, {'tax_id': 9526, 'name': 'Catarrhini'}, {'tax_id': 314295, 'name': 'Hominoidea'}, {'tax_id': 9604, 'name': 'Hominidae'}, {'tax_id': 207598, 'name': 'Homininae'}, {'tax_id': 9605, 'name': 'Homo'}, {'tax_id': 9606, 'name': 'Homo sapiens'}]",False,,,,True,[],[],,2,,,,,,,,,,,,,,
PV685622.1,,GenBank,,,,2025-06-10,,[],11237,complete,"Chikungunya virus strain S12b65, complete genome",,False,Africa,Reunion,Homo sapiens,"[{'tax_id': 131567, 'name': 'cellular organisms'}, {'tax_id': 2759, 'name': 'Eukaryota'}, {'tax_id': 33154, 'name': 'Opisthokonta'}, {'tax_id': 33208, 'name': 'Metazoa'}, {'tax_id': 6072, 'name': 'Eumetazoa'}, {'tax_id': 33213, 'name': 'Bilateria'}, {'tax_id': 33511, 'name': 'Deuterostomia'}, {'tax_id': 7711, 'name': 'Chordata'}, {'tax_id': 89593, 'name': 'Craniata'}, {'tax_id': 7742, 'name': 'Vertebrata'}, {'tax_id': 7776, 'name': 'Gnathostomata'}, {'tax_id': 117570, 'name': 'Teleostomi'}, {'tax_id': 117571, 'name': 'Euteleostomi'}, {'tax_id': 8287, 'name': 'Sarcopterygii'}, {'tax_id': 1338369, 'name': 'Dipnotetrapodomorpha'}, {'tax_id': 32523, 'name': 'Tetrapoda'}, {'tax_id': 32524, 'name': 'Amniota'}, {'tax_id': 40674, 'name': 'Mammalia'}, {'tax_id': 32525, 'name': 'Theria'}, {'tax_id': 9347, 'name': 'Eutheria'}, {'tax_id': 1437010, 'name': 'Boreoeutheria'}, {'tax_id': 314146, 'name': 'Euarchontoglires'}, {'tax_id': 9443, 'name': 'Primates'}, {'tax_id': 376913, 'name': 'Haplorrhini'}, {'tax_id': 314293, 'name': 'Simiiformes'}, {'tax_id': 9526, 'name': 'Catarrhini'}, {'tax_id': 314295, 'name': 'Hominoidea'}, {'tax_id': 9604, 'name': 'Hominidae'}, {'tax_id': 207598, 'name': 'Homininae'}, {'tax_id': 9605, 'name': 'Homo'}, {'tax_id': 9606, 'name': 'Homo sapiens'}]",False,,,,True,[],[],,2,,,,,,,,,,,,,,
PV685621.1,,GenBank,,,,2025-06-10,,[],11237,complete,"Chikungunya virus strain S12b63, complete genome",,False,Africa,Reunion,Homo sapiens,"[{'tax_id': 131567, 'name': 'cellular organisms'}, {'tax_id': 2759, 'name': 'Eukaryota'}, {'tax_id': 33154, 'name': 'Opisthokonta'}, {'tax_id': 33208, 'name': 'Metazoa'}, {'tax_id': 6072, 'name': 'Eumetazoa'}, {'tax_id': 33213, 'name': 'Bilateria'}, {'tax_id': 33511, 'name': 'Deuterostomia'}, {'tax_id': 7711, 'name': 'Chordata'}, {'tax_id': 89593, 'name': 'Craniata'}, {'tax_id': 7742, 'name': 'Vertebrata'}, {'tax_id': 7776, 'name': 'Gnathostomata'}, {'tax_id': 117570, 'name': 'Teleostomi'}, {'tax_id': 117571, 'name': 'Euteleostomi'}, {'tax_id': 8287, 'name': 'Sarcopterygii'}, {'tax_id': 1338369, 'name': 'Dipnotetrapodomorpha'}, {'tax_id': 32523, 'name': 'Tetrapoda'}, {'tax_id': 32524, 'name': 'Amniota'}, {'tax_id': 40674, 'name': 'Mammalia'}, {'tax_id': 32525, 'name': 'Theria'}, {'tax_id': 9347, 'name': 'Eutheria'}, {'tax_id': 1437010, 'name': 'Boreoeutheria'}, {'tax_id': 314146, 'name': 'Euarchontoglires'}, {'tax_id': 9443, 'name': 'Primates'}, {'tax_id': 376913, 'name': 'Haplorrhini'}, {'tax_id': 314293, 'name': 'Simiiformes'}, {'tax_id': 9526, 'name': 'Catarrhini'}, {'tax_id': 314295, 'name': 'Hominoidea'}, {'tax_id': 9604, 'name': 'Hominidae'}, {'tax_id': 207598, 'name': 'Homininae'}, {'tax_id': 9605, 'name': 'Homo'}, {'tax_id': 9606, 'name': 'Homo sapiens'}]",False,,,,True,[],[],,2,,,,,,,,,,,,,,
PV685620.1,,GenBank,,,,2025-06-10,,[],11237,complete,"Chikungunya virus strain S12b41, complete genome",,False,Africa,Reunion,Homo sapiens,"[{'tax_id': 131567, 'name': 'cellular organisms'}, {'tax_id': 2759, 'name': 'Eukaryota'}, {'tax_id': 33154, 'name': 'Opisthokonta'}, {'tax_id': 33208, 'name': 'Metazoa'}, {'tax_id': 6072, 'name': 'Eumetazoa'}, {'tax_id': 33213, 'name': 'Bilateria'}, {'tax_id': 33511, 'name': 'Deuterostomia'}, {'tax_id': 7711, 'name': 'Chordata'}, {'tax_id': 89593, 'name': 'Craniata'}, {'tax_id': 7742, 'name': 'Vertebrata'}, {'tax_id': 7776, 'name': 'Gnathostomata'}, {'tax_id': 117570, 'name': 'Teleostomi'}, {'tax_id': 117571, 'name': 'Euteleostomi'}, {'tax_id': 8287, 'name': 'Sarcopterygii'}, {'tax_id': 1338369, 'name': 'Dipnotetrapodomorpha'}, {'tax_id': 32523, 'name': 'Tetrapoda'}, {'tax_id': 32524, 'name': 'Amniota'}, {'tax_id': 40674, 'name': 'Mammalia'}, {'tax_id': 32525, 'name': 'Theria'}, {'tax_id': 9347, 'name': 'Eutheria'}, {'tax_id': 1437010, 'name': 'Boreoeutheria'}, {'tax_id': 314146, 'name': 'Euarchontoglires'}, {'tax_id': 9443, 'name': 'Primates'}, {'tax_id': 376913, 'name': 'Haplorrhini'}, {'tax_id': 314293, 'name': 'Simiiformes'}, {'tax_id': 9526, 'name': 'Catarrhini'}, {'tax_id': 314295, 'name': 'Hominoidea'}, {'tax_id': 9604, 'name': 'Hominidae'}, {'tax_id': 207598, 'name': 'Homininae'}, {'tax_id': 9605, 'name': 'Homo'}, {'tax_id': 9606, 'name': 'Homo sapiens'}]",False,,,,True,[],[],,2,,,,,,,,,,,,,,
PV685619.1,,GenBank,,,,2025-06-10,,[],11237,complete,"Chikungunya virus strain S12b39, complete genome",,False,Africa,Reunion,Homo sapiens,"[{'tax_id': 131567, 'name': 'cellular organisms'}, {'tax_id': 2759, 'name': 'Eukaryota'}, {'tax_id': 33154, 'name': 'Opisthokonta'}, {'tax_id': 33208, 'name': 'Metazoa'}, {'tax_id': 6072, 'name': 'Eumetazoa'}, {'tax_id': 33213, 'name': 'Bilateria'}, {'tax_id': 33511, 'name': 'Deuterostomia'}, {'tax_id': 7711, 'name': 'Chordata'}, {'tax_id': 89593, 'name': 'Craniata'}, {'tax_id': 7742, 'name': 'Vertebrata'}, {'tax_id': 7776, 'name': 'Gnathostomata'}, {'tax_id': 117570, 'name': 'Teleostomi'}, {'tax_id': 117571, 'name': 'Euteleostomi'}, {'tax_id': 8287, 'name': 'Sarcopterygii'}, {'tax_id': 1338369, 'name': 'Dipnotetrapodomorpha'}, {'tax_id': 32523, 'name': 'Tetrapoda'}, {'tax_id': 32524, 'name': 'Amniota'}, {'tax_id': 40674, 'name': 'Mammalia'}, {'tax_id': 32525, 'name': 'Theria'}, {'tax_id': 9347, 'name': 'Eutheria'}, {'tax_id': 1437010, 'name': 'Boreoeutheria'}, {'tax_id': 314146, 'name': 'Euarchontoglires'}, {'tax_id': 9443, 'name': 'Primates'}, {'tax_id': 376913, 'name': 'Haplorrhini'}, {'tax_id': 314293, 'name': 'Simiiformes'}, {'tax_id': 9526, 'name': 'Catarrhini'}, {'tax_id': 314295, 'name': 'Hominoidea'}, {'tax_id': 9604, 'name': 'Hominidae'}, {'tax_id': 207598, 'name': 'Homininae'}, {'tax_id': 9605, 'name': 'Homo'}, {'tax_id': 9606, 'name': 'Homo sapiens'}]",False,,,,True,[],[],,2,,,,,,,,,,,,,,
PV685618.1,,GenBank,,,,2025-06-10,,[],11237,complete,"Chikungunya virus strain S12b25, complete genome",,False,Africa,Reunion,Homo sapiens,"[{'tax_id': 131567, 'name': 'cellular organisms'}, {'tax_id': 2759, 'name': 'Eukaryota'}, {'tax_id': 33154, 'name': 'Opisthokonta'}, {'tax_id': 33208, 'name': 'Metazoa'}, {'tax_id': 6072, 'name': 'Eumetazoa'}, {'tax_id': 33213, 'name': 'Bilateria'}, {'tax_id': 33511, 'name': 'Deuterostomia'}, {'tax_id': 7711, 'name': 'Chordata'}, {'tax_id': 89593, 'name': 'Craniata'}, {'tax_id': 7742, 'name': 'Vertebrata'}, {'tax_id': 7776, 'name': 'Gnathostomata'}, {'tax_id': 117570, 'name': 'Teleostomi'}, {'tax_id': 117571, 'name': 'Euteleostomi'}, {'tax_id': 8287, 'name': 'Sarcopterygii'}, {'tax_id': 1338369, 'name': 'Dipnotetrapodomorpha'}, {'tax_id': 32523, 'name': 'Tetrapoda'}, {'tax_id': 32524, 'name': 'Amniota'}, {'tax_id': 40674, 'name': 'Mammalia'}, {'tax_id': 32525, 'name': 'Theria'}, {'tax_id': 9347, 'name': 'Eutheria'}, {'tax_id': 1437010, 'name': 'Boreoeutheria'}, {'tax_id': 314146, 'name': 'Euarchontoglires'}, {'tax_id': 9443, 'name': 'Primates'}, {'tax_id': 376913, 'name': 'Haplorrhini'}, {'tax_id': 314293, 'name': 'Simiiformes'}, {'tax_id': 9526, 'name': 'Catarrhini'}, {'tax_id': 314295, 'name': 'Hominoidea'}, {'tax_id': 9604, 'name': 'Hominidae'}, {'tax_id': 207598, 'name': 'Homininae'}, {'tax_id': 9605, 'name': 'Homo'}, {'tax_id': 9606, 'name': 'Homo sapiens'}]",False,,,,True,[],[],,2,,,,,,,,,,,,,,
PV685617.1,,GenBank,,,,2025-06-10,,[],11237,complete,"Chikungunya virus strain S12b15, complete genome",,False,Africa,Reunion,Homo sapiens,"[{'tax_id': 131567, 'name': 'cellular organisms'}, {'tax_id': 2759, 'name': 'Eukaryota'}, {'tax_id': 33154, 'name': 'Opisthokonta'}, {'tax_id': 33208, 'name': 'Metazoa'}, {'tax_id': 6072, 'name': 'Eumetazoa'}, {'tax_id': 33213, 'name': 'Bilateria'}, {'tax_id': 33511, 'name': 'Deuterostomia'}, {'tax_id': 7711, 'name': 'Chordata'}, {'tax_id': 89593, 'name': 'Craniata'}, {'tax_id': 7742, 'name': 'Vertebrata'}, {'tax_id': 7776, 'name': 'Gnathostomata'}, {'tax_id': 117570, 'name': 'Teleostomi'}, {'tax_id': 117571, 'name': 'Euteleostomi'}, {'tax_id': 8287, 'name': 'Sarcopterygii'}, {'tax_id': 1338369, 'name': 'Dipnotetrapodomorpha'}, {'tax_id': 32523, 'name': 'Tetrapoda'}, {'tax_id': 32524, 'name': 'Amniota'}, {'tax_id': 40674, 'name': 'Mammalia'}, {'tax_id': 32525, 'name': 'Theria'}, {'tax_id': 9347, 'name': 'Eutheria'}, {'tax_id': 1437010, 'name': 'Boreoeutheria'}, {'tax_id': 314146, 'name': 'Euarchontoglires'}, {'tax_id': 9443, 'name': 'Primates'}, {'tax_id': 376913, 'name': 'Haplorrhini'}, {'tax_id': 314293, 'name': 'Simiiformes'}, {'tax_id': 9526, 'name': 'Catarrhini'}, {'tax_id': 314295, 'name': 'Hominoidea'}, {'tax_id': 9604, 'name': 'Hominidae'}, {'tax_id': 207598, 'name': 'Homininae'}, {'tax_id': 9605, 'name': 'Homo'}, {'tax_id': 9606, 'name': 'Homo sapiens'}]",False,,,,True,[],[],,2,,,,,,,,,,,,,,
PV685616.1,,GenBank,,,,2025-06-10,,[],11237,complete,"Chikungunya virus strain S12b09, complete genome",,False,Africa,Reunion,Homo sapiens,"[{'tax_id': 131567, 'name': 'cellular organisms'}, {'tax_id': 2759, 'name': 'Eukaryota'}, {'tax_id': 33154, 'name': 'Opisthokonta'}, {'tax_id': 33208, 'name': 'Metazoa'}, {'tax_id': 6072, 'name': 'Eumetazoa'}, {'tax_id': 33213, 'name': 'Bilateria'}, {'tax_id': 33511, 'name': 'Deuterostomia'}, {'tax_id': 7711, 'name': 'Chordata'}, {'tax_id': 89593, 'name': 'Craniata'}, {'tax_id': 7742, 'name': 'Vertebrata'}, {'tax_id': 7776, 'name': 'Gnathostomata'}, {'tax_id': 117570, 'name': 'Teleostomi'}, {'tax_id': 117571, 'name': 'Euteleostomi'}, {'tax_id': 8287, 'name': 'Sarcopterygii'}, {'tax_id': 1338369, 'name': 'Dipnotetrapodomorpha'}, {'tax_id': 32523, 'name': 'Tetrapoda'}, {'tax_id': 32524, 'name': 'Amniota'}, {'tax_id': 40674, 'name': 'Mammalia'}, {'tax_id': 32525, 'name': 'Theria'}, {'tax_id': 9347, 'name': 'Eutheria'}, {'tax_id': 1437010, 'name': 'Boreoeutheria'}, {'tax_id': 314146, 'name': 'Euarchontoglires'}, {'tax_id': 9443, 'name': 'Primates'}, {'tax_id': 376913, 'name': 'Haplorrhini'}, {'tax_id': 314293, 'name': 'Simiiformes'}, {'tax_id': 9526, 'name': 'Catarrhini'}, {'tax_id': 314295, 'name': 'Hominoidea'}, {'tax_id': 9604, 'name': 'Hominidae'}, {'tax_id': 207598, 'name': 'Homininae'}, {'tax_id': 9605, 'name': 'Homo'}, {'tax_id': 9606, 'name': 'Homo sapiens'}]",False,,,,True,[],[],,2,,,,,,,,,,,,,,
PV685615.1,,GenBank,,,,2025-06-10,,[],11237,complete,"Chikungunya virus strain S10b67, complete genome",,False,Africa,Reunion,Homo sapiens,"[{'tax_id': 131567, 'name': 'cellular organisms'}, {'tax_id': 2759, 'name': 'Eukaryota'}, {'tax_id': 33154, 'name': 'Opisthokonta'}, {'tax_id': 33208, 'name': 'Metazoa'}, {'tax_id': 6072, 'name': 'Eumetazoa'}, {'tax_id': 33213, 'name': 'Bilateria'}, {'tax_id': 33511, 'name': 'Deuterostomia'}, {'tax_id': 7711, 'name': 'Chordata'}, {'tax_id': 89593, 'name': 'Craniata'}, {'tax_id': 7742, 'name': 'Vertebrata'}, {'tax_id': 7776, 'name': 'Gnathostomata'}, {'tax_id': 117570, 'name': 'Teleostomi'}, {'tax_id': 117571, 'name': 'Euteleostomi'}, {'tax_id': 8287, 'name': 'Sarcopterygii'}, {'tax_id': 1338369, 'name': 'Dipnotetrapodomorpha'}, {'tax_id': 32523, 'name': 'Tetrapoda'}, {'tax_id': 32524, 'name': 'Amniota'}, {'tax_id': 40674, 'name': 'Mammalia'}, {'tax_id': 32525, 'name': 'Theria'}, {'tax_id': 9347, 'name': 'Eutheria'}, {'tax_id': 1437010, 'name': 'Boreoeutheria'}, {'tax_id': 314146, 'name': 'Euarchontoglires'}, {'tax_id': 9443, 'name': 'Primates'}, {'tax_id': 376913, 'name': 'Haplorrhini'}, {'tax_id': 314293, 'name': 'Simiiformes'}, {'tax_id': 9526, 'name': 'Catarrhini'}, {'tax_id': 314295, 'name': 'Hominoidea'}, {'tax_id': 9604, 'name': 'Hominidae'}, {'tax_id': 207598, 'name': 'Homininae'}, {'tax_id': 9605, 'name': 'Homo'}, {'tax_id': 9606, 'name': 'Homo sapiens'}]",False,,,,True,[],[],,2,,,,,,,,,,,,,,
PV685614.1,,GenBank,,,,2025-06-10,,[],11237,complete,"Chikungunya virus strain S10b66, complete genome",,False,Africa,Reunion,Homo sapiens,"[{'tax_id': 131567, 'name': 'cellular organisms'}, {'tax_id': 2759, 'name': 'Eukaryota'}, {'tax_id': 33154, 'name': 'Opisthokonta'}, {'tax_id': 33208, 'name': 'Metazoa'}, {'tax_id': 6072, 'name': 'Eumetazoa'}, {'tax_id': 33213, 'name': 'Bilateria'}, {'tax_id': 33511, 'name': 'Deuterostomia'}, {'tax_id': 7711, 'name': 'Chordata'}, {'tax_id': 89593, 'name': 'Craniata'}, {'tax_id': 7742, 'name': 'Vertebrata'}, {'tax_id': 7776, 'name': 'Gnathostomata'}, {'tax_id': 117570, 'name': 'Teleostomi'}, {'tax_id': 117571, 'name': 'Euteleostomi'}, {'tax_id': 8287, 'name': 'Sarcopterygii'}, {'tax_id': 1338369, 'name': 'Dipnotetrapodomorpha'}, {'tax_id': 32523, 'name': 'Tetrapoda'}, {'tax_id': 32524, 'name': 'Amniota'}, {'tax_id': 40674, 'name': 'Mammalia'}, {'tax_id': 32525, 'name': 'Theria'}, {'tax_id': 9347, 'name': 'Eutheria'}, {'tax_id': 1437010, 'name': 'Boreoeutheria'}, {'tax_id': 314146, 'name': 'Euarchontoglires'}, {'tax_id': 9443, 'name': 'Primates'}, {'tax_id': 376913, 'name': 'Haplorrhini'}, {'tax_id': 314293, 'name': 'Simiiformes'}, {'tax_id': 9526, 'name': 'Catarrhini'}, {'tax_id': 314295, 'name': 'Hominoidea'}, {'tax_id': 9604, 'name': 'Hominidae'}, {'tax_id': 207598, 'name': 'Homininae'}, {'tax_id': 9605, 'name': 'Homo'}, {'tax_id': 9606, 'name': 'Homo sapiens'}]",False,,,,True,[],[],,2,,,,,,,,,,,,,,
PV685613.1,,GenBank,,,,2025-06-10,,[],11237,complete,"Chikungunya virus strain S9b78, complete genome",,False,Africa,Reunion,Homo sapiens,"[{'tax_id': 131567, 'name': 'cellular organisms'}, {'tax_id': 2759, 'name': 'Eukaryota'}, {'tax_id': 33154, 'name': 'Opisthokonta'}, {'tax_id': 33208, 'name': 'Metazoa'}, {'tax_id': 6072, 'name': 'Eumetazoa'}, {'tax_id': 33213, 'name': 'Bilateria'}, {'tax_id': 33511, 'name': 'Deuterostomia'}, {'tax_id': 7711, 'name': 'Chordata'}, {'tax_id': 89593, 'name': 'Craniata'}, {'tax_id': 7742, 'name': 'Vertebrata'}, {'tax_id': 7776, 'name': 'Gnathostomata'}, {'tax_id': 117570, 'name': 'Teleostomi'}, {'tax_id': 117571, 'name': 'Euteleostomi'}, {'tax_id': 8287, 'name': 'Sarcopterygii'}, {'tax_id': 1338369, 'name': 'Dipnotetrapodomorpha'}, {'tax_id': 32523, 'name': 'Tetrapoda'}, {'tax_id': 32524, 'name': 'Amniota'}, {'tax_id': 40674, 'name': 'Mammalia'}, {'tax_id': 32525, 'name': 'Theria'}, {'tax_id': 9347, 'name': 'Eutheria'}, {'tax_id': 1437010, 'name': 'Boreoeutheria'}, {'tax_id': 314146, 'name': 'Euarchontoglires'}, {'tax_id': 9443, 'name': 'Primates'}, {'tax_id': 376913, 'name': 'Haplorrhini'}, {'tax_id': 314293, 'name': 'Simiiformes'}, {'tax_id': 9526, 'name': 'Catarrhini'}, {'tax_id': 314295, 'name': 'Hominoidea'}, {'tax_id': 9604, 'name': 'Hominidae'}, {'tax_id': 207598, 'name': 'Homininae'}, {'tax_id': 9605, 'name': 'Homo'}, {'tax_id': 9606, 'name': 'Homo sapiens'}]",False,,,,True,[],[],,2,,,,,,,,,,,,,,
PV685612.1,,GenBank,,,,2025-06-10,,[],11237,complete,"Chikungunya virus strain S9b46, complete genome",,False,Africa,Reunion,Homo sapiens,"[{'tax_id': 131567, 'name': 'cellular organisms'}, {'tax_id': 2759, 'name': 'Eukaryota'}, {'tax_id': 33154, 'name': 'Opisthokonta'}, {'tax_id': 33208, 'name': 'Metazoa'}, {'tax_id': 6072, 'name': 'Eumetazoa'}, {'tax_id': 33213, 'name': 'Bilateria'}, {'tax_id': 33511, 'name': 'Deuterostomia'}, {'tax_id': 7711, 'name': 'Chordata'}, {'tax_id': 89593, 'name': 'Craniata'}, {'tax_id': 7742, 'name': 'Vertebrata'}, {'tax_id': 7776, 'name': 'Gnathostomata'}, {'tax_id': 117570, 'name': 'Teleostomi'}, {'tax_id': 117571, 'name': 'Euteleostomi'}, {'tax_id': 8287, 'name': 'Sarcopterygii'}, {'tax_id': 1338369, 'name': 'Dipnotetrapodomorpha'}, {'tax_id': 32523, 'name': 'Tetrapoda'}, {'tax_id': 32524, 'name': 'Amniota'}, {'tax_id': 40674, 'name': 'Mammalia'}, {'tax_id': 32525, 'name': 'Theria'}, {'tax_id': 9347, 'name': 'Eutheria'}, {'tax_id': 1437010, 'name': 'Boreoeutheria'}, {'tax_id': 314146, 'name': 'Euarchontoglires'}, {'tax_id': 9443, 'name': 'Primates'}, {'tax_id': 376913, 'name': 'Haplorrhini'}, {'tax_id': 314293, 'name': 'Simiiformes'}, {'tax_id': 9526, 'name': 'Catarrhini'}, {'tax_id': 314295, 'name': 'Hominoidea'}, {'tax_id': 9604, 'name': 'Hominidae'}, {'tax_id': 207598, 'name': 'Homininae'}, {'tax_id': 9605, 'name': 'Homo'}, {'tax_id': 9606, 'name': 'Homo sapiens'}]",False,,,,True,[],[],,2,,,,,,,,,,,,,,
PV685611.1,,GenBank,,,,2025-06-10,,[],11237,complete,"Chikungunya virus strain S9b41, complete genome",,False,Africa,Reunion,Homo sapiens,"[{'tax_id': 131567, 'name': 'cellular organisms'}, {'tax_id': 2759, 'name': 'Eukaryota'}, {'tax_id': 33154, 'name': 'Opisthokonta'}, {'tax_id': 33208, 'name': 'Metazoa'}, {'tax_id': 6072, 'name': 'Eumetazoa'}, {'tax_id': 33213, 'name': 'Bilateria'}, {'tax_id': 33511, 'name': 'Deuterostomia'}, {'tax_id': 7711, 'name': 'Chordata'}, {'tax_id': 89593, 'name': 'Craniata'}, {'tax_id': 7742, 'name': 'Vertebrata'}, {'tax_id': 7776, 'name': 'Gnathostomata'}, {'tax_id': 117570, 'name': 'Teleostomi'}, {'tax_id': 117571, 'name': 'Euteleostomi'}, {'tax_id': 8287, 'name': 'Sarcopterygii'}, {'tax_id': 1338369, 'name': 'Dipnotetrapodomorpha'}, {'tax_id': 32523, 'name': 'Tetrapoda'}, {'tax_id': 32524, 'name': 'Amniota'}, {'tax_id': 40674, 'name': 'Mammalia'}, {'tax_id': 32525, 'name': 'Theria'}, {'tax_id': 9347, 'name': 'Eutheria'}, {'tax_id': 1437010, 'name': 'Boreoeutheria'}, {'tax_id': 314146, 'name': 'Euarchontoglires'}, {'tax_id': 9443, 'name': 'Primates'}, {'tax_id': 376913, 'name': 'Haplorrhini'}, {'tax_id': 314293, 'name': 'Simiiformes'}, {'tax_id': 9526, 'name': 'Catarrhini'}, {'tax_id': 314295, 'name': 'Hominoidea'}, {'tax_id': 9604, 'name': 'Hominidae'}, {'tax_id': 207598, 'name': 'Homininae'}, {'tax_id': 9605, 'name': 'Homo'}, {'tax_id': 9606, 'name': 'Homo sapiens'}]",False,,,,True,[],[],,2,,,,,,,,,,,,,,
PV685610.1,,GenBank,,,,2025-06-10,,[],11237,complete,"Chikungunya virus strain S9b21, complete genome",,False,Africa,Reunion,Homo sapiens,"[{'tax_id': 131567, 'name': 'cellular organisms'}, {'tax_id': 2759, 'name': 'Eukaryota'}, {'tax_id': 33154, 'name': 'Opisthokonta'}, {'tax_id': 33208, 'name': 'Metazoa'}, {'tax_id': 6072, 'name': 'Eumetazoa'}, {'tax_id': 33213, 'name': 'Bilateria'}, {'tax_id': 33511, 'name': 'Deuterostomia'}, {'tax_id': 7711, 'name': 'Chordata'}, {'tax_id': 89593, 'name': 'Craniata'}, {'tax_id': 7742, 'name': 'Vertebrata'}, {'tax_id': 7776, 'name': 'Gnathostomata'}, {'tax_id': 117570, 'name': 'Teleostomi'}, {'tax_id': 117571, 'name': 'Euteleostomi'}, {'tax_id': 8287, 'name': 'Sarcopterygii'}, {'tax_id': 1338369, 'name': 'Dipnotetrapodomorpha'}, {'tax_id': 32523, 'name': 'Tetrapoda'}, {'tax_id': 32524, 'name': 'Amniota'}, {'tax_id': 40674, 'name': 'Mammalia'}, {'tax_id': 32525, 'name': 'Theria'}, {'tax_id': 9347, 'name': 'Eutheria'}, {'tax_id': 1437010, 'name': 'Boreoeutheria'}, {'tax_id': 314146, 'name': 'Euarchontoglires'}, {'tax_id': 9443, 'name': 'Primates'}, {'tax_id': 376913, 'name': 'Haplorrhini'}, {'tax_id': 314293, 'name': 'Simiiformes'}, {'tax_id': 9526, 'name': 'Catarrhini'}, {'tax_id': 314295, 'name': 'Hominoidea'}, {'tax_id': 9604, 'name': 'Hominidae'}, {'tax_id': 207598, 'name': 'Homininae'}, {'tax_id': 9605, 'name': 'Homo'}, {'tax_id': 9606, 'name': 'Homo sapiens'}]",False,,,,True,[],[],,2,,,,,,,,,,,,,,
PV685609.1,,GenBank,,,,2025-06-10,,[],11237,complete,"Chikungunya virus strain S9b14, complete genome",,False,Africa,Reunion,Homo sapiens,"[{'tax_id': 131567, 'name': 'cellular organisms'}, {'tax_id': 2759, 'name': 'Eukaryota'}, {'tax_id': 33154, 'name': 'Opisthokonta'}, {'tax_id': 33208, 'name': 'Metazoa'}, {'tax_id': 6072, 'name': 'Eumetazoa'}, {'tax_id': 33213, 'name': 'Bilateria'}, {'tax_id': 33511, 'name': 'Deuterostomia'}, {'tax_id': 7711, 'name': 'Chordata'}, {'tax_id': 89593, 'name': 'Craniata'}, {'tax_id': 7742, 'name': 'Vertebrata'}, {'tax_id': 7776, 'name': 'Gnathostomata'}, {'tax_id': 117570, 'name': 'Teleostomi'}, {'tax_id': 117571, 'name': 'Euteleostomi'}, {'tax_id': 8287, 'name': 'Sarcopterygii'}, {'tax_id': 1338369, 'name': 'Dipnotetrapodomorpha'}, {'tax_id': 32523, 'name': 'Tetrapoda'}, {'tax_id': 32524, 'name': 'Amniota'}, {'tax_id': 40674, 'name': 'Mammalia'}, {'tax_id': 32525, 'name': 'Theria'}, {'tax_id': 9347, 'name': 'Eutheria'}, {'tax_id': 1437010, 'name': 'Boreoeutheria'}, {'tax_id': 314146, 'name': 'Euarchontoglires'}, {'tax_id': 9443, 'name': 'Primates'}, {'tax_id': 376913, 'name': 'Haplorrhini'}, {'tax_id': 314293, 'name': 'Simiiformes'}, {'tax_id': 9526, 'name': 'Catarrhini'}, {'tax_id': 314295, 'name': 'Hominoidea'}, {'tax_id': 9604, 'name': 'Hominidae'}, {'tax_id': 207598, 'name': 'Homininae'}, {'tax_id': 9605, 'name': 'Homo'}, {'tax_id': 9606, 'name': 'Homo sapiens'}]",False,,,,True,[],[],,2,,,,,,,,,,,,,,
PV685608.1,,GenBank,,,,2025-06-10,,[],11237,complete,"Chikungunya virus strain S9b11, complete genome",,False,Africa,Reunion,Homo sapiens,"[{'tax_id': 131567, 'name': 'cellular organisms'}, {'tax_id': 2759, 'name': 'Eukaryota'}, {'tax_id': 33154, 'name': 'Opisthokonta'}, {'tax_id': 33208, 'name': 'Metazoa'}, {'tax_id': 6072, 'name': 'Eumetazoa'}, {'tax_id': 33213, 'name': 'Bilateria'}, {'tax_id': 33511, 'name': 'Deuterostomia'}, {'tax_id': 7711, 'name': 'Chordata'}, {'tax_id': 89593, 'name': 'Craniata'}, {'tax_id': 7742, 'name': 'Vertebrata'}, {'tax_id': 7776, 'name': 'Gnathostomata'}, {'tax_id': 117570, 'name': 'Teleostomi'}, {'tax_id': 117571, 'name': 'Euteleostomi'}, {'tax_id': 8287, 'name': 'Sarcopterygii'}, {'tax_id': 1338369, 'name': 'Dipnotetrapodomorpha'}, {'tax_id': 32523, 'name': 'Tetrapoda'}, {'tax_id': 32524, 'name': 'Amniota'}, {'tax_id': 40674, 'name': 'Mammalia'}, {'tax_id': 32525, 'name': 'Theria'}, {'tax_id': 9347, 'name': 'Eutheria'}, {'tax_id': 1437010, 'name': 'Boreoeutheria'}, {'tax_id': 314146, 'name': 'Euarchontoglires'}, {'tax_id': 9443, 'name': 'Primates'}, {'tax_id': 376913, 'name': 'Haplorrhini'}, {'tax_id': 314293, 'name': 'Simiiformes'}, {'tax_id': 9526, 'name': 'Catarrhini'}, {'tax_id': 314295, 'name': 'Hominoidea'}, {'tax_id': 9604, 'name': 'Hominidae'}, {'tax_id': 207598, 'name': 'Homininae'}, {'tax_id': 9605, 'name': 'Homo'}, {'tax_id': 9606, 'name': 'Homo sapiens'}]",False,,,,True,[],[],,2,,,,,,,,,,,,,,
PV685607.1,,GenBank,,,,2025-06-10,,[],11237,complete,"Chikungunya virus strain S9b04, complete genome",,False,Africa,Reunion,Homo sapiens,"[{'tax_id': 131567, 'name': 'cellular organisms'}, {'tax_id': 2759, 'name': 'Eukaryota'}, {'tax_id': 33154, 'name': 'Opisthokonta'}, {'tax_id': 33208, 'name': 'Metazoa'}, {'tax_id': 6072, 'name': 'Eumetazoa'}, {'tax_id': 33213, 'name': 'Bilateria'}, {'tax_id': 33511, 'name': 'Deuterostomia'}, {'tax_id': 7711, 'name': 'Chordata'}, {'tax_id': 89593, 'name': 'Craniata'}, {'tax_id': 7742, 'name': 'Vertebrata'}, {'tax_id': 7776, 'name': 'Gnathostomata'}, {'tax_id': 117570, 'name': 'Teleostomi'}, {'tax_id': 117571, 'name': 'Euteleostomi'}, {'tax_id': 8287, 'name': 'Sarcopterygii'}, {'tax_id': 1338369, 'name': 'Dipnotetrapodomorpha'}, {'tax_id': 32523, 'name': 'Tetrapoda'}, {'tax_id': 32524, 'name': 'Amniota'}, {'tax_id': 40674, 'name': 'Mammalia'}, {'tax_id': 32525, 'name': 'Theria'}, {'tax_id': 9347, 'name': 'Eutheria'}, {'tax_id': 1437010, 'name': 'Boreoeutheria'}, {'tax_id': 314146, 'name': 'Euarchontoglires'}, {'tax_id': 9443, 'name': 'Primates'}, {'tax_id': 376913, 'name': 'Haplorrhini'}, {'tax_id': 314293, 'name': 'Simiiformes'}, {'tax_id': 9526, 'name': 'Catarrhini'}, {'tax_id': 314295, 'name': 'Hominoidea'}, {'tax_id': 9604, 'name': 'Hominidae'}, {'tax_id': 207598, 'name': 'Homininae'}, {'tax_id': 9605, 'name': 'Homo'}, {'tax_id': 9606, 'name': 'Homo sapiens'}]",False,,,,True,[],[],,2,,,,,,,,,,,,,,
PV685606.1,,GenBank,,,,2025-06-10,,[],11237,complete,"Chikungunya virus strain S8b75, complete genome",,False,Africa,Reunion,Homo sapiens,"[{'tax_id': 131567, 'name': 'cellular organisms'}, {'tax_id': 2759, 'name': 'Eukaryota'}, {'tax_id': 33154, 'name': 'Opisthokonta'}, {'tax_id': 33208, 'name': 'Metazoa'}, {'tax_id': 6072, 'name': 'Eumetazoa'}, {'tax_id': 33213, 'name': 'Bilateria'}, {'tax_id': 33511, 'name': 'Deuterostomia'}, {'tax_id': 7711, 'name': 'Chordata'}, {'tax_id': 89593, 'name': 'Craniata'}, {'tax_id': 7742, 'name': 'Vertebrata'}, {'tax_id': 7776, 'name': 'Gnathostomata'}, {'tax_id': 117570, 'name': 'Teleostomi'}, {'tax_id': 117571, 'name': 'Euteleostomi'}, {'tax_id': 8287, 'name': 'Sarcopterygii'}, {'tax_id': 1338369, 'name': 'Dipnotetrapodomorpha'}, {'tax_id': 32523, 'name': 'Tetrapoda'}, {'tax_id': 32524, 'name': 'Amniota'}, {'tax_id': 40674, 'name': 'Mammalia'}, {'tax_id': 32525, 'name': 'Theria'}, {'tax_id': 9347, 'name': 'Eutheria'}, {'tax_id': 1437010, 'name': 'Boreoeutheria'}, {'tax_id': 314146, 'name': 'Euarchontoglires'}, {'tax_id': 9443, 'name': 'Primates'}, {'tax_id': 376913, 'name': 'Haplorrhini'}, {'tax_id': 314293, 'name': 'Simiiformes'}, {'tax_id': 9526, 'name': 'Catarrhini'}, {'tax_id': 314295, 'name': 'Hominoidea'}, {'tax_id': 9604, 'name': 'Hominidae'}, {'tax_id': 207598, 'name': 'Homininae'}, {'tax_id': 9605, 'name': 'Homo'}, {'tax_id': 9606, 'name': 'Homo sapiens'}]",False,,,,True,[],[],,2,,,,,,,,,,,,,,
PV685605.1,,GenBank,,,,2025-06-10,,[],11237,complete,"Chikungunya virus strain S8b49, complete genome",,False,Africa,Reunion,Homo sapiens,"[{'tax_id': 131567, 'name': 'cellular organisms'}, {'tax_id': 2759, 'name': 'Eukaryota'}, {'tax_id': 33154, 'name': 'Opisthokonta'}, {'tax_id': 33208, 'name': 'Metazoa'}, {'tax_id': 6072, 'name': 'Eumetazoa'}, {'tax_id': 33213, 'name': 'Bilateria'}, {'tax_id': 33511, 'name': 'Deuterostomia'}, {'tax_id': 7711, 'name': 'Chordata'}, {'tax_id': 89593, 'name': 'Craniata'}, {'tax_id': 7742, 'name': 'Vertebrata'}, {'tax_id': 7776, 'name': 'Gnathostomata'}, {'tax_id': 117570, 'name': 'Teleostomi'}, {'tax_id': 117571, 'name': 'Euteleostomi'}, {'tax_id': 8287, 'name': 'Sarcopterygii'}, {'tax_id': 1338369, 'name': 'Dipnotetrapodomorpha'}, {'tax_id': 32523, 'name': 'Tetrapoda'}, {'tax_id': 32524, 'name': 'Amniota'}, {'tax_id': 40674, 'name': 'Mammalia'}, {'tax_id': 32525, 'name': 'Theria'}, {'tax_id': 9347, 'name': 'Eutheria'}, {'tax_id': 1437010, 'name': 'Boreoeutheria'}, {'tax_id': 314146, 'name': 'Euarchontoglires'}, {'tax_id': 9443, 'name': 'Primates'}, {'tax_id': 376913, 'name': 'Haplorrhini'}, {'tax_id': 314293, 'name': 'Simiiformes'}, {'tax_id': 9526, 'name': 'Catarrhini'}, {'tax_id': 314295, 'name': 'Hominoidea'}, {'tax_id': 9604, 'name': 'Hominidae'}, {'tax_id': 207598, 'name': 'Homininae'}, {'tax_id': 9605, 'name': 'Homo'}, {'tax_id': 9606, 'name': 'Homo sapiens'}]",False,,,,True,[],[],,2,,,,,,,,,,,,,,
PV685604.1,,GenBank,,,,2025-06-10,,[],11237,complete,"Chikungunya virus strain S8b31, complete genome",,False,Africa,Reunion,Homo sapiens,"[{'tax_id': 131567, 'name': 'cellular organisms'}, {'tax_id': 2759, 'name': 'Eukaryota'}, {'tax_id': 33154, 'name': 'Opisthokonta'}, {'tax_id': 33208, 'name': 'Metazoa'}, {'tax_id': 6072, 'name': 'Eumetazoa'}, {'tax_id': 33213, 'name': 'Bilateria'}, {'tax_id': 33511, 'name': 'Deuterostomia'}, {'tax_id': 7711, 'name': 'Chordata'}, {'tax_id': 89593, 'name': 'Craniata'}, {'tax_id': 7742, 'name': 'Vertebrata'}, {'tax_id': 7776, 'name': 'Gnathostomata'}, {'tax_id': 117570, 'name': 'Teleostomi'}, {'tax_id': 117571, 'name': 'Euteleostomi'}, {'tax_id': 8287, 'name': 'Sarcopterygii'}, {'tax_id': 1338369, 'name': 'Dipnotetrapodomorpha'}, {'tax_id': 32523, 'name': 'Tetrapoda'}, {'tax_id': 32524, 'name': 'Amniota'}, {'tax_id': 40674, 'name': 'Mammalia'}, {'tax_id': 32525, 'name': 'Theria'}, {'tax_id': 9347, 'name': 'Eutheria'}, {'tax_id': 1437010, 'name': 'Boreoeutheria'}, {'tax_id': 314146, 'name': 'Euarchontoglires'}, {'tax_id': 9443, 'name': 'Primates'}, {'tax_id': 376913, 'name': 'Haplorrhini'}, {'tax_id': 314293, 'name': 'Simiiformes'}, {'tax_id': 9526, 'name': 'Catarrhini'}, {'tax_id': 314295, 'name': 'Hominoidea'}, {'tax_id': 9604, 'name': 'Hominidae'}, {'tax_id': 207598, 'name': 'Homininae'}, {'tax_id': 9605, 'name': 'Homo'}, {'tax_id': 9606, 'name': 'Homo sapiens'}]",False,,,,True,[],[],,2,,,,,,,,,,,,,,
PV685603.1,,GenBank,,,,2025-06-10,,[],11237,complete,"Chikungunya virus strain S8b29, complete genome",,False,Africa,Reunion,Homo sapiens,"[{'tax_id': 131567, 'name': 'cellular organisms'}, {'tax_id': 2759, 'name': 'Eukaryota'}, {'tax_id': 33154, 'name': 'Opisthokonta'}, {'tax_id': 33208, 'name': 'Metazoa'}, {'tax_id': 6072, 'name': 'Eumetazoa'}, {'tax_id': 33213, 'name': 'Bilateria'}, {'tax_id': 33511, 'name': 'Deuterostomia'}, {'tax_id': 7711, 'name': 'Chordata'}, {'tax_id': 89593, 'name': 'Craniata'}, {'tax_id': 7742, 'name': 'Vertebrata'}, {'tax_id': 7776, 'name': 'Gnathostomata'}, {'tax_id': 117570, 'name': 'Teleostomi'}, {'tax_id': 117571, 'name': 'Euteleostomi'}, {'tax_id': 8287, 'name': 'Sarcopterygii'}, {'tax_id': 1338369, 'name': 'Dipnotetrapodomorpha'}, {'tax_id': 32523, 'name': 'Tetrapoda'}, {'tax_id': 32524, 'name': 'Amniota'}, {'tax_id': 40674, 'name': 'Mammalia'}, {'tax_id': 32525, 'name': 'Theria'}, {'tax_id': 9347, 'name': 'Eutheria'}, {'tax_id': 1437010, 'name': 'Boreoeutheria'}, {'tax_id': 314146, 'name': 'Euarchontoglires'}, {'tax_id': 9443, 'name': 'Primates'}, {'tax_id': 376913, 'name': 'Haplorrhini'}, {'tax_id': 314293, 'name': 'Simiiformes'}, {'tax_id': 9526, 'name': 'Catarrhini'}, {'tax_id': 314295, 'name': 'Hominoidea'}, {'tax_id': 9604, 'name': 'Hominidae'}, {'tax_id': 207598, 'name': 'Homininae'}, {'tax_id': 9605, 'name': 'Homo'}, {'tax_id': 9606, 'name': 'Homo sapiens'}]",False,,,,True,[],[],,2,,,,,,,,,,,,,,
PV685602.1,,GenBank,,,,2025-06-10,,[],11237,complete,"Chikungunya virus strain S8b17, complete genome",,False,Africa,Reunion,Homo sapiens,"[{'tax_id': 131567, 'name': 'cellular organisms'}, {'tax_id': 2759, 'name': 'Eukaryota'}, {'tax_id': 33154, 'name': 'Opisthokonta'}, {'tax_id': 33208, 'name': 'Metazoa'}, {'tax_id': 6072, 'name': 'Eumetazoa'}, {'tax_id': 33213, 'name': 'Bilateria'}, {'tax_id': 33511, 'name': 'Deuterostomia'}, {'tax_id': 7711, 'name': 'Chordata'}, {'tax_id': 89593, 'name': 'Craniata'}, {'tax_id': 7742, 'name': 'Vertebrata'}, {'tax_id': 7776, 'name': 'Gnathostomata'}, {'tax_id': 117570, 'name': 'Teleostomi'}, {'tax_id': 117571, 'name': 'Euteleostomi'}, {'tax_id': 8287, 'name': 'Sarcopterygii'}, {'tax_id': 1338369, 'name': 'Dipnotetrapodomorpha'}, {'tax_id': 32523, 'name': 'Tetrapoda'}, {'tax_id': 32524, 'name': 'Amniota'}, {'tax_id': 40674, 'name': 'Mammalia'}, {'tax_id': 32525, 'name': 'Theria'}, {'tax_id': 9347, 'name': 'Eutheria'}, {'tax_id': 1437010, 'name': 'Boreoeutheria'}, {'tax_id': 314146, 'name': 'Euarchontoglires'}, {'tax_id': 9443, 'name': 'Primates'}, {'tax_id': 376913, 'name': 'Haplorrhini'}, {'tax_id': 314293, 'name': 'Simiiformes'}, {'tax_id': 9526, 'name': 'Catarrhini'}, {'tax_id': 314295, 'name': 'Hominoidea'}, {'tax_id': 9604, 'name': 'Hominidae'}, {'tax_id': 207598, 'name': 'Homininae'}, {'tax_id': 9605, 'name': 'Homo'}, {'tax_id': 9606, 'name': 'Homo sapiens'}]",False,,,,True,[],[],,2,,,,,,,,,,,,,,
PV685601.1,,GenBank,,,,2025-06-10,,[],11237,complete,"Chikungunya virus strain S8b15, complete genome",,False,Africa,Reunion,Homo sapiens,"[{'tax_id': 131567, 'name': 'cellular organisms'}, {'tax_id': 2759, 'name': 'Eukaryota'}, {'tax_id': 33154, 'name': 'Opisthokonta'}, {'tax_id': 33208, 'name': 'Metazoa'}, {'tax_id': 6072, 'name': 'Eumetazoa'}, {'tax_id': 33213, 'name': 'Bilateria'}, {'tax_id': 33511, 'name': 'Deuterostomia'}, {'tax_id': 7711, 'name': 'Chordata'}, {'tax_id': 89593, 'name': 'Craniata'}, {'tax_id': 7742, 'name': 'Vertebrata'}, {'tax_id': 7776, 'name': 'Gnathostomata'}, {'tax_id': 117570, 'name': 'Teleostomi'}, {'tax_id': 117571, 'name': 'Euteleostomi'}, {'tax_id': 8287, 'name': 'Sarcopterygii'}, {'tax_id': 1338369, 'name': 'Dipnotetrapodomorpha'}, {'tax_id': 32523, 'name': 'Tetrapoda'}, {'tax_id': 32524, 'name': 'Amniota'}, {'tax_id': 40674, 'name': 'Mammalia'}, {'tax_id': 32525, 'name': 'Theria'}, {'tax_id': 9347, 'name': 'Eutheria'}, {'tax_id': 1437010, 'name': 'Boreoeutheria'}, {'tax_id': 314146, 'name': 'Euarchontoglires'}, {'tax_id': 9443, 'name': 'Primates'}, {'tax_id': 376913, 'name': 'Haplorrhini'}, {'tax_id': 314293, 'name': 'Simiiformes'}, {'tax_id': 9526, 'name': 'Catarrhini'}, {'tax_id': 314295, 'name': 'Hominoidea'}, {'tax_id': 9604, 'name': 'Hominidae'}, {'tax_id': 207598, 'name': 'Homininae'}, {'tax_id': 9605, 'name': 'Homo'}, {'tax_id': 9606, 'name': 'Homo sapiens'}]",False,,,,True,[],[],,2,,,,,,,,,,,,,,
PV685600.1,,GenBank,,,,2025-06-10,,[],11237,complete,"Chikungunya virus strain S8b14, complete genome",,False,Africa,Reunion,Homo sapiens,"[{'tax_id': 131567, 'name': 'cellular organisms'}, {'tax_id': 2759, 'name': 'Eukaryota'}, {'tax_id': 33154, 'name': 'Opisthokonta'}, {'tax_id': 33208, 'name': 'Metazoa'}, {'tax_id': 6072, 'name': 'Eumetazoa'}, {'tax_id': 33213, 'name': 'Bilateria'}, {'tax_id': 33511, 'name': 'Deuterostomia'}, {'tax_id': 7711, 'name': 'Chordata'}, {'tax_id': 89593, 'name': 'Craniata'}, {'tax_id': 7742, 'name': 'Vertebrata'}, {'tax_id': 7776, 'name': 'Gnathostomata'}, {'tax_id': 117570, 'name': 'Teleostomi'}, {'tax_id': 117571, 'name': 'Euteleostomi'}, {'tax_id': 8287, 'name': 'Sarcopterygii'}, {'tax_id': 1338369, 'name': 'Dipnotetrapodomorpha'}, {'tax_id': 32523, 'name': 'Tetrapoda'}, {'tax_id': 32524, 'name': 'Amniota'}, {'tax_id': 40674, 'name': 'Mammalia'}, {'tax_id': 32525, 'name': 'Theria'}, {'tax_id': 9347, 'name': 'Eutheria'}, {'tax_id': 1437010, 'name': 'Boreoeutheria'}, {'tax_id': 314146, 'name': 'Euarchontoglires'}, {'tax_id': 9443, 'name': 'Primates'}, {'tax_id': 376913, 'name': 'Haplorrhini'}, {'tax_id': 314293, 'name': 'Simiiformes'}, {'tax_id': 9526, 'name': 'Catarrhini'}, {'tax_id': 314295, 'name': 'Hominoidea'}, {'tax_id': 9604, 'name': 'Hominidae'}, {'tax_id': 207598, 'name': 'Homininae'}, {'tax_id': 9605, 'name': 'Homo'}, {'tax_id': 9606, 'name': 'Homo sapiens'}]",False,,,,True,[],[],,2,,,,,,,,,,,,,,
PV685599.1,,GenBank,,,,2025-06-10,,[],11237,complete,"Chikungunya virus strain S8b13, complete genome",,False,Africa,Reunion,Homo sapiens,"[{'tax_id': 131567, 'name': 'cellular organisms'}, {'tax_id': 2759, 'name': 'Eukaryota'}, {'tax_id': 33154, 'name': 'Opisthokonta'}, {'tax_id': 33208, 'name': 'Metazoa'}, {'tax_id': 6072, 'name': 'Eumetazoa'}, {'tax_id': 33213, 'name': 'Bilateria'}, {'tax_id': 33511, 'name': 'Deuterostomia'}, {'tax_id': 7711, 'name': 'Chordata'}, {'tax_id': 89593, 'name': 'Craniata'}, {'tax_id': 7742, 'name': 'Vertebrata'}, {'tax_id': 7776, 'name': 'Gnathostomata'}, {'tax_id': 117570, 'name': 'Teleostomi'}, {'tax_id': 117571, 'name': 'Euteleostomi'}, {'tax_id': 8287, 'name': 'Sarcopterygii'}, {'tax_id': 1338369, 'name': 'Dipnotetrapodomorpha'}, {'tax_id': 32523, 'name': 'Tetrapoda'}, {'tax_id': 32524, 'name': 'Amniota'}, {'tax_id': 40674, 'name': 'Mammalia'}, {'tax_id': 32525, 'name': 'Theria'}, {'tax_id': 9347, 'name': 'Eutheria'}, {'tax_id': 1437010, 'name': 'Boreoeutheria'}, {'tax_id': 314146, 'name': 'Euarchontoglires'}, {'tax_id': 9443, 'name': 'Primates'}, {'tax_id': 376913, 'name': 'Haplorrhini'}, {'tax_id': 314293, 'name': 'Simiiformes'}, {'tax_id': 9526, 'name': 'Catarrhini'}, {'tax_id': 314295, 'name': 'Hominoidea'}, {'tax_id': 9604, 'name': 'Hominidae'}, {'tax_id': 207598, 'name': 'Homininae'}, {'tax_id': 9605, 'name': 'Homo'}, {'tax_id': 9606, 'name': 'Homo sapiens'}]",False,,,,True,[],[],,2,,,,,,,,,,,,,,
PV685598.1,,GenBank,,,,2025-06-10,,[],11237,complete,"Chikungunya virus strain S8b10, complete genome",,False,Africa,Reunion,Homo sapiens,"[{'tax_id': 131567, 'name': 'cellular organisms'}, {'tax_id': 2759, 'name': 'Eukaryota'}, {'tax_id': 33154, 'name': 'Opisthokonta'}, {'tax_id': 33208, 'name': 'Metazoa'}, {'tax_id': 6072, 'name': 'Eumetazoa'}, {'tax_id': 33213, 'name': 'Bilateria'}, {'tax_id': 33511, 'name': 'Deuterostomia'}, {'tax_id': 7711, 'name': 'Chordata'}, {'tax_id': 89593, 'name': 'Craniata'}, {'tax_id': 7742, 'name': 'Vertebrata'}, {'tax_id': 7776, 'name': 'Gnathostomata'}, {'tax_id': 117570, 'name': 'Teleostomi'}, {'tax_id': 117571, 'name': 'Euteleostomi'}, {'tax_id': 8287, 'name': 'Sarcopterygii'}, {'tax_id': 1338369, 'name': 'Dipnotetrapodomorpha'}, {'tax_id': 32523, 'name': 'Tetrapoda'}, {'tax_id': 32524, 'name': 'Amniota'}, {'tax_id': 40674, 'name': 'Mammalia'}, {'tax_id': 32525, 'name': 'Theria'}, {'tax_id': 9347, 'name': 'Eutheria'}, {'tax_id': 1437010, 'name': 'Boreoeutheria'}, {'tax_id': 314146, 'name': 'Euarchontoglires'}, {'tax_id': 9443, 'name': 'Primates'}, {'tax_id': 376913, 'name': 'Haplorrhini'}, {'tax_id': 314293, 'name': 'Simiiformes'}, {'tax_id': 9526, 'name': 'Catarrhini'}, {'tax_id': 314295, 'name': 'Hominoidea'}, {'tax_id': 9604, 'name': 'Hominidae'}, {'tax_id': 207598, 'name': 'Homininae'}, {'tax_id': 9605, 'name': 'Homo'}, {'tax_id': 9606, 'name': 'Homo sapiens'}]",False,,,,True,[],[],,2,,,,,,,,,,,,,,
PV685597.1,,GenBank,,,,2025-06-10,,[],11237,complete,"Chikungunya virus strain S8b06, complete genome",,False,Africa,Reunion,Homo sapiens,"[{'tax_id': 131567, 'name': 'cellular organisms'}, {'tax_id': 2759, 'name': 'Eukaryota'}, {'tax_id': 33154, 'name': 'Opisthokonta'}, {'tax_id': 33208, 'name': 'Metazoa'}, {'tax_id': 6072, 'name': 'Eumetazoa'}, {'tax_id': 33213, 'name': 'Bilateria'}, {'tax_id': 33511, 'name': 'Deuterostomia'}, {'tax_id': 7711, 'name': 'Chordata'}, {'tax_id': 89593, 'name': 'Craniata'}, {'tax_id': 7742, 'name': 'Vertebrata'}, {'tax_id': 7776, 'name': 'Gnathostomata'}, {'tax_id': 117570, 'name': 'Teleostomi'}, {'tax_id': 117571, 'name': 'Euteleostomi'}, {'tax_id': 8287, 'name': 'Sarcopterygii'}, {'tax_id': 1338369, 'name': 'Dipnotetrapodomorpha'}, {'tax_id': 32523, 'name': 'Tetrapoda'}, {'tax_id': 32524, 'name': 'Amniota'}, {'tax_id': 40674, 'name': 'Mammalia'}, {'tax_id': 32525, 'name': 'Theria'}, {'tax_id': 9347, 'name': 'Eutheria'}, {'tax_id': 1437010, 'name': 'Boreoeutheria'}, {'tax_id': 314146, 'name': 'Euarchontoglires'}, {'tax_id': 9443, 'name': 'Primates'}, {'tax_id': 376913, 'name': 'Haplorrhini'}, {'tax_id': 314293, 'name': 'Simiiformes'}, {'tax_id': 9526, 'name': 'Catarrhini'}, {'tax_id': 314295, 'name': 'Hominoidea'}, {'tax_id': 9604, 'name': 'Hominidae'}, {'tax_id': 207598, 'name': 'Homininae'}, {'tax_id': 9605, 'name': 'Homo'}, {'tax_id': 9606, 'name': 'Homo sapiens'}]",False,,,,True,[],[],,2,,,,,,,,,,,,,,
PV685596.1,,GenBank,,,,2025-06-10,,[],11237,complete,"Chikungunya virus strain S8b03, complete genome",,False,Africa,Reunion,Homo sapiens,"[{'tax_id': 131567, 'name': 'cellular organisms'}, {'tax_id': 2759, 'name': 'Eukaryota'}, {'tax_id': 33154, 'name': 'Opisthokonta'}, {'tax_id': 33208, 'name': 'Metazoa'}, {'tax_id': 6072, 'name': 'Eumetazoa'}, {'tax_id': 33213, 'name': 'Bilateria'}, {'tax_id': 33511, 'name': 'Deuterostomia'}, {'tax_id': 7711, 'name': 'Chordata'}, {'tax_id': 89593, 'name': 'Craniata'}, {'tax_id': 7742, 'name': 'Vertebrata'}, {'tax_id': 7776, 'name': 'Gnathostomata'}, {'tax_id': 117570, 'name': 'Teleostomi'}, {'tax_id': 117571, 'name': 'Euteleostomi'}, {'tax_id': 8287, 'name': 'Sarcopterygii'}, {'tax_id': 1338369, 'name': 'Dipnotetrapodomorpha'}, {'tax_id': 32523, 'name': 'Tetrapoda'}, {'tax_id': 32524, 'name': 'Amniota'}, {'tax_id': 40674, 'name': 'Mammalia'}, {'tax_id': 32525, 'name': 'Theria'}, {'tax_id': 9347, 'name': 'Eutheria'}, {'tax_id': 1437010, 'name': 'Boreoeutheria'}, {'tax_id': 314146, 'name': 'Euarchontoglires'}, {'tax_id': 9443, 'name': 'Primates'}, {'tax_id': 376913, 'name': 'Haplorrhini'}, {'tax_id': 314293, 'name': 'Simiiformes'}, {'tax_id': 9526, 'name': 'Catarrhini'}, {'tax_id': 314295, 'name': 'Hominoidea'}, {'tax_id': 9604, 'name': 'Hominidae'}, {'tax_id': 207598, 'name': 'Homininae'}, {'tax_id': 9605, 'name': 'Homo'}, {'tax_id': 9606, 'name': 'Homo sapiens'}]",False,,,,True,[],[],,2,,,,,,,,,,,,,,
PV685595.1,,GenBank,,,,2025-06-10,,[],11237,complete,"Chikungunya virus strain S8b01, complete genome",,False,Africa,Reunion,Homo sapiens,"[{'tax_id': 131567, 'name': 'cellular organisms'}, {'tax_id': 2759, 'name': 'Eukaryota'}, {'tax_id': 33154, 'name': 'Opisthokonta'}, {'tax_id': 33208, 'name': 'Metazoa'}, {'tax_id': 6072, 'name': 'Eumetazoa'}, {'tax_id': 33213, 'name': 'Bilateria'}, {'tax_id': 33511, 'name': 'Deuterostomia'}, {'tax_id': 7711, 'name': 'Chordata'}, {'tax_id': 89593, 'name': 'Craniata'}, {'tax_id': 7742, 'name': 'Vertebrata'}, {'tax_id': 7776, 'name': 'Gnathostomata'}, {'tax_id': 117570, 'name': 'Teleostomi'}, {'tax_id': 117571, 'name': 'Euteleostomi'}, {'tax_id': 8287, 'name': 'Sarcopterygii'}, {'tax_id': 1338369, 'name': 'Dipnotetrapodomorpha'}, {'tax_id': 32523, 'name': 'Tetrapoda'}, {'tax_id': 32524, 'name': 'Amniota'}, {'tax_id': 40674, 'name': 'Mammalia'}, {'tax_id': 32525, 'name': 'Theria'}, {'tax_id': 9347, 'name': 'Eutheria'}, {'tax_id': 1437010, 'name': 'Boreoeutheria'}, {'tax_id': 314146, 'name': 'Euarchontoglires'}, {'tax_id': 9443, 'name': 'Primates'}, {'tax_id': 376913, 'name': 'Haplorrhini'}, {'tax_id': 314293, 'name': 'Simiiformes'}, {'tax_id': 9526, 'name': 'Catarrhini'}, {'tax_id': 314295, 'name': 'Hominoidea'}, {'tax_id': 9604, 'name': 'Hominidae'}, {'tax_id': 207598, 'name': 'Homininae'}, {'tax_id': 9605, 'name': 'Homo'}, {'tax_id': 9606, 'name': 'Homo sapiens'}]",False,,,,True,[],[],,2,,,,,,,,,,,,,,
PV685594.1,,GenBank,,,,2025-06-10,,[],11237,complete,"Chikungunya virus strain S5b09, complete genome",,False,Africa,Reunion,Homo sapiens,"[{'tax_id': 131567, 'name': 'cellular organisms'}, {'tax_id': 2759, 'name': 'Eukaryota'}, {'tax_id': 33154, 'name': 'Opisthokonta'}, {'tax_id': 33208, 'name': 'Metazoa'}, {'tax_id': 6072, 'name': 'Eumetazoa'}, {'tax_id': 33213, 'name': 'Bilateria'}, {'tax_id': 33511, 'name': 'Deuterostomia'}, {'tax_id': 7711, 'name': 'Chordata'}, {'tax_id': 89593, 'name': 'Craniata'}, {'tax_id': 7742, 'name': 'Vertebrata'}, {'tax_id': 7776, 'name': 'Gnathostomata'}, {'tax_id': 117570, 'name': 'Teleostomi'}, {'tax_id': 117571, 'name': 'Euteleostomi'}, {'tax_id': 8287, 'name': 'Sarcopterygii'}, {'tax_id': 1338369, 'name': 'Dipnotetrapodomorpha'}, {'tax_id': 32523, 'name': 'Tetrapoda'}, {'tax_id': 32524, 'name': 'Amniota'}, {'tax_id': 40674, 'name': 'Mammalia'}, {'tax_id': 32525, 'name': 'Theria'}, {'tax_id': 9347, 'name': 'Eutheria'}, {'tax_id': 1437010, 'name': 'Boreoeutheria'}, {'tax_id': 314146, 'name': 'Euarchontoglires'}, {'tax_id': 9443, 'name': 'Primates'}, {'tax_id': 376913, 'name': 'Haplorrhini'}, {'tax_id': 314293, 'name': 'Simiiformes'}, {'tax_id': 9526, 'name': 'Catarrhini'}, {'tax_id': 314295, 'name': 'Hominoidea'}, {'tax_id': 9604, 'name': 'Hominidae'}, {'tax_id': 207598, 'name': 'Homininae'}, {'tax_id': 9605, 'name': 'Homo'}, {'tax_id': 9606, 'name': 'Homo sapiens'}]",False,,,,True,[],[],,2,,,,,,,,,,,,,,
PV685593.1,,GenBank,,,,2025-06-10,,[],11237,complete,"Chikungunya virus strain S14b04, complete genome",,False,Africa,Reunion,Homo sapiens,"[{'tax_id': 131567, 'name': 'cellular organisms'}, {'tax_id': 2759, 'name': 'Eukaryota'}, {'tax_id': 33154, 'name': 'Opisthokonta'}, {'tax_id': 33208, 'name': 'Metazoa'}, {'tax_id': 6072, 'name': 'Eumetazoa'}, {'tax_id': 33213, 'name': 'Bilateria'}, {'tax_id': 33511, 'name': 'Deuterostomia'}, {'tax_id': 7711, 'name': 'Chordata'}, {'tax_id': 89593, 'name': 'Craniata'}, {'tax_id': 7742, 'name': 'Vertebrata'}, {'tax_id': 7776, 'name': 'Gnathostomata'}, {'tax_id': 117570, 'name': 'Teleostomi'}, {'tax_id': 117571, 'name': 'Euteleostomi'}, {'tax_id': 8287, 'name': 'Sarcopterygii'}, {'tax_id': 1338369, 'name': 'Dipnotetrapodomorpha'}, {'tax_id': 32523, 'name': 'Tetrapoda'}, {'tax_id': 32524, 'name': 'Amniota'}, {'tax_id': 40674, 'name': 'Mammalia'}, {'tax_id': 32525, 'name': 'Theria'}, {'tax_id': 9347, 'name': 'Eutheria'}, {'tax_id': 1437010, 'name': 'Boreoeutheria'}, {'tax_id': 314146, 'name': 'Euarchontoglires'}, {'tax_id': 9443, 'name': 'Primates'}, {'tax_id': 376913, 'name': 'Haplorrhini'}, {'tax_id': 314293, 'name': 'Simiiformes'}, {'tax_id': 9526, 'name': 'Catarrhini'}, {'tax_id': 314295, 'name': 'Hominoidea'}, {'tax_id': 9604, 'name': 'Hominidae'}, {'tax_id': 207598, 'name': 'Homininae'}, {'tax_id': 9605, 'name': 'Homo'}, {'tax_id': 9606, 'name': 'Homo sapiens'}]",False,,,,True,[],[],,2,,,,,,,,,,,,,,
PV685592.1,,GenBank,,,,2025-06-10,,[],11237,complete,"Chikungunya virus strain S20b04, complete genome",,False,Africa,Reunion,Homo sapiens,"[{'tax_id': 131567, 'name': 'cellular organisms'}, {'tax_id': 2759, 'name': 'Eukaryota'}, {'tax_id': 33154, 'name': 'Opisthokonta'}, {'tax_id': 33208, 'name': 'Metazoa'}, {'tax_id': 6072, 'name': 'Eumetazoa'}, {'tax_id': 33213, 'name': 'Bilateria'}, {'tax_id': 33511, 'name': 'Deuterostomia'}, {'tax_id': 7711, 'name': 'Chordata'}, {'tax_id': 89593, 'name': 'Craniata'}, {'tax_id': 7742, 'name': 'Vertebrata'}, {'tax_id': 7776, 'name': 'Gnathostomata'}, {'tax_id': 117570, 'name': 'Teleostomi'}, {'tax_id': 117571, 'name': 'Euteleostomi'}, {'tax_id': 8287, 'name': 'Sarcopterygii'}, {'tax_id': 1338369, 'name': 'Dipnotetrapodomorpha'}, {'tax_id': 32523, 'name': 'Tetrapoda'}, {'tax_id': 32524, 'name': 'Amniota'}, {'tax_id': 40674, 'name': 'Mammalia'}, {'tax_id': 32525, 'name': 'Theria'}, {'tax_id': 9347, 'name': 'Eutheria'}, {'tax_id': 1437010, 'name': 'Boreoeutheria'}, {'tax_id': 314146, 'name': 'Euarchontoglires'}, {'tax_id': 9443, 'name': 'Primates'}, {'tax_id': 376913, 'name': 'Haplorrhini'}, {'tax_id': 314293, 'name': 'Simiiformes'}, {'tax_id': 9526, 'name': 'Catarrhini'}, {'tax_id': 314295, 'name': 'Hominoidea'}, {'tax_id': 9604, 'name': 'Hominidae'}, {'tax_id': 207598, 'name': 'Homininae'}, {'tax_id': 9605, 'name': 'Homo'}, {'tax_id': 9606, 'name': 'Homo sapiens'}]",False,,,,True,[],[],,2,,,,,,,,,,,,,,
PV685591.1,,GenBank,,,,2025-06-10,,[],11237,complete,"Chikungunya virus strain S21b86, complete genome",,False,Africa,Reunion,Homo sapiens,"[{'tax_id': 131567, 'name': 'cellular organisms'}, {'tax_id': 2759, 'name': 'Eukaryota'}, {'tax_id': 33154, 'name': 'Opisthokonta'}, {'tax_id': 33208, 'name': 'Metazoa'}, {'tax_id': 6072, 'name': 'Eumetazoa'}, {'tax_id': 33213, 'name': 'Bilateria'}, {'tax_id': 33511, 'name': 'Deuterostomia'}, {'tax_id': 7711, 'name': 'Chordata'}, {'tax_id': 89593, 'name': 'Craniata'}, {'tax_id': 7742, 'name': 'Vertebrata'}, {'tax_id': 7776, 'name': 'Gnathostomata'}, {'tax_id': 117570, 'name': 'Teleostomi'}, {'tax_id': 117571, 'name': 'Euteleostomi'}, {'tax_id': 8287, 'name': 'Sarcopterygii'}, {'tax_id': 1338369, 'name': 'Dipnotetrapodomorpha'}, {'tax_id': 32523, 'name': 'Tetrapoda'}, {'tax_id': 32524, 'name': 'Amniota'}, {'tax_id': 40674, 'name': 'Mammalia'}, {'tax_id': 32525, 'name': 'Theria'}, {'tax_id': 9347, 'name': 'Eutheria'}, {'tax_id': 1437010, 'name': 'Boreoeutheria'}, {'tax_id': 314146, 'name': 'Euarchontoglires'}, {'tax_id': 9443, 'name': 'Primates'}, {'tax_id': 376913, 'name': 'Haplorrhini'}, {'tax_id': 314293, 'name': 'Simiiformes'}, {'tax_id': 9526, 'name': 'Catarrhini'}, {'tax_id': 314295, 'name': 'Hominoidea'}, {'tax_id': 9604, 'name': 'Hominidae'}, {'tax_id': 207598, 'name': 'Homininae'}, {'tax_id': 9605, 'name': 'Homo'}, {'tax_id': 9606, 'name': 'Homo sapiens'}]",False,,,,True,[],[],,2,,,,,,,,,,,,,,
PV685590.1,,GenBank,,,,2025-06-10,,[],11237,complete,"Chikungunya virus strain S25b45, complete genome",,False,Africa,Reunion,Homo sapiens,"[{'tax_id': 131567, 'name': 'cellular organisms'}, {'tax_id': 2759, 'name': 'Eukaryota'}, {'tax_id': 33154, 'name': 'Opisthokonta'}, {'tax_id': 33208, 'name': 'Metazoa'}, {'tax_id': 6072, 'name': 'Eumetazoa'}, {'tax_id': 33213, 'name': 'Bilateria'}, {'tax_id': 33511, 'name': 'Deuterostomia'}, {'tax_id': 7711, 'name': 'Chordata'}, {'tax_id': 89593, 'name': 'Craniata'}, {'tax_id': 7742, 'name': 'Vertebrata'}, {'tax_id': 7776, 'name': 'Gnathostomata'}, {'tax_id': 117570, 'name': 'Teleostomi'}, {'tax_id': 117571, 'name': 'Euteleostomi'}, {'tax_id': 8287, 'name': 'Sarcopterygii'}, {'tax_id': 1338369, 'name': 'Dipnotetrapodomorpha'}, {'tax_id': 32523, 'name': 'Tetrapoda'}, {'tax_id': 32524, 'name': 'Amniota'}, {'tax_id': 40674, 'name': 'Mammalia'}, {'tax_id': 32525, 'name': 'Theria'}, {'tax_id': 9347, 'name': 'Eutheria'}, {'tax_id': 1437010, 'name': 'Boreoeutheria'}, {'tax_id': 314146, 'name': 'Euarchontoglires'}, {'tax_id': 9443, 'name': 'Primates'}, {'tax_id': 376913, 'name': 'Haplorrhini'}, {'tax_id': 314293, 'name': 'Simiiformes'}, {'tax_id': 9526, 'name': 'Catarrhini'}, {'tax_id': 314295, 'name': 'Hominoidea'}, {'tax_id': 9604, 'name': 'Hominidae'}, {'tax_id': 207598, 'name': 'Homininae'}, {'tax_id': 9605, 'name': 'Homo'}, {'tax_id': 9606, 'name': 'Homo sapiens'}]",False,,,,True,[],[],,2,,,,,,,,,,,,,,
PV685589.1,,GenBank,,,,2025-06-10,,[],11237,complete,"Chikungunya virus strain S20b67, complete genome",,False,Africa,Reunion,Homo sapiens,"[{'tax_id': 131567, 'name': 'cellular organisms'}, {'tax_id': 2759, 'name': 'Eukaryota'}, {'tax_id': 33154, 'name': 'Opisthokonta'}, {'tax_id': 33208, 'name': 'Metazoa'}, {'tax_id': 6072, 'name': 'Eumetazoa'}, {'tax_id': 33213, 'name': 'Bilateria'}, {'tax_id': 33511, 'name': 'Deuterostomia'}, {'tax_id': 7711, 'name': 'Chordata'}, {'tax_id': 89593, 'name': 'Craniata'}, {'tax_id': 7742, 'name': 'Vertebrata'}, {'tax_id': 7776, 'name': 'Gnathostomata'}, {'tax_id': 117570, 'name': 'Teleostomi'}, {'tax_id': 117571, 'name': 'Euteleostomi'}, {'tax_id': 8287, 'name': 'Sarcopterygii'}, {'tax_id': 1338369, 'name': 'Dipnotetrapodomorpha'}, {'tax_id': 32523, 'name': 'Tetrapoda'}, {'tax_id': 32524, 'name': 'Amniota'}, {'tax_id': 40674, 'name': 'Mammalia'}, {'tax_id': 32525, 'name': 'Theria'}, {'tax_id': 9347, 'name': 'Eutheria'}, {'tax_id': 1437010, 'name': 'Boreoeutheria'}, {'tax_id': 314146, 'name': 'Euarchontoglires'}, {'tax_id': 9443, 'name': 'Primates'}, {'tax_id': 376913, 'name': 'Haplorrhini'}, {'tax_id': 314293, 'name': 'Simiiformes'}, {'tax_id': 9526, 'name': 'Catarrhini'}, {'tax_id': 314295, 'name': 'Hominoidea'}, {'tax_id': 9604, 'name': 'Hominidae'}, {'tax_id': 207598, 'name': 'Homininae'}, {'tax_id': 9605, 'name': 'Homo'}, {'tax_id': 9606, 'name': 'Homo sapiens'}]",False,,,,True,[],[],,2,,,,,,,,,,,,,,
PV685588.1,,GenBank,,,,2025-06-10,,[],11237,complete,"Chikungunya virus strain S15b29, complete genome",,False,Africa,Reunion,Homo sapiens,"[{'tax_id': 131567, 'name': 'cellular organisms'}, {'tax_id': 2759, 'name': 'Eukaryota'}, {'tax_id': 33154, 'name': 'Opisthokonta'}, {'tax_id': 33208, 'name': 'Metazoa'}, {'tax_id': 6072, 'name': 'Eumetazoa'}, {'tax_id': 33213, 'name': 'Bilateria'}, {'tax_id': 33511, 'name': 'Deuterostomia'}, {'tax_id': 7711, 'name': 'Chordata'}, {'tax_id': 89593, 'name': 'Craniata'}, {'tax_id': 7742, 'name': 'Vertebrata'}, {'tax_id': 7776, 'name': 'Gnathostomata'}, {'tax_id': 117570, 'name': 'Teleostomi'}, {'tax_id': 117571, 'name': 'Euteleostomi'}, {'tax_id': 8287, 'name': 'Sarcopterygii'}, {'tax_id': 1338369, 'name': 'Dipnotetrapodomorpha'}, {'tax_id': 32523, 'name': 'Tetrapoda'}, {'tax_id': 32524, 'name': 'Amniota'}, {'tax_id': 40674, 'name': 'Mammalia'}, {'tax_id': 32525, 'name': 'Theria'}, {'tax_id': 9347, 'name': 'Eutheria'}, {'tax_id': 1437010, 'name': 'Boreoeutheria'}, {'tax_id': 314146, 'name': 'Euarchontoglires'}, {'tax_id': 9443, 'name': 'Primates'}, {'tax_id': 376913, 'name': 'Haplorrhini'}, {'tax_id': 314293, 'name': 'Simiiformes'}, {'tax_id': 9526, 'name': 'Catarrhini'}, {'tax_id': 314295, 'name': 'Hominoidea'}, {'tax_id': 9604, 'name': 'Hominidae'}, {'tax_id': 207598, 'name': 'Homininae'}, {'tax_id': 9605, 'name': 'Homo'}, {'tax_id': 9606, 'name': 'Homo sapiens'}]",False,,,,True,[],[],,2,,,,,,,,,,,,,,
PV685587.1,,GenBank,,,,2025-06-10,,[],11237,complete,"Chikungunya virus strain S22b92, complete genome",,False,Africa,Reunion,Homo sapiens,"[{'tax_id': 131567, 'name': 'cellular organisms'}, {'tax_id': 2759, 'name': 'Eukaryota'}, {'tax_id': 33154, 'name': 'Opisthokonta'}, {'tax_id': 33208, 'name': 'Metazoa'}, {'tax_id': 6072, 'name': 'Eumetazoa'}, {'tax_id': 33213, 'name': 'Bilateria'}, {'tax_id': 33511, 'name': 'Deuterostomia'}, {'tax_id': 7711, 'name': 'Chordata'}, {'tax_id': 89593, 'name': 'Craniata'}, {'tax_id': 7742, 'name': 'Vertebrata'}, {'tax_id': 7776, 'name': 'Gnathostomata'}, {'tax_id': 117570, 'name': 'Teleostomi'}, {'tax_id': 117571, 'name': 'Euteleostomi'}, {'tax_id': 8287, 'name': 'Sarcopterygii'}, {'tax_id': 1338369, 'name': 'Dipnotetrapodomorpha'}, {'tax_id': 32523, 'name': 'Tetrapoda'}, {'tax_id': 32524, 'name': 'Amniota'}, {'tax_id': 40674, 'name': 'Mammalia'}, {'tax_id': 32525, 'name': 'Theria'}, {'tax_id': 9347, 'name': 'Eutheria'}, {'tax_id': 1437010, 'name': 'Boreoeutheria'}, {'tax_id': 314146, 'name': 'Euarchontoglires'}, {'tax_id': 9443, 'name': 'Primates'}, {'tax_id': 376913, 'name': 'Haplorrhini'}, {'tax_id': 314293, 'name': 'Simiiformes'}, {'tax_id': 9526, 'name': 'Catarrhini'}, {'tax_id': 314295, 'name': 'Hominoidea'}, {'tax_id': 9604, 'name': 'Hominidae'}, {'tax_id': 207598, 'name': 'Homininae'}, {'tax_id': 9605, 'name': 'Homo'}, {'tax_id': 9606, 'name': 'Homo sapiens'}]",False,,,,True,[],[],,2,,,,,,,,,,,,,,
PV685586.1,,GenBank,,,,2025-06-10,,[],11237,complete,"Chikungunya virus strain S15b91, complete genome",,False,Africa,Reunion,Homo sapiens,"[{'tax_id': 131567, 'name': 'cellular organisms'}, {'tax_id': 2759, 'name': 'Eukaryota'}, {'tax_id': 33154, 'name': 'Opisthokonta'}, {'tax_id': 33208, 'name': 'Metazoa'}, {'tax_id': 6072, 'name': 'Eumetazoa'}, {'tax_id': 33213, 'name': 'Bilateria'}, {'tax_id': 33511, 'name': 'Deuterostomia'}, {'tax_id': 7711, 'name': 'Chordata'}, {'tax_id': 89593, 'name': 'Craniata'}, {'tax_id': 7742, 'name': 'Vertebrata'}, {'tax_id': 7776, 'name': 'Gnathostomata'}, {'tax_id': 117570, 'name': 'Teleostomi'}, {'tax_id': 117571, 'name': 'Euteleostomi'}, {'tax_id': 8287, 'name': 'Sarcopterygii'}, {'tax_id': 1338369, 'name': 'Dipnotetrapodomorpha'}, {'tax_id': 32523, 'name': 'Tetrapoda'}, {'tax_id': 32524, 'name': 'Amniota'}, {'tax_id': 40674, 'name': 'Mammalia'}, {'tax_id': 32525, 'name': 'Theria'}, {'tax_id': 9347, 'name': 'Eutheria'}, {'tax_id': 1437010, 'name': 'Boreoeutheria'}, {'tax_id': 314146, 'name': 'Euarchontoglires'}, {'tax_id': 9443, 'name': 'Primates'}, {'tax_id': 376913, 'name': 'Haplorrhini'}, {'tax_id': 314293, 'name': 'Simiiformes'}, {'tax_id': 9526, 'name': 'Catarrhini'}, {'tax_id': 314295, 'name': 'Hominoidea'}, {'tax_id': 9604, 'name': 'Hominidae'}, {'tax_id': 207598, 'name': 'Homininae'}, {'tax_id': 9605, 'name': 'Homo'}, {'tax_id': 9606, 'name': 'Homo sapiens'}]",False,,,,True,[],[],,2,,,,,,,,,,,,,,
PV685585.1,,GenBank,,,,2025-06-10,,[],11237,complete,"Chikungunya virus strain S16b90, complete genome",,False,Africa,Reunion,Homo sapiens,"[{'tax_id': 131567, 'name': 'cellular organisms'}, {'tax_id': 2759, 'name': 'Eukaryota'}, {'tax_id': 33154, 'name': 'Opisthokonta'}, {'tax_id': 33208, 'name': 'Metazoa'}, {'tax_id': 6072, 'name': 'Eumetazoa'}, {'tax_id': 33213, 'name': 'Bilateria'}, {'tax_id': 33511, 'name': 'Deuterostomia'}, {'tax_id': 7711, 'name': 'Chordata'}, {'tax_id': 89593, 'name': 'Craniata'}, {'tax_id': 7742, 'name': 'Vertebrata'}, {'tax_id': 7776, 'name': 'Gnathostomata'}, {'tax_id': 117570, 'name': 'Teleostomi'}, {'tax_id': 117571, 'name': 'Euteleostomi'}, {'tax_id': 8287, 'name': 'Sarcopterygii'}, {'tax_id': 1338369, 'name': 'Dipnotetrapodomorpha'}, {'tax_id': 32523, 'name': 'Tetrapoda'}, {'tax_id': 32524, 'name': 'Amniota'}, {'tax_id': 40674, 'name': 'Mammalia'}, {'tax_id': 32525, 'name': 'Theria'}, {'tax_id': 9347, 'name': 'Eutheria'}, {'tax_id': 1437010, 'name': 'Boreoeutheria'}, {'tax_id': 314146, 'name': 'Euarchontoglires'}, {'tax_id': 9443, 'name': 'Primates'}, {'tax_id': 376913, 'name': 'Haplorrhini'}, {'tax_id': 314293, 'name': 'Simiiformes'}, {'tax_id': 9526, 'name': 'Catarrhini'}, {'tax_id': 314295, 'name': 'Hominoidea'}, {'tax_id': 9604, 'name': 'Hominidae'}, {'tax_id': 207598, 'name': 'Homininae'}, {'tax_id': 9605, 'name': 'Homo'}, {'tax_id': 9606, 'name': 'Homo sapiens'}]",False,,,,True,[],[],,2,,,,,,,,,,,,,,
PV685584.1,,GenBank,,,,2025-06-10,,[],11237,complete,"Chikungunya virus strain S19b39, complete genome",,False,Africa,Reunion,Homo sapiens,"[{'tax_id': 131567, 'name': 'cellular organisms'}, {'tax_id': 2759, 'name': 'Eukaryota'}, {'tax_id': 33154, 'name': 'Opisthokonta'}, {'tax_id': 33208, 'name': 'Metazoa'}, {'tax_id': 6072, 'name': 'Eumetazoa'}, {'tax_id': 33213, 'name': 'Bilateria'}, {'tax_id': 33511, 'name': 'Deuterostomia'}, {'tax_id': 7711, 'name': 'Chordata'}, {'tax_id': 89593, 'name': 'Craniata'}, {'tax_id': 7742, 'name': 'Vertebrata'}, {'tax_id': 7776, 'name': 'Gnathostomata'}, {'tax_id': 117570, 'name': 'Teleostomi'}, {'tax_id': 117571, 'name': 'Euteleostomi'}, {'tax_id': 8287, 'name': 'Sarcopterygii'}, {'tax_id': 1338369, 'name': 'Dipnotetrapodomorpha'}, {'tax_id': 32523, 'name': 'Tetrapoda'}, {'tax_id': 32524, 'name': 'Amniota'}, {'tax_id': 40674, 'name': 'Mammalia'}, {'tax_id': 32525, 'name': 'Theria'}, {'tax_id': 9347, 'name': 'Eutheria'}, {'tax_id': 1437010, 'name': 'Boreoeutheria'}, {'tax_id': 314146, 'name': 'Euarchontoglires'}, {'tax_id': 9443, 'name': 'Primates'}, {'tax_id': 376913, 'name': 'Haplorrhini'}, {'tax_id': 314293, 'name': 'Simiiformes'}, {'tax_id': 9526, 'name': 'Catarrhini'}, {'tax_id': 314295, 'name': 'Hominoidea'}, {'tax_id': 9604, 'name': 'Hominidae'}, {'tax_id': 207598, 'name': 'Homininae'}, {'tax_id': 9605, 'name': 'Homo'}, {'tax_id': 9606, 'name': 'Homo sapiens'}]",False,,,,True,[],[],,2,,,,,,,,,,,,,,
PV685583.1,,GenBank,,,,2025-06-10,,[],11237,complete,"Chikungunya virus strain S13b84, complete genome",,False,Africa,Reunion,Homo sapiens,"[{'tax_id': 131567, 'name': 'cellular organisms'}, {'tax_id': 2759, 'name': 'Eukaryota'}, {'tax_id': 33154, 'name': 'Opisthokonta'}, {'tax_id': 33208, 'name': 'Metazoa'}, {'tax_id': 6072, 'name': 'Eumetazoa'}, {'tax_id': 33213, 'name': 'Bilateria'}, {'tax_id': 33511, 'name': 'Deuterostomia'}, {'tax_id': 7711, 'name': 'Chordata'}, {'tax_id': 89593, 'name': 'Craniata'}, {'tax_id': 7742, 'name': 'Vertebrata'}, {'tax_id': 7776, 'name': 'Gnathostomata'}, {'tax_id': 117570, 'name': 'Teleostomi'}, {'tax_id': 117571, 'name': 'Euteleostomi'}, {'tax_id': 8287, 'name': 'Sarcopterygii'}, {'tax_id': 1338369, 'name': 'Dipnotetrapodomorpha'}, {'tax_id': 32523, 'name': 'Tetrapoda'}, {'tax_id': 32524, 'name': 'Amniota'}, {'tax_id': 40674, 'name': 'Mammalia'}, {'tax_id': 32525, 'name': 'Theria'}, {'tax_id': 9347, 'name': 'Eutheria'}, {'tax_id': 1437010, 'name': 'Boreoeutheria'}, {'tax_id': 314146, 'name': 'Euarchontoglires'}, {'tax_id': 9443, 'name': 'Primates'}, {'tax_id': 376913, 'name': 'Haplorrhini'}, {'tax_id': 314293, 'name': 'Simiiformes'}, {'tax_id': 9526, 'name': 'Catarrhini'}, {'tax_id': 314295, 'name': 'Hominoidea'}, {'tax_id': 9604, 'name': 'Hominidae'}, {'tax_id': 207598, 'name': 'Homininae'}, {'tax_id': 9605, 'name': 'Homo'}, {'tax_id': 9606, 'name': 'Homo sapiens'}]",False,,,,True,[],[],,2,,,,,,,,,,,,,,
PV685582.1,,GenBank,,,,2025-06-10,,[],11237,complete,"Chikungunya virus strain S9b64, complete genome",,False,Africa,Reunion,Homo sapiens,"[{'tax_id': 131567, 'name': 'cellular organisms'}, {'tax_id': 2759, 'name': 'Eukaryota'}, {'tax_id': 33154, 'name': 'Opisthokonta'}, {'tax_id': 33208, 'name': 'Metazoa'}, {'tax_id': 6072, 'name': 'Eumetazoa'}, {'tax_id': 33213, 'name': 'Bilateria'}, {'tax_id': 33511, 'name': 'Deuterostomia'}, {'tax_id': 7711, 'name': 'Chordata'}, {'tax_id': 89593, 'name': 'Craniata'}, {'tax_id': 7742, 'name': 'Vertebrata'}, {'tax_id': 7776, 'name': 'Gnathostomata'}, {'tax_id': 117570, 'name': 'Teleostomi'}, {'tax_id': 117571, 'name': 'Euteleostomi'}, {'tax_id': 8287, 'name': 'Sarcopterygii'}, {'tax_id': 1338369, 'name': 'Dipnotetrapodomorpha'}, {'tax_id': 32523, 'name': 'Tetrapoda'}, {'tax_id': 32524, 'name': 'Amniota'}, {'tax_id': 40674, 'name': 'Mammalia'}, {'tax_id': 32525, 'name': 'Theria'}, {'tax_id': 9347, 'name': 'Eutheria'}, {'tax_id': 1437010, 'name': 'Boreoeutheria'}, {'tax_id': 314146, 'name': 'Euarchontoglires'}, {'tax_id': 9443, 'name': 'Primates'}, {'tax_id': 376913, 'name': 'Haplorrhini'}, {'tax_id': 314293, 'name': 'Simiiformes'}, {'tax_id': 9526, 'name': 'Catarrhini'}, {'tax_id': 314295, 'name': 'Hominoidea'}, {'tax_id': 9604, 'name': 'Hominidae'}, {'tax_id': 207598, 'name': 'Homininae'}, {'tax_id': 9605, 'name': 'Homo'}, {'tax_id': 9606, 'name': 'Homo sapiens'}]",False,,,,True,[],[],,2,,,,,,,,,,,,,,
PV685581.1,,GenBank,,,,2025-06-10,,[],11237,complete,"Chikungunya virus strain S9b80, complete genome",,False,Africa,Reunion,Homo sapiens,"[{'tax_id': 131567, 'name': 'cellular organisms'}, {'tax_id': 2759, 'name': 'Eukaryota'}, {'tax_id': 33154, 'name': 'Opisthokonta'}, {'tax_id': 33208, 'name': 'Metazoa'}, {'tax_id': 6072, 'name': 'Eumetazoa'}, {'tax_id': 33213, 'name': 'Bilateria'}, {'tax_id': 33511, 'name': 'Deuterostomia'}, {'tax_id': 7711, 'name': 'Chordata'}, {'tax_id': 89593, 'name': 'Craniata'}, {'tax_id': 7742, 'name': 'Vertebrata'}, {'tax_id': 7776, 'name': 'Gnathostomata'}, {'tax_id': 117570, 'name': 'Teleostomi'}, {'tax_id': 117571, 'name': 'Euteleostomi'}, {'tax_id': 8287, 'name': 'Sarcopterygii'}, {'tax_id': 1338369, 'name': 'Dipnotetrapodomorpha'}, {'tax_id': 32523, 'name': 'Tetrapoda'}, {'tax_id': 32524, 'name': 'Amniota'}, {'tax_id': 40674, 'name': 'Mammalia'}, {'tax_id': 32525, 'name': 'Theria'}, {'tax_id': 9347, 'name': 'Eutheria'}, {'tax_id': 1437010, 'name': 'Boreoeutheria'}, {'tax_id': 314146, 'name': 'Euarchontoglires'}, {'tax_id': 9443, 'name': 'Primates'}, {'tax_id': 376913, 'name': 'Haplorrhini'}, {'tax_id': 314293, 'name': 'Simiiformes'}, {'tax_id': 9526, 'name': 'Catarrhini'}, {'tax_id': 314295, 'name': 'Hominoidea'}, {'tax_id': 9604, 'name': 'Hominidae'}, {'tax_id': 207598, 'name': 'Homininae'}, {'tax_id': 9605, 'name': 'Homo'}, {'tax_id': 9606, 'name': 'Homo sapiens'}]",False,,,,True,[],[],,2,,,,,,,,,,,,,,
PV685580.1,,GenBank,,,,2025-06-10,,[],11237,complete,"Chikungunya virus strain S9b61, complete genome",,False,Africa,Reunion,Homo sapiens,"[{'tax_id': 131567, 'name': 'cellular organisms'}, {'tax_id': 2759, 'name': 'Eukaryota'}, {'tax_id': 33154, 'name': 'Opisthokonta'}, {'tax_id': 33208, 'name': 'Metazoa'}, {'tax_id': 6072, 'name': 'Eumetazoa'}, {'tax_id': 33213, 'name': 'Bilateria'}, {'tax_id': 33511, 'name': 'Deuterostomia'}, {'tax_id': 7711, 'name': 'Chordata'}, {'tax_id': 89593, 'name': 'Craniata'}, {'tax_id': 7742, 'name': 'Vertebrata'}, {'tax_id': 7776, 'name': 'Gnathostomata'}, {'tax_id': 117570, 'name': 'Teleostomi'}, {'tax_id': 117571, 'name': 'Euteleostomi'}, {'tax_id': 8287, 'name': 'Sarcopterygii'}, {'tax_id': 1338369, 'name': 'Dipnotetrapodomorpha'}, {'tax_id': 32523, 'name': 'Tetrapoda'}, {'tax_id': 32524, 'name': 'Amniota'}, {'tax_id': 40674, 'name': 'Mammalia'}, {'tax_id': 32525, 'name': 'Theria'}, {'tax_id': 9347, 'name': 'Eutheria'}, {'tax_id': 1437010, 'name': 'Boreoeutheria'}, {'tax_id': 314146, 'name': 'Euarchontoglires'}, {'tax_id': 9443, 'name': 'Primates'}, {'tax_id': 376913, 'name': 'Haplorrhini'}, {'tax_id': 314293, 'name': 'Simiiformes'}, {'tax_id': 9526, 'name': 'Catarrhini'}, {'tax_id': 314295, 'name': 'Hominoidea'}, {'tax_id': 9604, 'name': 'Hominidae'}, {'tax_id': 207598, 'name': 'Homininae'}, {'tax_id': 9605, 'name': 'Homo'}, {'tax_id': 9606, 'name': 'Homo sapiens'}]",False,,,,True,[],[],,2,,,,,,,,,,,,,,
PV685579.1,,GenBank,,,,2025-06-10,,[],11237,complete,"Chikungunya virus strain S14b43, complete genome",,False,Africa,Reunion,Homo sapiens,"[{'tax_id': 131567, 'name': 'cellular organisms'}, {'tax_id': 2759, 'name': 'Eukaryota'}, {'tax_id': 33154, 'name': 'Opisthokonta'}, {'tax_id': 33208, 'name': 'Metazoa'}, {'tax_id': 6072, 'name': 'Eumetazoa'}, {'tax_id': 33213, 'name': 'Bilateria'}, {'tax_id': 33511, 'name': 'Deuterostomia'}, {'tax_id': 7711, 'name': 'Chordata'}, {'tax_id': 89593, 'name': 'Craniata'}, {'tax_id': 7742, 'name': 'Vertebrata'}, {'tax_id': 7776, 'name': 'Gnathostomata'}, {'tax_id': 117570, 'name': 'Teleostomi'}, {'tax_id': 117571, 'name': 'Euteleostomi'}, {'tax_id': 8287, 'name': 'Sarcopterygii'}, {'tax_id': 1338369, 'name': 'Dipnotetrapodomorpha'}, {'tax_id': 32523, 'name': 'Tetrapoda'}, {'tax_id': 32524, 'name': 'Amniota'}, {'tax_id': 40674, 'name': 'Mammalia'}, {'tax_id': 32525, 'name': 'Theria'}, {'tax_id': 9347, 'name': 'Eutheria'}, {'tax_id': 1437010, 'name': 'Boreoeutheria'}, {'tax_id': 314146, 'name': 'Euarchontoglires'}, {'tax_id': 9443, 'name': 'Primates'}, {'tax_id': 376913, 'name': 'Haplorrhini'}, {'tax_id': 314293, 'name': 'Simiiformes'}, {'tax_id': 9526, 'name': 'Catarrhini'}, {'tax_id': 314295, 'name': 'Hominoidea'}, {'tax_id': 9604, 'name': 'Hominidae'}, {'tax_id': 207598, 'name': 'Homininae'}, {'tax_id': 9605, 'name': 'Homo'}, {'tax_id': 9606, 'name': 'Homo sapiens'}]",False,,,,True,[],[],,2,,,,,,,,,,,,,,
PV685578.1,,GenBank,,,,2025-06-10,,[],11237,complete,"Chikungunya virus strain S12b45, complete genome",,False,Africa,Reunion,Homo sapiens,"[{'tax_id': 131567, 'name': 'cellular organisms'}, {'tax_id': 2759, 'name': 'Eukaryota'}, {'tax_id': 33154, 'name': 'Opisthokonta'}, {'tax_id': 33208, 'name': 'Metazoa'}, {'tax_id': 6072, 'name': 'Eumetazoa'}, {'tax_id': 33213, 'name': 'Bilateria'}, {'tax_id': 33511, 'name': 'Deuterostomia'}, {'tax_id': 7711, 'name': 'Chordata'}, {'tax_id': 89593, 'name': 'Craniata'}, {'tax_id': 7742, 'name': 'Vertebrata'}, {'tax_id': 7776, 'name': 'Gnathostomata'}, {'tax_id': 117570, 'name': 'Teleostomi'}, {'tax_id': 117571, 'name': 'Euteleostomi'}, {'tax_id': 8287, 'name': 'Sarcopterygii'}, {'tax_id': 1338369, 'name': 'Dipnotetrapodomorpha'}, {'tax_id': 32523, 'name': 'Tetrapoda'}, {'tax_id': 32524, 'name': 'Amniota'}, {'tax_id': 40674, 'name': 'Mammalia'}, {'tax_id': 32525, 'name': 'Theria'}, {'tax_id': 9347, 'name': 'Eutheria'}, {'tax_id': 1437010, 'name': 'Boreoeutheria'}, {'tax_id': 314146, 'name': 'Euarchontoglires'}, {'tax_id': 9443, 'name': 'Primates'}, {'tax_id': 376913, 'name': 'Haplorrhini'}, {'tax_id': 314293, 'name': 'Simiiformes'}, {'tax_id': 9526, 'name': 'Catarrhini'}, {'tax_id': 314295, 'name': 'Hominoidea'}, {'tax_id': 9604, 'name': 'Hominidae'}, {'tax_id': 207598, 'name': 'Homininae'}, {'tax_id': 9605, 'name': 'Homo'}, {'tax_id': 9606, 'name': 'Homo sapiens'}]",False,,,,True,[],[],,2,,,,,,,,,,,,,,
PV685577.1,,GenBank,,,,2025-06-10,,[],11237,complete,"Chikungunya virus strain S9b24, complete genome",,False,Africa,Reunion,Homo sapiens,"[{'tax_id': 131567, 'name': 'cellular organisms'}, {'tax_id': 2759, 'name': 'Eukaryota'}, {'tax_id': 33154, 'name': 'Opisthokonta'}, {'tax_id': 33208, 'name': 'Metazoa'}, {'tax_id': 6072, 'name': 'Eumetazoa'}, {'tax_id': 33213, 'name': 'Bilateria'}, {'tax_id': 33511, 'name': 'Deuterostomia'}, {'tax_id': 7711, 'name': 'Chordata'}, {'tax_id': 89593, 'name': 'Craniata'}, {'tax_id': 7742, 'name': 'Vertebrata'}, {'tax_id': 7776, 'name': 'Gnathostomata'}, {'tax_id': 117570, 'name': 'Teleostomi'}, {'tax_id': 117571, 'name': 'Euteleostomi'}, {'tax_id': 8287, 'name': 'Sarcopterygii'}, {'tax_id': 1338369, 'name': 'Dipnotetrapodomorpha'}, {'tax_id': 32523, 'name': 'Tetrapoda'}, {'tax_id': 32524, 'name': 'Amniota'}, {'tax_id': 40674, 'name': 'Mammalia'}, {'tax_id': 32525, 'name': 'Theria'}, {'tax_id': 9347, 'name': 'Eutheria'}, {'tax_id': 1437010, 'name': 'Boreoeutheria'}, {'tax_id': 314146, 'name': 'Euarchontoglires'}, {'tax_id': 9443, 'name': 'Primates'}, {'tax_id': 376913, 'name': 'Haplorrhini'}, {'tax_id': 314293, 'name': 'Simiiformes'}, {'tax_id': 9526, 'name': 'Catarrhini'}, {'tax_id': 314295, 'name': 'Hominoidea'}, {'tax_id': 9604, 'name': 'Hominidae'}, {'tax_id': 207598, 'name': 'Homininae'}, {'tax_id': 9605, 'name': 'Homo'}, {'tax_id': 9606, 'name': 'Homo sapiens'}]",False,,,,True,[],[],,2,,,,,,,,,,,,,,
PV685576.1,,GenBank,,,,2025-06-10,,[],11237,complete,"Chikungunya virus strain S8b26, complete genome",,False,Africa,Reunion,Homo sapiens,"[{'tax_id': 131567, 'name': 'cellular organisms'}, {'tax_id': 2759, 'name': 'Eukaryota'}, {'tax_id': 33154, 'name': 'Opisthokonta'}, {'tax_id': 33208, 'name': 'Metazoa'}, {'tax_id': 6072, 'name': 'Eumetazoa'}, {'tax_id': 33213, 'name': 'Bilateria'}, {'tax_id': 33511, 'name': 'Deuterostomia'}, {'tax_id': 7711, 'name': 'Chordata'}, {'tax_id': 89593, 'name': 'Craniata'}, {'tax_id': 7742, 'name': 'Vertebrata'}, {'tax_id': 7776, 'name': 'Gnathostomata'}, {'tax_id': 117570, 'name': 'Teleostomi'}, {'tax_id': 117571, 'name': 'Euteleostomi'}, {'tax_id': 8287, 'name': 'Sarcopterygii'}, {'tax_id': 1338369, 'name': 'Dipnotetrapodomorpha'}, {'tax_id': 32523, 'name': 'Tetrapoda'}, {'tax_id': 32524, 'name': 'Amniota'}, {'tax_id': 40674, 'name': 'Mammalia'}, {'tax_id': 32525, 'name': 'Theria'}, {'tax_id': 9347, 'name': 'Eutheria'}, {'tax_id': 1437010, 'name': 'Boreoeutheria'}, {'tax_id': 314146, 'name': 'Euarchontoglires'}, {'tax_id': 9443, 'name': 'Primates'}, {'tax_id': 376913, 'name': 'Haplorrhini'}, {'tax_id': 314293, 'name': 'Simiiformes'}, {'tax_id': 9526, 'name': 'Catarrhini'}, {'tax_id': 314295, 'name': 'Hominoidea'}, {'tax_id': 9604, 'name': 'Hominidae'}, {'tax_id': 207598, 'name': 'Homininae'}, {'tax_id': 9605, 'name': 'Homo'}, {'tax_id': 9606, 'name': 'Homo sapiens'}]",False,,,,True,[],[],,2,,,,,,,,,,,,,,
PV685575.1,,GenBank,,,,2025-06-10,,[],11237,complete,"Chikungunya virus strain S19b02, complete genome",,False,Africa,Reunion,Homo sapiens,"[{'tax_id': 131567, 'name': 'cellular organisms'}, {'tax_id': 2759, 'name': 'Eukaryota'}, {'tax_id': 33154, 'name': 'Opisthokonta'}, {'tax_id': 33208, 'name': 'Metazoa'}, {'tax_id': 6072, 'name': 'Eumetazoa'}, {'tax_id': 33213, 'name': 'Bilateria'}, {'tax_id': 33511, 'name': 'Deuterostomia'}, {'tax_id': 7711, 'name': 'Chordata'}, {'tax_id': 89593, 'name': 'Craniata'}, {'tax_id': 7742, 'name': 'Vertebrata'}, {'tax_id': 7776, 'name': 'Gnathostomata'}, {'tax_id': 117570, 'name': 'Teleostomi'}, {'tax_id': 117571, 'name': 'Euteleostomi'}, {'tax_id': 8287, 'name': 'Sarcopterygii'}, {'tax_id': 1338369, 'name': 'Dipnotetrapodomorpha'}, {'tax_id': 32523, 'name': 'Tetrapoda'}, {'tax_id': 32524, 'name': 'Amniota'}, {'tax_id': 40674, 'name': 'Mammalia'}, {'tax_id': 32525, 'name': 'Theria'}, {'tax_id': 9347, 'name': 'Eutheria'}, {'tax_id': 1437010, 'name': 'Boreoeutheria'}, {'tax_id': 314146, 'name': 'Euarchontoglires'}, {'tax_id': 9443, 'name': 'Primates'}, {'tax_id': 376913, 'name': 'Haplorrhini'}, {'tax_id': 314293, 'name': 'Simiiformes'}, {'tax_id': 9526, 'name': 'Catarrhini'}, {'tax_id': 314295, 'name': 'Hominoidea'}, {'tax_id': 9604, 'name': 'Hominidae'}, {'tax_id': 207598, 'name': 'Homininae'}, {'tax_id': 9605, 'name': 'Homo'}, {'tax_id': 9606, 'name': 'Homo sapiens'}]",False,,,,True,[],[],,2,,,,,,,,,,,,,,
PV685574.1,,GenBank,,,,2025-06-10,,[],11237,complete,"Chikungunya virus strain S16b41, complete genome",,False,Africa,Reunion,Homo sapiens,"[{'tax_id': 131567, 'name': 'cellular organisms'}, {'tax_id': 2759, 'name': 'Eukaryota'}, {'tax_id': 33154, 'name': 'Opisthokonta'}, {'tax_id': 33208, 'name': 'Metazoa'}, {'tax_id': 6072, 'name': 'Eumetazoa'}, {'tax_id': 33213, 'name': 'Bilateria'}, {'tax_id': 33511, 'name': 'Deuterostomia'}, {'tax_id': 7711, 'name': 'Chordata'}, {'tax_id': 89593, 'name': 'Craniata'}, {'tax_id': 7742, 'name': 'Vertebrata'}, {'tax_id': 7776, 'name': 'Gnathostomata'}, {'tax_id': 117570, 'name': 'Teleostomi'}, {'tax_id': 117571, 'name': 'Euteleostomi'}, {'tax_id': 8287, 'name': 'Sarcopterygii'}, {'tax_id': 1338369, 'name': 'Dipnotetrapodomorpha'}, {'tax_id': 32523, 'name': 'Tetrapoda'}, {'tax_id': 32524, 'name': 'Amniota'}, {'tax_id': 40674, 'name': 'Mammalia'}, {'tax_id': 32525, 'name': 'Theria'}, {'tax_id': 9347, 'name': 'Eutheria'}, {'tax_id': 1437010, 'name': 'Boreoeutheria'}, {'tax_id': 314146, 'name': 'Euarchontoglires'}, {'tax_id': 9443, 'name': 'Primates'}, {'tax_id': 376913, 'name': 'Haplorrhini'}, {'tax_id': 314293, 'name': 'Simiiformes'}, {'tax_id': 9526, 'name': 'Catarrhini'}, {'tax_id': 314295, 'name': 'Hominoidea'}, {'tax_id': 9604, 'name': 'Hominidae'}, {'tax_id': 207598, 'name': 'Homininae'}, {'tax_id': 9605, 'name': 'Homo'}, {'tax_id': 9606, 'name': 'Homo sapiens'}]",False,,,,True,[],[],,2,,,,,,,,,,,,,,
PV685573.1,,GenBank,,,,2025-06-10,,[],11237,complete,"Chikungunya virus strain S16b39, complete genome",,False,Africa,Reunion,Homo sapiens,"[{'tax_id': 131567, 'name': 'cellular organisms'}, {'tax_id': 2759, 'name': 'Eukaryota'}, {'tax_id': 33154, 'name': 'Opisthokonta'}, {'tax_id': 33208, 'name': 'Metazoa'}, {'tax_id': 6072, 'name': 'Eumetazoa'}, {'tax_id': 33213, 'name': 'Bilateria'}, {'tax_id': 33511, 'name': 'Deuterostomia'}, {'tax_id': 7711, 'name': 'Chordata'}, {'tax_id': 89593, 'name': 'Craniata'}, {'tax_id': 7742, 'name': 'Vertebrata'}, {'tax_id': 7776, 'name': 'Gnathostomata'}, {'tax_id': 117570, 'name': 'Teleostomi'}, {'tax_id': 117571, 'name': 'Euteleostomi'}, {'tax_id': 8287, 'name': 'Sarcopterygii'}, {'tax_id': 1338369, 'name': 'Dipnotetrapodomorpha'}, {'tax_id': 32523, 'name': 'Tetrapoda'}, {'tax_id': 32524, 'name': 'Amniota'}, {'tax_id': 40674, 'name': 'Mammalia'}, {'tax_id': 32525, 'name': 'Theria'}, {'tax_id': 9347, 'name': 'Eutheria'}, {'tax_id': 1437010, 'name': 'Boreoeutheria'}, {'tax_id': 314146, 'name': 'Euarchontoglires'}, {'tax_id': 9443, 'name': 'Primates'}, {'tax_id': 376913, 'name': 'Haplorrhini'}, {'tax_id': 314293, 'name': 'Simiiformes'}, {'tax_id': 9526, 'name': 'Catarrhini'}, {'tax_id': 314295, 'name': 'Hominoidea'}, {'tax_id': 9604, 'name': 'Hominidae'}, {'tax_id': 207598, 'name': 'Homininae'}, {'tax_id': 9605, 'name': 'Homo'}, {'tax_id': 9606, 'name': 'Homo sapiens'}]",False,,,,True,[],[],,2,,,,,,,,,,,,,,
PV685572.1,,GenBank,,,,2025-06-10,,[],11237,complete,"Chikungunya virus strain S10b75, complete genome",,False,Africa,Reunion,Homo sapiens,"[{'tax_id': 131567, 'name': 'cellular organisms'}, {'tax_id': 2759, 'name': 'Eukaryota'}, {'tax_id': 33154, 'name': 'Opisthokonta'}, {'tax_id': 33208, 'name': 'Metazoa'}, {'tax_id': 6072, 'name': 'Eumetazoa'}, {'tax_id': 33213, 'name': 'Bilateria'}, {'tax_id': 33511, 'name': 'Deuterostomia'}, {'tax_id': 7711, 'name': 'Chordata'}, {'tax_id': 89593, 'name': 'Craniata'}, {'tax_id': 7742, 'name': 'Vertebrata'}, {'tax_id': 7776, 'name': 'Gnathostomata'}, {'tax_id': 117570, 'name': 'Teleostomi'}, {'tax_id': 117571, 'name': 'Euteleostomi'}, {'tax_id': 8287, 'name': 'Sarcopterygii'}, {'tax_id': 1338369, 'name': 'Dipnotetrapodomorpha'}, {'tax_id': 32523, 'name': 'Tetrapoda'}, {'tax_id': 32524, 'name': 'Amniota'}, {'tax_id': 40674, 'name': 'Mammalia'}, {'tax_id': 32525, 'name': 'Theria'}, {'tax_id': 9347, 'name': 'Eutheria'}, {'tax_id': 1437010, 'name': 'Boreoeutheria'}, {'tax_id': 314146, 'name': 'Euarchontoglires'}, {'tax_id': 9443, 'name': 'Primates'}, {'tax_id': 376913, 'name': 'Haplorrhini'}, {'tax_id': 314293, 'name': 'Simiiformes'}, {'tax_id': 9526, 'name': 'Catarrhini'}, {'tax_id': 314295, 'name': 'Hominoidea'}, {'tax_id': 9604, 'name': 'Hominidae'}, {'tax_id': 207598, 'name': 'Homininae'}, {'tax_id': 9605, 'name': 'Homo'}, {'tax_id': 9606, 'name': 'Homo sapiens'}]",False,,,,True,[],[],,2,,,,,,,,,,,,,,
PV685571.1,,GenBank,,,,2025-06-10,,[],11237,complete,"Chikungunya virus strain S19b29, complete genome",,False,Africa,Reunion,Homo sapiens,"[{'tax_id': 131567, 'name': 'cellular organisms'}, {'tax_id': 2759, 'name': 'Eukaryota'}, {'tax_id': 33154, 'name': 'Opisthokonta'}, {'tax_id': 33208, 'name': 'Metazoa'}, {'tax_id': 6072, 'name': 'Eumetazoa'}, {'tax_id': 33213, 'name': 'Bilateria'}, {'tax_id': 33511, 'name': 'Deuterostomia'}, {'tax_id': 7711, 'name': 'Chordata'}, {'tax_id': 89593, 'name': 'Craniata'}, {'tax_id': 7742, 'name': 'Vertebrata'}, {'tax_id': 7776, 'name': 'Gnathostomata'}, {'tax_id': 117570, 'name': 'Teleostomi'}, {'tax_id': 117571, 'name': 'Euteleostomi'}, {'tax_id': 8287, 'name': 'Sarcopterygii'}, {'tax_id': 1338369, 'name': 'Dipnotetrapodomorpha'}, {'tax_id': 32523, 'name': 'Tetrapoda'}, {'tax_id': 32524, 'name': 'Amniota'}, {'tax_id': 40674, 'name': 'Mammalia'}, {'tax_id': 32525, 'name': 'Theria'}, {'tax_id': 9347, 'name': 'Eutheria'}, {'tax_id': 1437010, 'name': 'Boreoeutheria'}, {'tax_id': 314146, 'name': 'Euarchontoglires'}, {'tax_id': 9443, 'name': 'Primates'}, {'tax_id': 376913, 'name': 'Haplorrhini'}, {'tax_id': 314293, 'name': 'Simiiformes'}, {'tax_id': 9526, 'name': 'Catarrhini'}, {'tax_id': 314295, 'name': 'Hominoidea'}, {'tax_id': 9604, 'name': 'Hominidae'}, {'tax_id': 207598, 'name': 'Homininae'}, {'tax_id': 9605, 'name': 'Homo'}, {'tax_id': 9606, 'name': 'Homo sapiens'}]",False,,,,True,[],[],,2,,,,,,,,,,,,,,
PV685570.1,,GenBank,,,,2025-06-10,,[],11237,complete,"Chikungunya virus strain S10b38, complete genome",,False,Africa,Reunion,Homo sapiens,"[{'tax_id': 131567, 'name': 'cellular organisms'}, {'tax_id': 2759, 'name': 'Eukaryota'}, {'tax_id': 33154, 'name': 'Opisthokonta'}, {'tax_id': 33208, 'name': 'Metazoa'}, {'tax_id': 6072, 'name': 'Eumetazoa'}, {'tax_id': 33213, 'name': 'Bilateria'}, {'tax_id': 33511, 'name': 'Deuterostomia'}, {'tax_id': 7711, 'name': 'Chordata'}, {'tax_id': 89593, 'name': 'Craniata'}, {'tax_id': 7742, 'name': 'Vertebrata'}, {'tax_id': 7776, 'name': 'Gnathostomata'}, {'tax_id': 117570, 'name': 'Teleostomi'}, {'tax_id': 117571, 'name': 'Euteleostomi'}, {'tax_id': 8287, 'name': 'Sarcopterygii'}, {'tax_id': 1338369, 'name': 'Dipnotetrapodomorpha'}, {'tax_id': 32523, 'name': 'Tetrapoda'}, {'tax_id': 32524, 'name': 'Amniota'}, {'tax_id': 40674, 'name': 'Mammalia'}, {'tax_id': 32525, 'name': 'Theria'}, {'tax_id': 9347, 'name': 'Eutheria'}, {'tax_id': 1437010, 'name': 'Boreoeutheria'}, {'tax_id': 314146, 'name': 'Euarchontoglires'}, {'tax_id': 9443, 'name': 'Primates'}, {'tax_id': 376913, 'name': 'Haplorrhini'}, {'tax_id': 314293, 'name': 'Simiiformes'}, {'tax_id': 9526, 'name': 'Catarrhini'}, {'tax_id': 314295, 'name': 'Hominoidea'}, {'tax_id': 9604, 'name': 'Hominidae'}, {'tax_id': 207598, 'name': 'Homininae'}, {'tax_id': 9605, 'name': 'Homo'}, {'tax_id': 9606, 'name': 'Homo sapiens'}]",False,,,,True,[],[],,2,,,,,,,,,,,,,,
PV685569.1,,GenBank,,,,2025-06-10,,[],11237,complete,"Chikungunya virus strain S9b09, complete genome",,False,Africa,Reunion,Homo sapiens,"[{'tax_id': 131567, 'name': 'cellular organisms'}, {'tax_id': 2759, 'name': 'Eukaryota'}, {'tax_id': 33154, 'name': 'Opisthokonta'}, {'tax_id': 33208, 'name': 'Metazoa'}, {'tax_id': 6072, 'name': 'Eumetazoa'}, {'tax_id': 33213, 'name': 'Bilateria'}, {'tax_id': 33511, 'name': 'Deuterostomia'}, {'tax_id': 7711, 'name': 'Chordata'}, {'tax_id': 89593, 'name': 'Craniata'}, {'tax_id': 7742, 'name': 'Vertebrata'}, {'tax_id': 7776, 'name': 'Gnathostomata'}, {'tax_id': 117570, 'name': 'Teleostomi'}, {'tax_id': 117571, 'name': 'Euteleostomi'}, {'tax_id': 8287, 'name': 'Sarcopterygii'}, {'tax_id': 1338369, 'name': 'Dipnotetrapodomorpha'}, {'tax_id': 32523, 'name': 'Tetrapoda'}, {'tax_id': 32524, 'name': 'Amniota'}, {'tax_id': 40674, 'name': 'Mammalia'}, {'tax_id': 32525, 'name': 'Theria'}, {'tax_id': 9347, 'name': 'Eutheria'}, {'tax_id': 1437010, 'name': 'Boreoeutheria'}, {'tax_id': 314146, 'name': 'Euarchontoglires'}, {'tax_id': 9443, 'name': 'Primates'}, {'tax_id': 376913, 'name': 'Haplorrhini'}, {'tax_id': 314293, 'name': 'Simiiformes'}, {'tax_id': 9526, 'name': 'Catarrhini'}, {'tax_id': 314295, 'name': 'Hominoidea'}, {'tax_id': 9604, 'name': 'Hominidae'}, {'tax_id': 207598, 'name': 'Homininae'}, {'tax_id': 9605, 'name': 'Homo'}, {'tax_id': 9606, 'name': 'Homo sapiens'}]",False,,,,True,[],[],,2,,,,,,,,,,,,,,
PV685568.1,,GenBank,,,,2025-06-10,,[],11237,complete,"Chikungunya virus strain S16b66, complete genome",,False,Africa,Reunion,Homo sapiens,"[{'tax_id': 131567, 'name': 'cellular organisms'}, {'tax_id': 2759, 'name': 'Eukaryota'}, {'tax_id': 33154, 'name': 'Opisthokonta'}, {'tax_id': 33208, 'name': 'Metazoa'}, {'tax_id': 6072, 'name': 'Eumetazoa'}, {'tax_id': 33213, 'name': 'Bilateria'}, {'tax_id': 33511, 'name': 'Deuterostomia'}, {'tax_id': 7711, 'name': 'Chordata'}, {'tax_id': 89593, 'name': 'Craniata'}, {'tax_id': 7742, 'name': 'Vertebrata'}, {'tax_id': 7776, 'name': 'Gnathostomata'}, {'tax_id': 117570, 'name': 'Teleostomi'}, {'tax_id': 117571, 'name': 'Euteleostomi'}, {'tax_id': 8287, 'name': 'Sarcopterygii'}, {'tax_id': 1338369, 'name': 'Dipnotetrapodomorpha'}, {'tax_id': 32523, 'name': 'Tetrapoda'}, {'tax_id': 32524, 'name': 'Amniota'}, {'tax_id': 40674, 'name': 'Mammalia'}, {'tax_id': 32525, 'name': 'Theria'}, {'tax_id': 9347, 'name': 'Eutheria'}, {'tax_id': 1437010, 'name': 'Boreoeutheria'}, {'tax_id': 314146, 'name': 'Euarchontoglires'}, {'tax_id': 9443, 'name': 'Primates'}, {'tax_id': 376913, 'name': 'Haplorrhini'}, {'tax_id': 314293, 'name': 'Simiiformes'}, {'tax_id': 9526, 'name': 'Catarrhini'}, {'tax_id': 314295, 'name': 'Hominoidea'}, {'tax_id': 9604, 'name': 'Hominidae'}, {'tax_id': 207598, 'name': 'Homininae'}, {'tax_id': 9605, 'name': 'Homo'}, {'tax_id': 9606, 'name': 'Homo sapiens'}]",False,,,,True,[],[],,2,,,,,,,,,,,,,,
PV685567.1,,GenBank,,,,2025-06-10,,[],11237,complete,"Chikungunya virus strain S19b28, complete genome",,False,Africa,Reunion,Homo sapiens,"[{'tax_id': 131567, 'name': 'cellular organisms'}, {'tax_id': 2759, 'name': 'Eukaryota'}, {'tax_id': 33154, 'name': 'Opisthokonta'}, {'tax_id': 33208, 'name': 'Metazoa'}, {'tax_id': 6072, 'name': 'Eumetazoa'}, {'tax_id': 33213, 'name': 'Bilateria'}, {'tax_id': 33511, 'name': 'Deuterostomia'}, {'tax_id': 7711, 'name': 'Chordata'}, {'tax_id': 89593, 'name': 'Craniata'}, {'tax_id': 7742, 'name': 'Vertebrata'}, {'tax_id': 7776, 'name': 'Gnathostomata'}, {'tax_id': 117570, 'name': 'Teleostomi'}, {'tax_id': 117571, 'name': 'Euteleostomi'}, {'tax_id': 8287, 'name': 'Sarcopterygii'}, {'tax_id': 1338369, 'name': 'Dipnotetrapodomorpha'}, {'tax_id': 32523, 'name': 'Tetrapoda'}, {'tax_id': 32524, 'name': 'Amniota'}, {'tax_id': 40674, 'name': 'Mammalia'}, {'tax_id': 32525, 'name': 'Theria'}, {'tax_id': 9347, 'name': 'Eutheria'}, {'tax_id': 1437010, 'name': 'Boreoeutheria'}, {'tax_id': 314146, 'name': 'Euarchontoglires'}, {'tax_id': 9443, 'name': 'Primates'}, {'tax_id': 376913, 'name': 'Haplorrhini'}, {'tax_id': 314293, 'name': 'Simiiformes'}, {'tax_id': 9526, 'name': 'Catarrhini'}, {'tax_id': 314295, 'name': 'Hominoidea'}, {'tax_id': 9604, 'name': 'Hominidae'}, {'tax_id': 207598, 'name': 'Homininae'}, {'tax_id': 9605, 'name': 'Homo'}, {'tax_id': 9606, 'name': 'Homo sapiens'}]",False,,,,True,[],[],,2,,,,,,,,,,,,,,
PV685566.1,,GenBank,,,,2025-06-10,,[],11237,complete,"Chikungunya virus strain S18b28, complete genome",,False,Africa,Reunion,Homo sapiens,"[{'tax_id': 131567, 'name': 'cellular organisms'}, {'tax_id': 2759, 'name': 'Eukaryota'}, {'tax_id': 33154, 'name': 'Opisthokonta'}, {'tax_id': 33208, 'name': 'Metazoa'}, {'tax_id': 6072, 'name': 'Eumetazoa'}, {'tax_id': 33213, 'name': 'Bilateria'}, {'tax_id': 33511, 'name': 'Deuterostomia'}, {'tax_id': 7711, 'name': 'Chordata'}, {'tax_id': 89593, 'name': 'Craniata'}, {'tax_id': 7742, 'name': 'Vertebrata'}, {'tax_id': 7776, 'name': 'Gnathostomata'}, {'tax_id': 117570, 'name': 'Teleostomi'}, {'tax_id': 117571, 'name': 'Euteleostomi'}, {'tax_id': 8287, 'name': 'Sarcopterygii'}, {'tax_id': 1338369, 'name': 'Dipnotetrapodomorpha'}, {'tax_id': 32523, 'name': 'Tetrapoda'}, {'tax_id': 32524, 'name': 'Amniota'}, {'tax_id': 40674, 'name': 'Mammalia'}, {'tax_id': 32525, 'name': 'Theria'}, {'tax_id': 9347, 'name': 'Eutheria'}, {'tax_id': 1437010, 'name': 'Boreoeutheria'}, {'tax_id': 314146, 'name': 'Euarchontoglires'}, {'tax_id': 9443, 'name': 'Primates'}, {'tax_id': 376913, 'name': 'Haplorrhini'}, {'tax_id': 314293, 'name': 'Simiiformes'}, {'tax_id': 9526, 'name': 'Catarrhini'}, {'tax_id': 314295, 'name': 'Hominoidea'}, {'tax_id': 9604, 'name': 'Hominidae'}, {'tax_id': 207598, 'name': 'Homininae'}, {'tax_id': 9605, 'name': 'Homo'}, {'tax_id': 9606, 'name': 'Homo sapiens'}]",False,,,,True,[],[],,2,,,,,,,,,,,,,,
PV685565.1,,GenBank,,,,2025-06-10,,[],11237,complete,"Chikungunya virus strain S13b68, complete genome",,False,Africa,Reunion,Homo sapiens,"[{'tax_id': 131567, 'name': 'cellular organisms'}, {'tax_id': 2759, 'name': 'Eukaryota'}, {'tax_id': 33154, 'name': 'Opisthokonta'}, {'tax_id': 33208, 'name': 'Metazoa'}, {'tax_id': 6072, 'name': 'Eumetazoa'}, {'tax_id': 33213, 'name': 'Bilateria'}, {'tax_id': 33511, 'name': 'Deuterostomia'}, {'tax_id': 7711, 'name': 'Chordata'}, {'tax_id': 89593, 'name': 'Craniata'}, {'tax_id': 7742, 'name': 'Vertebrata'}, {'tax_id': 7776, 'name': 'Gnathostomata'}, {'tax_id': 117570, 'name': 'Teleostomi'}, {'tax_id': 117571, 'name': 'Euteleostomi'}, {'tax_id': 8287, 'name': 'Sarcopterygii'}, {'tax_id': 1338369, 'name': 'Dipnotetrapodomorpha'}, {'tax_id': 32523, 'name': 'Tetrapoda'}, {'tax_id': 32524, 'name': 'Amniota'}, {'tax_id': 40674, 'name': 'Mammalia'}, {'tax_id': 32525, 'name': 'Theria'}, {'tax_id': 9347, 'name': 'Eutheria'}, {'tax_id': 1437010, 'name': 'Boreoeutheria'}, {'tax_id': 314146, 'name': 'Euarchontoglires'}, {'tax_id': 9443, 'name': 'Primates'}, {'tax_id': 376913, 'name': 'Haplorrhini'}, {'tax_id': 314293, 'name': 'Simiiformes'}, {'tax_id': 9526, 'name': 'Catarrhini'}, {'tax_id': 314295, 'name': 'Hominoidea'}, {'tax_id': 9604, 'name': 'Hominidae'}, {'tax_id': 207598, 'name': 'Homininae'}, {'tax_id': 9605, 'name': 'Homo'}, {'tax_id': 9606, 'name': 'Homo sapiens'}]",False,,,,True,[],[],,2,,,,,,,,,,,,,,
PV685564.1,,GenBank,,,,2025-06-10,,[],11237,complete,"Chikungunya virus strain S13b17, complete genome",,False,Africa,Reunion,Homo sapiens,"[{'tax_id': 131567, 'name': 'cellular organisms'}, {'tax_id': 2759, 'name': 'Eukaryota'}, {'tax_id': 33154, 'name': 'Opisthokonta'}, {'tax_id': 33208, 'name': 'Metazoa'}, {'tax_id': 6072, 'name': 'Eumetazoa'}, {'tax_id': 33213, 'name': 'Bilateria'}, {'tax_id': 33511, 'name': 'Deuterostomia'}, {'tax_id': 7711, 'name': 'Chordata'}, {'tax_id': 89593, 'name': 'Craniata'}, {'tax_id': 7742, 'name': 'Vertebrata'}, {'tax_id': 7776, 'name': 'Gnathostomata'}, {'tax_id': 117570, 'name': 'Teleostomi'}, {'tax_id': 117571, 'name': 'Euteleostomi'}, {'tax_id': 8287, 'name': 'Sarcopterygii'}, {'tax_id': 1338369, 'name': 'Dipnotetrapodomorpha'}, {'tax_id': 32523, 'name': 'Tetrapoda'}, {'tax_id': 32524, 'name': 'Amniota'}, {'tax_id': 40674, 'name': 'Mammalia'}, {'tax_id': 32525, 'name': 'Theria'}, {'tax_id': 9347, 'name': 'Eutheria'}, {'tax_id': 1437010, 'name': 'Boreoeutheria'}, {'tax_id': 314146, 'name': 'Euarchontoglires'}, {'tax_id': 9443, 'name': 'Primates'}, {'tax_id': 376913, 'name': 'Haplorrhini'}, {'tax_id': 314293, 'name': 'Simiiformes'}, {'tax_id': 9526, 'name': 'Catarrhini'}, {'tax_id': 314295, 'name': 'Hominoidea'}, {'tax_id': 9604, 'name': 'Hominidae'}, {'tax_id': 207598, 'name': 'Homininae'}, {'tax_id': 9605, 'name': 'Homo'}, {'tax_id': 9606, 'name': 'Homo sapiens'}]",False,,,,True,[],[],,2,,,,,,,,,,,,,,
PV685563.1,,GenBank,,,,2025-06-10,,[],11237,complete,"Chikungunya virus strain S10b25, complete genome",,False,Africa,Reunion,Homo sapiens,"[{'tax_id': 131567, 'name': 'cellular organisms'}, {'tax_id': 2759, 'name': 'Eukaryota'}, {'tax_id': 33154, 'name': 'Opisthokonta'}, {'tax_id': 33208, 'name': 'Metazoa'}, {'tax_id': 6072, 'name': 'Eumetazoa'}, {'tax_id': 33213, 'name': 'Bilateria'}, {'tax_id': 33511, 'name': 'Deuterostomia'}, {'tax_id': 7711, 'name': 'Chordata'}, {'tax_id': 89593, 'name': 'Craniata'}, {'tax_id': 7742, 'name': 'Vertebrata'}, {'tax_id': 7776, 'name': 'Gnathostomata'}, {'tax_id': 117570, 'name': 'Teleostomi'}, {'tax_id': 117571, 'name': 'Euteleostomi'}, {'tax_id': 8287, 'name': 'Sarcopterygii'}, {'tax_id': 1338369, 'name': 'Dipnotetrapodomorpha'}, {'tax_id': 32523, 'name': 'Tetrapoda'}, {'tax_id': 32524, 'name': 'Amniota'}, {'tax_id': 40674, 'name': 'Mammalia'}, {'tax_id': 32525, 'name': 'Theria'}, {'tax_id': 9347, 'name': 'Eutheria'}, {'tax_id': 1437010, 'name': 'Boreoeutheria'}, {'tax_id': 314146, 'name': 'Euarchontoglires'}, {'tax_id': 9443, 'name': 'Primates'}, {'tax_id': 376913, 'name': 'Haplorrhini'}, {'tax_id': 314293, 'name': 'Simiiformes'}, {'tax_id': 9526, 'name': 'Catarrhini'}, {'tax_id': 314295, 'name': 'Hominoidea'}, {'tax_id': 9604, 'name': 'Hominidae'}, {'tax_id': 207598, 'name': 'Homininae'}, {'tax_id': 9605, 'name': 'Homo'}, {'tax_id': 9606, 'name': 'Homo sapiens'}]",False,,,,True,[],[],,2,,,,,,,,,,,,,,
PV685562.1,,GenBank,,,,2025-06-10,,[],11237,complete,"Chikungunya virus strain S9b40, complete genome",,False,Africa,Reunion,Homo sapiens,"[{'tax_id': 131567, 'name': 'cellular organisms'}, {'tax_id': 2759, 'name': 'Eukaryota'}, {'tax_id': 33154, 'name': 'Opisthokonta'}, {'tax_id': 33208, 'name': 'Metazoa'}, {'tax_id': 6072, 'name': 'Eumetazoa'}, {'tax_id': 33213, 'name': 'Bilateria'}, {'tax_id': 33511, 'name': 'Deuterostomia'}, {'tax_id': 7711, 'name': 'Chordata'}, {'tax_id': 89593, 'name': 'Craniata'}, {'tax_id': 7742, 'name': 'Vertebrata'}, {'tax_id': 7776, 'name': 'Gnathostomata'}, {'tax_id': 117570, 'name': 'Teleostomi'}, {'tax_id': 117571, 'name': 'Euteleostomi'}, {'tax_id': 8287, 'name': 'Sarcopterygii'}, {'tax_id': 1338369, 'name': 'Dipnotetrapodomorpha'}, {'tax_id': 32523, 'name': 'Tetrapoda'}, {'tax_id': 32524, 'name': 'Amniota'}, {'tax_id': 40674, 'name': 'Mammalia'}, {'tax_id': 32525, 'name': 'Theria'}, {'tax_id': 9347, 'name': 'Eutheria'}, {'tax_id': 1437010, 'name': 'Boreoeutheria'}, {'tax_id': 314146, 'name': 'Euarchontoglires'}, {'tax_id': 9443, 'name': 'Primates'}, {'tax_id': 376913, 'name': 'Haplorrhini'}, {'tax_id': 314293, 'name': 'Simiiformes'}, {'tax_id': 9526, 'name': 'Catarrhini'}, {'tax_id': 314295, 'name': 'Hominoidea'}, {'tax_id': 9604, 'name': 'Hominidae'}, {'tax_id': 207598, 'name': 'Homininae'}, {'tax_id': 9605, 'name': 'Homo'}, {'tax_id': 9606, 'name': 'Homo sapiens'}]",False,,,,True,[],[],,2,,,,,,,,,,,,,,
PV685561.1,,GenBank,,,,2025-06-10,,[],11237,complete,"Chikungunya virus strain S8b66, complete genome",,False,Africa,Reunion,Homo sapiens,"[{'tax_id': 131567, 'name': 'cellular organisms'}, {'tax_id': 2759, 'name': 'Eukaryota'}, {'tax_id': 33154, 'name': 'Opisthokonta'}, {'tax_id': 33208, 'name': 'Metazoa'}, {'tax_id': 6072, 'name': 'Eumetazoa'}, {'tax_id': 33213, 'name': 'Bilateria'}, {'tax_id': 33511, 'name': 'Deuterostomia'}, {'tax_id': 7711, 'name': 'Chordata'}, {'tax_id': 89593, 'name': 'Craniata'}, {'tax_id': 7742, 'name': 'Vertebrata'}, {'tax_id': 7776, 'name': 'Gnathostomata'}, {'tax_id': 117570, 'name': 'Teleostomi'}, {'tax_id': 117571, 'name': 'Euteleostomi'}, {'tax_id': 8287, 'name': 'Sarcopterygii'}, {'tax_id': 1338369, 'name': 'Dipnotetrapodomorpha'}, {'tax_id': 32523, 'name': 'Tetrapoda'}, {'tax_id': 32524, 'name': 'Amniota'}, {'tax_id': 40674, 'name': 'Mammalia'}, {'tax_id': 32525, 'name': 'Theria'}, {'tax_id': 9347, 'name': 'Eutheria'}, {'tax_id': 1437010, 'name': 'Boreoeutheria'}, {'tax_id': 314146, 'name': 'Euarchontoglires'}, {'tax_id': 9443, 'name': 'Primates'}, {'tax_id': 376913, 'name': 'Haplorrhini'}, {'tax_id': 314293, 'name': 'Simiiformes'}, {'tax_id': 9526, 'name': 'Catarrhini'}, {'tax_id': 314295, 'name': 'Hominoidea'}, {'tax_id': 9604, 'name': 'Hominidae'}, {'tax_id': 207598, 'name': 'Homininae'}, {'tax_id': 9605, 'name': 'Homo'}, {'tax_id': 9606, 'name': 'Homo sapiens'}]",False,,,,True,[],[],,2,,,,,,,,,,,,,,
PV685560.1,,GenBank,,,,2025-06-10,,[],11237,complete,"Chikungunya virus strain S25b44, complete genome",,False,Africa,Reunion,Homo sapiens,"[{'tax_id': 131567, 'name': 'cellular organisms'}, {'tax_id': 2759, 'name': 'Eukaryota'}, {'tax_id': 33154, 'name': 'Opisthokonta'}, {'tax_id': 33208, 'name': 'Metazoa'}, {'tax_id': 6072, 'name': 'Eumetazoa'}, {'tax_id': 33213, 'name': 'Bilateria'}, {'tax_id': 33511, 'name': 'Deuterostomia'}, {'tax_id': 7711, 'name': 'Chordata'}, {'tax_id': 89593, 'name': 'Craniata'}, {'tax_id': 7742, 'name': 'Vertebrata'}, {'tax_id': 7776, 'name': 'Gnathostomata'}, {'tax_id': 117570, 'name': 'Teleostomi'}, {'tax_id': 117571, 'name': 'Euteleostomi'}, {'tax_id': 8287, 'name': 'Sarcopterygii'}, {'tax_id': 1338369, 'name': 'Dipnotetrapodomorpha'}, {'tax_id': 32523, 'name': 'Tetrapoda'}, {'tax_id': 32524, 'name': 'Amniota'}, {'tax_id': 40674, 'name': 'Mammalia'}, {'tax_id': 32525, 'name': 'Theria'}, {'tax_id': 9347, 'name': 'Eutheria'}, {'tax_id': 1437010, 'name': 'Boreoeutheria'}, {'tax_id': 314146, 'name': 'Euarchontoglires'}, {'tax_id': 9443, 'name': 'Primates'}, {'tax_id': 376913, 'name': 'Haplorrhini'}, {'tax_id': 314293, 'name': 'Simiiformes'}, {'tax_id': 9526, 'name': 'Catarrhini'}, {'tax_id': 314295, 'name': 'Hominoidea'}, {'tax_id': 9604, 'name': 'Hominidae'}, {'tax_id': 207598, 'name': 'Homininae'}, {'tax_id': 9605, 'name': 'Homo'}, {'tax_id': 9606, 'name': 'Homo sapiens'}]",False,,,,True,[],[],,2,,,,,,,,,,,,,,
PV685559.1,,GenBank,,,,2025-06-10,,[],11237,complete,"Chikungunya virus strain S20b56, complete genome",,False,Africa,Reunion,Homo sapiens,"[{'tax_id': 131567, 'name': 'cellular organisms'}, {'tax_id': 2759, 'name': 'Eukaryota'}, {'tax_id': 33154, 'name': 'Opisthokonta'}, {'tax_id': 33208, 'name': 'Metazoa'}, {'tax_id': 6072, 'name': 'Eumetazoa'}, {'tax_id': 33213, 'name': 'Bilateria'}, {'tax_id': 33511, 'name': 'Deuterostomia'}, {'tax_id': 7711, 'name': 'Chordata'}, {'tax_id': 89593, 'name': 'Craniata'}, {'tax_id': 7742, 'name': 'Vertebrata'}, {'tax_id': 7776, 'name': 'Gnathostomata'}, {'tax_id': 117570, 'name': 'Teleostomi'}, {'tax_id': 117571, 'name': 'Euteleostomi'}, {'tax_id': 8287, 'name': 'Sarcopterygii'}, {'tax_id': 1338369, 'name': 'Dipnotetrapodomorpha'}, {'tax_id': 32523, 'name': 'Tetrapoda'}, {'tax_id': 32524, 'name': 'Amniota'}, {'tax_id': 40674, 'name': 'Mammalia'}, {'tax_id': 32525, 'name': 'Theria'}, {'tax_id': 9347, 'name': 'Eutheria'}, {'tax_id': 1437010, 'name': 'Boreoeutheria'}, {'tax_id': 314146, 'name': 'Euarchontoglires'}, {'tax_id': 9443, 'name': 'Primates'}, {'tax_id': 376913, 'name': 'Haplorrhini'}, {'tax_id': 314293, 'name': 'Simiiformes'}, {'tax_id': 9526, 'name': 'Catarrhini'}, {'tax_id': 314295, 'name': 'Hominoidea'}, {'tax_id': 9604, 'name': 'Hominidae'}, {'tax_id': 207598, 'name': 'Homininae'}, {'tax_id': 9605, 'name': 'Homo'}, {'tax_id': 9606, 'name': 'Homo sapiens'}]",False,,,,True,[],[],,2,,,,,,,,,,,,,,
PV685558.1,,GenBank,,,,2025-06-10,,[],11237,complete,"Chikungunya virus strain S18b10, complete genome",,False,Africa,Reunion,Homo sapiens,"[{'tax_id': 131567, 'name': 'cellular organisms'}, {'tax_id': 2759, 'name': 'Eukaryota'}, {'tax_id': 33154, 'name': 'Opisthokonta'}, {'tax_id': 33208, 'name': 'Metazoa'}, {'tax_id': 6072, 'name': 'Eumetazoa'}, {'tax_id': 33213, 'name': 'Bilateria'}, {'tax_id': 33511, 'name': 'Deuterostomia'}, {'tax_id': 7711, 'name': 'Chordata'}, {'tax_id': 89593, 'name': 'Craniata'}, {'tax_id': 7742, 'name': 'Vertebrata'}, {'tax_id': 7776, 'name': 'Gnathostomata'}, {'tax_id': 117570, 'name': 'Teleostomi'}, {'tax_id': 117571, 'name': 'Euteleostomi'}, {'tax_id': 8287, 'name': 'Sarcopterygii'}, {'tax_id': 1338369, 'name': 'Dipnotetrapodomorpha'}, {'tax_id': 32523, 'name': 'Tetrapoda'}, {'tax_id': 32524, 'name': 'Amniota'}, {'tax_id': 40674, 'name': 'Mammalia'}, {'tax_id': 32525, 'name': 'Theria'}, {'tax_id': 9347, 'name': 'Eutheria'}, {'tax_id': 1437010, 'name': 'Boreoeutheria'}, {'tax_id': 314146, 'name': 'Euarchontoglires'}, {'tax_id': 9443, 'name': 'Primates'}, {'tax_id': 376913, 'name': 'Haplorrhini'}, {'tax_id': 314293, 'name': 'Simiiformes'}, {'tax_id': 9526, 'name': 'Catarrhini'}, {'tax_id': 314295, 'name': 'Hominoidea'}, {'tax_id': 9604, 'name': 'Hominidae'}, {'tax_id': 207598, 'name': 'Homininae'}, {'tax_id': 9605, 'name': 'Homo'}, {'tax_id': 9606, 'name': 'Homo sapiens'}]",False,,,,True,[],[],,2,,,,,,,,,,,,,,
PV685557.1,,GenBank,,,,2025-06-10,,[],11237,complete,"Chikungunya virus strain S15b28, complete genome",,False,Africa,Reunion,Homo sapiens,"[{'tax_id': 131567, 'name': 'cellular organisms'}, {'tax_id': 2759, 'name': 'Eukaryota'}, {'tax_id': 33154, 'name': 'Opisthokonta'}, {'tax_id': 33208, 'name': 'Metazoa'}, {'tax_id': 6072, 'name': 'Eumetazoa'}, {'tax_id': 33213, 'name': 'Bilateria'}, {'tax_id': 33511, 'name': 'Deuterostomia'}, {'tax_id': 7711, 'name': 'Chordata'}, {'tax_id': 89593, 'name': 'Craniata'}, {'tax_id': 7742, 'name': 'Vertebrata'}, {'tax_id': 7776, 'name': 'Gnathostomata'}, {'tax_id': 117570, 'name': 'Teleostomi'}, {'tax_id': 117571, 'name': 'Euteleostomi'}, {'tax_id': 8287, 'name': 'Sarcopterygii'}, {'tax_id': 1338369, 'name': 'Dipnotetrapodomorpha'}, {'tax_id': 32523, 'name': 'Tetrapoda'}, {'tax_id': 32524, 'name': 'Amniota'}, {'tax_id': 40674, 'name': 'Mammalia'}, {'tax_id': 32525, 'name': 'Theria'}, {'tax_id': 9347, 'name': 'Eutheria'}, {'tax_id': 1437010, 'name': 'Boreoeutheria'}, {'tax_id': 314146, 'name': 'Euarchontoglires'}, {'tax_id': 9443, 'name': 'Primates'}, {'tax_id': 376913, 'name': 'Haplorrhini'}, {'tax_id': 314293, 'name': 'Simiiformes'}, {'tax_id': 9526, 'name': 'Catarrhini'}, {'tax_id': 314295, 'name': 'Hominoidea'}, {'tax_id': 9604, 'name': 'Hominidae'}, {'tax_id': 207598, 'name': 'Homininae'}, {'tax_id': 9605, 'name': 'Homo'}, {'tax_id': 9606, 'name': 'Homo sapiens'}]",False,,,,True,[],[],,2,,,,,,,,,,,,,,
PV685556.1,,GenBank,,,,2025-06-10,,[],11237,complete,"Chikungunya virus strain S15b22, complete genome",,False,Africa,Reunion,Homo sapiens,"[{'tax_id': 131567, 'name': 'cellular organisms'}, {'tax_id': 2759, 'name': 'Eukaryota'}, {'tax_id': 33154, 'name': 'Opisthokonta'}, {'tax_id': 33208, 'name': 'Metazoa'}, {'tax_id': 6072, 'name': 'Eumetazoa'}, {'tax_id': 33213, 'name': 'Bilateria'}, {'tax_id': 33511, 'name': 'Deuterostomia'}, {'tax_id': 7711, 'name': 'Chordata'}, {'tax_id': 89593, 'name': 'Craniata'}, {'tax_id': 7742, 'name': 'Vertebrata'}, {'tax_id': 7776, 'name': 'Gnathostomata'}, {'tax_id': 117570, 'name': 'Teleostomi'}, {'tax_id': 117571, 'name': 'Euteleostomi'}, {'tax_id': 8287, 'name': 'Sarcopterygii'}, {'tax_id': 1338369, 'name': 'Dipnotetrapodomorpha'}, {'tax_id': 32523, 'name': 'Tetrapoda'}, {'tax_id': 32524, 'name': 'Amniota'}, {'tax_id': 40674, 'name': 'Mammalia'}, {'tax_id': 32525, 'name': 'Theria'}, {'tax_id': 9347, 'name': 'Eutheria'}, {'tax_id': 1437010, 'name': 'Boreoeutheria'}, {'tax_id': 314146, 'name': 'Euarchontoglires'}, {'tax_id': 9443, 'name': 'Primates'}, {'tax_id': 376913, 'name': 'Haplorrhini'}, {'tax_id': 314293, 'name': 'Simiiformes'}, {'tax_id': 9526, 'name': 'Catarrhini'}, {'tax_id': 314295, 'name': 'Hominoidea'}, {'tax_id': 9604, 'name': 'Hominidae'}, {'tax_id': 207598, 'name': 'Homininae'}, {'tax_id': 9605, 'name': 'Homo'}, {'tax_id': 9606, 'name': 'Homo sapiens'}]",False,,,,True,[],[],,2,,,,,,,,,,,,,,
PV685555.1,,GenBank,,,,2025-06-10,,[],11237,complete,"Chikungunya virus strain S12b64, complete genome",,False,Africa,Reunion,Homo sapiens,"[{'tax_id': 131567, 'name': 'cellular organisms'}, {'tax_id': 2759, 'name': 'Eukaryota'}, {'tax_id': 33154, 'name': 'Opisthokonta'}, {'tax_id': 33208, 'name': 'Metazoa'}, {'tax_id': 6072, 'name': 'Eumetazoa'}, {'tax_id': 33213, 'name': 'Bilateria'}, {'tax_id': 33511, 'name': 'Deuterostomia'}, {'tax_id': 7711, 'name': 'Chordata'}, {'tax_id': 89593, 'name': 'Craniata'}, {'tax_id': 7742, 'name': 'Vertebrata'}, {'tax_id': 7776, 'name': 'Gnathostomata'}, {'tax_id': 117570, 'name': 'Teleostomi'}, {'tax_id': 117571, 'name': 'Euteleostomi'}, {'tax_id': 8287, 'name': 'Sarcopterygii'}, {'tax_id': 1338369, 'name': 'Dipnotetrapodomorpha'}, {'tax_id': 32523, 'name': 'Tetrapoda'}, {'tax_id': 32524, 'name': 'Amniota'}, {'tax_id': 40674, 'name': 'Mammalia'}, {'tax_id': 32525, 'name': 'Theria'}, {'tax_id': 9347, 'name': 'Eutheria'}, {'tax_id': 1437010, 'name': 'Boreoeutheria'}, {'tax_id': 314146, 'name': 'Euarchontoglires'}, {'tax_id': 9443, 'name': 'Primates'}, {'tax_id': 376913, 'name': 'Haplorrhini'}, {'tax_id': 314293, 'name': 'Simiiformes'}, {'tax_id': 9526, 'name': 'Catarrhini'}, {'tax_id': 314295, 'name': 'Hominoidea'}, {'tax_id': 9604, 'name': 'Hominidae'}, {'tax_id': 207598, 'name': 'Homininae'}, {'tax_id': 9605, 'name': 'Homo'}, {'tax_id': 9606, 'name': 'Homo sapiens'}]",False,,,,True,[],[],,2,,,,,,,,,,,,,,
PV685554.1,,GenBank,,,,2025-06-10,,[],11237,complete,"Chikungunya virus strain S12b54, complete genome",,False,Africa,Reunion,Homo sapiens,"[{'tax_id': 131567, 'name': 'cellular organisms'}, {'tax_id': 2759, 'name': 'Eukaryota'}, {'tax_id': 33154, 'name': 'Opisthokonta'}, {'tax_id': 33208, 'name': 'Metazoa'}, {'tax_id': 6072, 'name': 'Eumetazoa'}, {'tax_id': 33213, 'name': 'Bilateria'}, {'tax_id': 33511, 'name': 'Deuterostomia'}, {'tax_id': 7711, 'name': 'Chordata'}, {'tax_id': 89593, 'name': 'Craniata'}, {'tax_id': 7742, 'name': 'Vertebrata'}, {'tax_id': 7776, 'name': 'Gnathostomata'}, {'tax_id': 117570, 'name': 'Teleostomi'}, {'tax_id': 117571, 'name': 'Euteleostomi'}, {'tax_id': 8287, 'name': 'Sarcopterygii'}, {'tax_id': 1338369, 'name': 'Dipnotetrapodomorpha'}, {'tax_id': 32523, 'name': 'Tetrapoda'}, {'tax_id': 32524, 'name': 'Amniota'}, {'tax_id': 40674, 'name': 'Mammalia'}, {'tax_id': 32525, 'name': 'Theria'}, {'tax_id': 9347, 'name': 'Eutheria'}, {'tax_id': 1437010, 'name': 'Boreoeutheria'}, {'tax_id': 314146, 'name': 'Euarchontoglires'}, {'tax_id': 9443, 'name': 'Primates'}, {'tax_id': 376913, 'name': 'Haplorrhini'}, {'tax_id': 314293, 'name': 'Simiiformes'}, {'tax_id': 9526, 'name': 'Catarrhini'}, {'tax_id': 314295, 'name': 'Hominoidea'}, {'tax_id': 9604, 'name': 'Hominidae'}, {'tax_id': 207598, 'name': 'Homininae'}, {'tax_id': 9605, 'name': 'Homo'}, {'tax_id': 9606, 'name': 'Homo sapiens'}]",False,,,,True,[],[],,2,,,,,,,,,,,,,,
PV685553.1,,GenBank,,,,2025-06-10,,[],11237,complete,"Chikungunya virus strain S12b53, complete genome",,False,Africa,Reunion,Homo sapiens,"[{'tax_id': 131567, 'name': 'cellular organisms'}, {'tax_id': 2759, 'name': 'Eukaryota'}, {'tax_id': 33154, 'name': 'Opisthokonta'}, {'tax_id': 33208, 'name': 'Metazoa'}, {'tax_id': 6072, 'name': 'Eumetazoa'}, {'tax_id': 33213, 'name': 'Bilateria'}, {'tax_id': 33511, 'name': 'Deuterostomia'}, {'tax_id': 7711, 'name': 'Chordata'}, {'tax_id': 89593, 'name': 'Craniata'}, {'tax_id': 7742, 'name': 'Vertebrata'}, {'tax_id': 7776, 'name': 'Gnathostomata'}, {'tax_id': 117570, 'name': 'Teleostomi'}, {'tax_id': 117571, 'name': 'Euteleostomi'}, {'tax_id': 8287, 'name': 'Sarcopterygii'}, {'tax_id': 1338369, 'name': 'Dipnotetrapodomorpha'}, {'tax_id': 32523, 'name': 'Tetrapoda'}, {'tax_id': 32524, 'name': 'Amniota'}, {'tax_id': 40674, 'name': 'Mammalia'}, {'tax_id': 32525, 'name': 'Theria'}, {'tax_id': 9347, 'name': 'Eutheria'}, {'tax_id': 1437010, 'name': 'Boreoeutheria'}, {'tax_id': 314146, 'name': 'Euarchontoglires'}, {'tax_id': 9443, 'name': 'Primates'}, {'tax_id': 376913, 'name': 'Haplorrhini'}, {'tax_id': 314293, 'name': 'Simiiformes'}, {'tax_id': 9526, 'name': 'Catarrhini'}, {'tax_id': 314295, 'name': 'Hominoidea'}, {'tax_id': 9604, 'name': 'Hominidae'}, {'tax_id': 207598, 'name': 'Homininae'}, {'tax_id': 9605, 'name': 'Homo'}, {'tax_id': 9606, 'name': 'Homo sapiens'}]",False,,,,True,[],[],,2,,,,,,,,,,,,,,
PV685552.1,,GenBank,,,,2025-06-10,,[],11237,complete,"Chikungunya virus strain S12b21, complete genome",,False,Africa,Reunion,Homo sapiens,"[{'tax_id': 131567, 'name': 'cellular organisms'}, {'tax_id': 2759, 'name': 'Eukaryota'}, {'tax_id': 33154, 'name': 'Opisthokonta'}, {'tax_id': 33208, 'name': 'Metazoa'}, {'tax_id': 6072, 'name': 'Eumetazoa'}, {'tax_id': 33213, 'name': 'Bilateria'}, {'tax_id': 33511, 'name': 'Deuterostomia'}, {'tax_id': 7711, 'name': 'Chordata'}, {'tax_id': 89593, 'name': 'Craniata'}, {'tax_id': 7742, 'name': 'Vertebrata'}, {'tax_id': 7776, 'name': 'Gnathostomata'}, {'tax_id': 117570, 'name': 'Teleostomi'}, {'tax_id': 117571, 'name': 'Euteleostomi'}, {'tax_id': 8287, 'name': 'Sarcopterygii'}, {'tax_id': 1338369, 'name': 'Dipnotetrapodomorpha'}, {'tax_id': 32523, 'name': 'Tetrapoda'}, {'tax_id': 32524, 'name': 'Amniota'}, {'tax_id': 40674, 'name': 'Mammalia'}, {'tax_id': 32525, 'name': 'Theria'}, {'tax_id': 9347, 'name': 'Eutheria'}, {'tax_id': 1437010, 'name': 'Boreoeutheria'}, {'tax_id': 314146, 'name': 'Euarchontoglires'}, {'tax_id': 9443, 'name': 'Primates'}, {'tax_id': 376913, 'name': 'Haplorrhini'}, {'tax_id': 314293, 'name': 'Simiiformes'}, {'tax_id': 9526, 'name': 'Catarrhini'}, {'tax_id': 314295, 'name': 'Hominoidea'}, {'tax_id': 9604, 'name': 'Hominidae'}, {'tax_id': 207598, 'name': 'Homininae'}, {'tax_id': 9605, 'name': 'Homo'}, {'tax_id': 9606, 'name': 'Homo sapiens'}]",False,,,,True,[],[],,2,,,,,,,,,,,,,,
PV685551.1,,GenBank,,,,2025-06-10,,[],11237,complete,"Chikungunya virus strain S10b70, complete genome",,False,Africa,Reunion,Homo sapiens,"[{'tax_id': 131567, 'name': 'cellular organisms'}, {'tax_id': 2759, 'name': 'Eukaryota'}, {'tax_id': 33154, 'name': 'Opisthokonta'}, {'tax_id': 33208, 'name': 'Metazoa'}, {'tax_id': 6072, 'name': 'Eumetazoa'}, {'tax_id': 33213, 'name': 'Bilateria'}, {'tax_id': 33511, 'name': 'Deuterostomia'}, {'tax_id': 7711, 'name': 'Chordata'}, {'tax_id': 89593, 'name': 'Craniata'}, {'tax_id': 7742, 'name': 'Vertebrata'}, {'tax_id': 7776, 'name': 'Gnathostomata'}, {'tax_id': 117570, 'name': 'Teleostomi'}, {'tax_id': 117571, 'name': 'Euteleostomi'}, {'tax_id': 8287, 'name': 'Sarcopterygii'}, {'tax_id': 1338369, 'name': 'Dipnotetrapodomorpha'}, {'tax_id': 32523, 'name': 'Tetrapoda'}, {'tax_id': 32524, 'name': 'Amniota'}, {'tax_id': 40674, 'name': 'Mammalia'}, {'tax_id': 32525, 'name': 'Theria'}, {'tax_id': 9347, 'name': 'Eutheria'}, {'tax_id': 1437010, 'name': 'Boreoeutheria'}, {'tax_id': 314146, 'name': 'Euarchontoglires'}, {'tax_id': 9443, 'name': 'Primates'}, {'tax_id': 376913, 'name': 'Haplorrhini'}, {'tax_id': 314293, 'name': 'Simiiformes'}, {'tax_id': 9526, 'name': 'Catarrhini'}, {'tax_id': 314295, 'name': 'Hominoidea'}, {'tax_id': 9604, 'name': 'Hominidae'}, {'tax_id': 207598, 'name': 'Homininae'}, {'tax_id': 9605, 'name': 'Homo'}, {'tax_id': 9606, 'name': 'Homo sapiens'}]",False,,,,True,[],[],,2,,,,,,,,,,,,,,
PV685550.1,,GenBank,,,,2025-06-10,,[],11237,complete,"Chikungunya virus strain S10b05, complete genome",,False,Africa,Reunion,Homo sapiens,"[{'tax_id': 131567, 'name': 'cellular organisms'}, {'tax_id': 2759, 'name': 'Eukaryota'}, {'tax_id': 33154, 'name': 'Opisthokonta'}, {'tax_id': 33208, 'name': 'Metazoa'}, {'tax_id': 6072, 'name': 'Eumetazoa'}, {'tax_id': 33213, 'name': 'Bilateria'}, {'tax_id': 33511, 'name': 'Deuterostomia'}, {'tax_id': 7711, 'name': 'Chordata'}, {'tax_id': 89593, 'name': 'Craniata'}, {'tax_id': 7742, 'name': 'Vertebrata'}, {'tax_id': 7776, 'name': 'Gnathostomata'}, {'tax_id': 117570, 'name': 'Teleostomi'}, {'tax_id': 117571, 'name': 'Euteleostomi'}, {'tax_id': 8287, 'name': 'Sarcopterygii'}, {'tax_id': 1338369, 'name': 'Dipnotetrapodomorpha'}, {'tax_id': 32523, 'name': 'Tetrapoda'}, {'tax_id': 32524, 'name': 'Amniota'}, {'tax_id': 40674, 'name': 'Mammalia'}, {'tax_id': 32525, 'name': 'Theria'}, {'tax_id': 9347, 'name': 'Eutheria'}, {'tax_id': 1437010, 'name': 'Boreoeutheria'}, {'tax_id': 314146, 'name': 'Euarchontoglires'}, {'tax_id': 9443, 'name': 'Primates'}, {'tax_id': 376913, 'name': 'Haplorrhini'}, {'tax_id': 314293, 'name': 'Simiiformes'}, {'tax_id': 9526, 'name': 'Catarrhini'}, {'tax_id': 314295, 'name': 'Hominoidea'}, {'tax_id': 9604, 'name': 'Hominidae'}, {'tax_id': 207598, 'name': 'Homininae'}, {'tax_id': 9605, 'name': 'Homo'}, {'tax_id': 9606, 'name': 'Homo sapiens'}]",False,,,,True,[],[],,2,,,,,,,,,,,,,,
PV685549.1,,GenBank,,,,2025-06-10,,[],11237,complete,"Chikungunya virus strain S9b84, complete genome",,False,Africa,Reunion,Homo sapiens,"[{'tax_id': 131567, 'name': 'cellular organisms'}, {'tax_id': 2759, 'name': 'Eukaryota'}, {'tax_id': 33154, 'name': 'Opisthokonta'}, {'tax_id': 33208, 'name': 'Metazoa'}, {'tax_id': 6072, 'name': 'Eumetazoa'}, {'tax_id': 33213, 'name': 'Bilateria'}, {'tax_id': 33511, 'name': 'Deuterostomia'}, {'tax_id': 7711, 'name': 'Chordata'}, {'tax_id': 89593, 'name': 'Craniata'}, {'tax_id': 7742, 'name': 'Vertebrata'}, {'tax_id': 7776, 'name': 'Gnathostomata'}, {'tax_id': 117570, 'name': 'Teleostomi'}, {'tax_id': 117571, 'name': 'Euteleostomi'}, {'tax_id': 8287, 'name': 'Sarcopterygii'}, {'tax_id': 1338369, 'name': 'Dipnotetrapodomorpha'}, {'tax_id': 32523, 'name': 'Tetrapoda'}, {'tax_id': 32524, 'name': 'Amniota'}, {'tax_id': 40674, 'name': 'Mammalia'}, {'tax_id': 32525, 'name': 'Theria'}, {'tax_id': 9347, 'name': 'Eutheria'}, {'tax_id': 1437010, 'name': 'Boreoeutheria'}, {'tax_id': 314146, 'name': 'Euarchontoglires'}, {'tax_id': 9443, 'name': 'Primates'}, {'tax_id': 376913, 'name': 'Haplorrhini'}, {'tax_id': 314293, 'name': 'Simiiformes'}, {'tax_id': 9526, 'name': 'Catarrhini'}, {'tax_id': 314295, 'name': 'Hominoidea'}, {'tax_id': 9604, 'name': 'Hominidae'}, {'tax_id': 207598, 'name': 'Homininae'}, {'tax_id': 9605, 'name': 'Homo'}, {'tax_id': 9606, 'name': 'Homo sapiens'}]",False,,,,True,[],[],,2,,,,,,,,,,,,,,
PV685548.1,,GenBank,,,,2025-06-10,,[],11237,complete,"Chikungunya virus strain S9b65, complete genome",,False,Africa,Reunion,Homo sapiens,"[{'tax_id': 131567, 'name': 'cellular organisms'}, {'tax_id': 2759, 'name': 'Eukaryota'}, {'tax_id': 33154, 'name': 'Opisthokonta'}, {'tax_id': 33208, 'name': 'Metazoa'}, {'tax_id': 6072, 'name': 'Eumetazoa'}, {'tax_id': 33213, 'name': 'Bilateria'}, {'tax_id': 33511, 'name': 'Deuterostomia'}, {'tax_id': 7711, 'name': 'Chordata'}, {'tax_id': 89593, 'name': 'Craniata'}, {'tax_id': 7742, 'name': 'Vertebrata'}, {'tax_id': 7776, 'name': 'Gnathostomata'}, {'tax_id': 117570, 'name': 'Teleostomi'}, {'tax_id': 117571, 'name': 'Euteleostomi'}, {'tax_id': 8287, 'name': 'Sarcopterygii'}, {'tax_id': 1338369, 'name': 'Dipnotetrapodomorpha'}, {'tax_id': 32523, 'name': 'Tetrapoda'}, {'tax_id': 32524, 'name': 'Amniota'}, {'tax_id': 40674, 'name': 'Mammalia'}, {'tax_id': 32525, 'name': 'Theria'}, {'tax_id': 9347, 'name': 'Eutheria'}, {'tax_id': 1437010, 'name': 'Boreoeutheria'}, {'tax_id': 314146, 'name': 'Euarchontoglires'}, {'tax_id': 9443, 'name': 'Primates'}, {'tax_id': 376913, 'name': 'Haplorrhini'}, {'tax_id': 314293, 'name': 'Simiiformes'}, {'tax_id': 9526, 'name': 'Catarrhini'}, {'tax_id': 314295, 'name': 'Hominoidea'}, {'tax_id': 9604, 'name': 'Hominidae'}, {'tax_id': 207598, 'name': 'Homininae'}, {'tax_id': 9605, 'name': 'Homo'}, {'tax_id': 9606, 'name': 'Homo sapiens'}]",False,,,,True,[],[],,2,,,,,,,,,,,,,,
PV685547.1,,GenBank,,,,2025-06-10,,[],11237,complete,"Chikungunya virus strain S9b52, complete genome",,False,Africa,Reunion,Homo sapiens,"[{'tax_id': 131567, 'name': 'cellular organisms'}, {'tax_id': 2759, 'name': 'Eukaryota'}, {'tax_id': 33154, 'name': 'Opisthokonta'}, {'tax_id': 33208, 'name': 'Metazoa'}, {'tax_id': 6072, 'name': 'Eumetazoa'}, {'tax_id': 33213, 'name': 'Bilateria'}, {'tax_id': 33511, 'name': 'Deuterostomia'}, {'tax_id': 7711, 'name': 'Chordata'}, {'tax_id': 89593, 'name': 'Craniata'}, {'tax_id': 7742, 'name': 'Vertebrata'}, {'tax_id': 7776, 'name': 'Gnathostomata'}, {'tax_id': 117570, 'name': 'Teleostomi'}, {'tax_id': 117571, 'name': 'Euteleostomi'}, {'tax_id': 8287, 'name': 'Sarcopterygii'}, {'tax_id': 1338369, 'name': 'Dipnotetrapodomorpha'}, {'tax_id': 32523, 'name': 'Tetrapoda'}, {'tax_id': 32524, 'name': 'Amniota'}, {'tax_id': 40674, 'name': 'Mammalia'}, {'tax_id': 32525, 'name': 'Theria'}, {'tax_id': 9347, 'name': 'Eutheria'}, {'tax_id': 1437010, 'name': 'Boreoeutheria'}, {'tax_id': 314146, 'name': 'Euarchontoglires'}, {'tax_id': 9443, 'name': 'Primates'}, {'tax_id': 376913, 'name': 'Haplorrhini'}, {'tax_id': 314293, 'name': 'Simiiformes'}, {'tax_id': 9526, 'name': 'Catarrhini'}, {'tax_id': 314295, 'name': 'Hominoidea'}, {'tax_id': 9604, 'name': 'Hominidae'}, {'tax_id': 207598, 'name': 'Homininae'}, {'tax_id': 9605, 'name': 'Homo'}, {'tax_id': 9606, 'name': 'Homo sapiens'}]",False,,,,True,[],[],,2,,,,,,,,,,,,,,
PV685546.1,,GenBank,,,,2025-06-10,,[],11237,complete,"Chikungunya virus strain S9b06, complete genome",,False,Africa,Reunion,Homo sapiens,"[{'tax_id': 131567, 'name': 'cellular organisms'}, {'tax_id': 2759, 'name': 'Eukaryota'}, {'tax_id': 33154, 'name': 'Opisthokonta'}, {'tax_id': 33208, 'name': 'Metazoa'}, {'tax_id': 6072, 'name': 'Eumetazoa'}, {'tax_id': 33213, 'name': 'Bilateria'}, {'tax_id': 33511, 'name': 'Deuterostomia'}, {'tax_id': 7711, 'name': 'Chordata'}, {'tax_id': 89593, 'name': 'Craniata'}, {'tax_id': 7742, 'name': 'Vertebrata'}, {'tax_id': 7776, 'name': 'Gnathostomata'}, {'tax_id': 117570, 'name': 'Teleostomi'}, {'tax_id': 117571, 'name': 'Euteleostomi'}, {'tax_id': 8287, 'name': 'Sarcopterygii'}, {'tax_id': 1338369, 'name': 'Dipnotetrapodomorpha'}, {'tax_id': 32523, 'name': 'Tetrapoda'}, {'tax_id': 32524, 'name': 'Amniota'}, {'tax_id': 40674, 'name': 'Mammalia'}, {'tax_id': 32525, 'name': 'Theria'}, {'tax_id': 9347, 'name': 'Eutheria'}, {'tax_id': 1437010, 'name': 'Boreoeutheria'}, {'tax_id': 314146, 'name': 'Euarchontoglires'}, {'tax_id': 9443, 'name': 'Primates'}, {'tax_id': 376913, 'name': 'Haplorrhini'}, {'tax_id': 314293, 'name': 'Simiiformes'}, {'tax_id': 9526, 'name': 'Catarrhini'}, {'tax_id': 314295, 'name': 'Hominoidea'}, {'tax_id': 9604, 'name': 'Hominidae'}, {'tax_id': 207598, 'name': 'Homininae'}, {'tax_id': 9605, 'name': 'Homo'}, {'tax_id': 9606, 'name': 'Homo sapiens'}]",False,,,,True,[],[],,2,,,,,,,,,,,,,,
PV685545.1,,GenBank,,,,2025-06-10,,[],11237,complete,"Chikungunya virus strain S8b92, complete genome",,False,Africa,Reunion,Homo sapiens,"[{'tax_id': 131567, 'name': 'cellular organisms'}, {'tax_id': 2759, 'name': 'Eukaryota'}, {'tax_id': 33154, 'name': 'Opisthokonta'}, {'tax_id': 33208, 'name': 'Metazoa'}, {'tax_id': 6072, 'name': 'Eumetazoa'}, {'tax_id': 33213, 'name': 'Bilateria'}, {'tax_id': 33511, 'name': 'Deuterostomia'}, {'tax_id': 7711, 'name': 'Chordata'}, {'tax_id': 89593, 'name': 'Craniata'}, {'tax_id': 7742, 'name': 'Vertebrata'}, {'tax_id': 7776, 'name': 'Gnathostomata'}, {'tax_id': 117570, 'name': 'Teleostomi'}, {'tax_id': 117571, 'name': 'Euteleostomi'}, {'tax_id': 8287, 'name': 'Sarcopterygii'}, {'tax_id': 1338369, 'name': 'Dipnotetrapodomorpha'}, {'tax_id': 32523, 'name': 'Tetrapoda'}, {'tax_id': 32524, 'name': 'Amniota'}, {'tax_id': 40674, 'name': 'Mammalia'}, {'tax_id': 32525, 'name': 'Theria'}, {'tax_id': 9347, 'name': 'Eutheria'}, {'tax_id': 1437010, 'name': 'Boreoeutheria'}, {'tax_id': 314146, 'name': 'Euarchontoglires'}, {'tax_id': 9443, 'name': 'Primates'}, {'tax_id': 376913, 'name': 'Haplorrhini'}, {'tax_id': 314293, 'name': 'Simiiformes'}, {'tax_id': 9526, 'name': 'Catarrhini'}, {'tax_id': 314295, 'name': 'Hominoidea'}, {'tax_id': 9604, 'name': 'Hominidae'}, {'tax_id': 207598, 'name': 'Homininae'}, {'tax_id': 9605, 'name': 'Homo'}, {'tax_id': 9606, 'name': 'Homo sapiens'}]",False,,,,True,[],[],,2,,,,,,,,,,,,,,
PV685544.1,,GenBank,,,,2025-06-10,,[],11237,complete,"Chikungunya virus strain S8b91, complete genome",,False,Africa,Reunion,Homo sapiens,"[{'tax_id': 131567, 'name': 'cellular organisms'}, {'tax_id': 2759, 'name': 'Eukaryota'}, {'tax_id': 33154, 'name': 'Opisthokonta'}, {'tax_id': 33208, 'name': 'Metazoa'}, {'tax_id': 6072, 'name': 'Eumetazoa'}, {'tax_id': 33213, 'name': 'Bilateria'}, {'tax_id': 33511, 'name': 'Deuterostomia'}, {'tax_id': 7711, 'name': 'Chordata'}, {'tax_id': 89593, 'name': 'Craniata'}, {'tax_id': 7742, 'name': 'Vertebrata'}, {'tax_id': 7776, 'name': 'Gnathostomata'}, {'tax_id': 117570, 'name': 'Teleostomi'}, {'tax_id': 117571, 'name': 'Euteleostomi'}, {'tax_id': 8287, 'name': 'Sarcopterygii'}, {'tax_id': 1338369, 'name': 'Dipnotetrapodomorpha'}, {'tax_id': 32523, 'name': 'Tetrapoda'}, {'tax_id': 32524, 'name': 'Amniota'}, {'tax_id': 40674, 'name': 'Mammalia'}, {'tax_id': 32525, 'name': 'Theria'}, {'tax_id': 9347, 'name': 'Eutheria'}, {'tax_id': 1437010, 'name': 'Boreoeutheria'}, {'tax_id': 314146, 'name': 'Euarchontoglires'}, {'tax_id': 9443, 'name': 'Primates'}, {'tax_id': 376913, 'name': 'Haplorrhini'}, {'tax_id': 314293, 'name': 'Simiiformes'}, {'tax_id': 9526, 'name': 'Catarrhini'}, {'tax_id': 314295, 'name': 'Hominoidea'}, {'tax_id': 9604, 'name': 'Hominidae'}, {'tax_id': 207598, 'name': 'Homininae'}, {'tax_id': 9605, 'name': 'Homo'}, {'tax_id': 9606, 'name': 'Homo sapiens'}]",False,,,,True,[],[],,2,,,,,,,,,,,,,,
PV685543.1,,GenBank,,,,2025-06-10,,[],11237,complete,"Chikungunya virus strain S8b84, complete genome",,False,Africa,Reunion,Homo sapiens,"[{'tax_id': 131567, 'name': 'cellular organisms'}, {'tax_id': 2759, 'name': 'Eukaryota'}, {'tax_id': 33154, 'name': 'Opisthokonta'}, {'tax_id': 33208, 'name': 'Metazoa'}, {'tax_id': 6072, 'name': 'Eumetazoa'}, {'tax_id': 33213, 'name': 'Bilateria'}, {'tax_id': 33511, 'name': 'Deuterostomia'}, {'tax_id': 7711, 'name': 'Chordata'}, {'tax_id': 89593, 'name': 'Craniata'}, {'tax_id': 7742, 'name': 'Vertebrata'}, {'tax_id': 7776, 'name': 'Gnathostomata'}, {'tax_id': 117570, 'name': 'Teleostomi'}, {'tax_id': 117571, 'name': 'Euteleostomi'}, {'tax_id': 8287, 'name': 'Sarcopterygii'}, {'tax_id': 1338369, 'name': 'Dipnotetrapodomorpha'}, {'tax_id': 32523, 'name': 'Tetrapoda'}, {'tax_id': 32524, 'name': 'Amniota'}, {'tax_id': 40674, 'name': 'Mammalia'}, {'tax_id': 32525, 'name': 'Theria'}, {'tax_id': 9347, 'name': 'Eutheria'}, {'tax_id': 1437010, 'name': 'Boreoeutheria'}, {'tax_id': 314146, 'name': 'Euarchontoglires'}, {'tax_id': 9443, 'name': 'Primates'}, {'tax_id': 376913, 'name': 'Haplorrhini'}, {'tax_id': 314293, 'name': 'Simiiformes'}, {'tax_id': 9526, 'name': 'Catarrhini'}, {'tax_id': 314295, 'name': 'Hominoidea'}, {'tax_id': 9604, 'name': 'Hominidae'}, {'tax_id': 207598, 'name': 'Homininae'}, {'tax_id': 9605, 'name': 'Homo'}, {'tax_id': 9606, 'name': 'Homo sapiens'}]",False,,,,True,[],[],,2,,,,,,,,,,,,,,
PV685542.1,,GenBank,,,,2025-06-10,,[],11237,complete,"Chikungunya virus strain S8b57, complete genome",,False,Africa,Reunion,Homo sapiens,"[{'tax_id': 131567, 'name': 'cellular organisms'}, {'tax_id': 2759, 'name': 'Eukaryota'}, {'tax_id': 33154, 'name': 'Opisthokonta'}, {'tax_id': 33208, 'name': 'Metazoa'}, {'tax_id': 6072, 'name': 'Eumetazoa'}, {'tax_id': 33213, 'name': 'Bilateria'}, {'tax_id': 33511, 'name': 'Deuterostomia'}, {'tax_id': 7711, 'name': 'Chordata'}, {'tax_id': 89593, 'name': 'Craniata'}, {'tax_id': 7742, 'name': 'Vertebrata'}, {'tax_id': 7776, 'name': 'Gnathostomata'}, {'tax_id': 117570, 'name': 'Teleostomi'}, {'tax_id': 117571, 'name': 'Euteleostomi'}, {'tax_id': 8287, 'name': 'Sarcopterygii'}, {'tax_id': 1338369, 'name': 'Dipnotetrapodomorpha'}, {'tax_id': 32523, 'name': 'Tetrapoda'}, {'tax_id': 32524, 'name': 'Amniota'}, {'tax_id': 40674, 'name': 'Mammalia'}, {'tax_id': 32525, 'name': 'Theria'}, {'tax_id': 9347, 'name': 'Eutheria'}, {'tax_id': 1437010, 'name': 'Boreoeutheria'}, {'tax_id': 314146, 'name': 'Euarchontoglires'}, {'tax_id': 9443, 'name': 'Primates'}, {'tax_id': 376913, 'name': 'Haplorrhini'}, {'tax_id': 314293, 'name': 'Simiiformes'}, {'tax_id': 9526, 'name': 'Catarrhini'}, {'tax_id': 314295, 'name': 'Hominoidea'}, {'tax_id': 9604, 'name': 'Hominidae'}, {'tax_id': 207598, 'name': 'Homininae'}, {'tax_id': 9605, 'name': 'Homo'}, {'tax_id': 9606, 'name': 'Homo sapiens'}]",False,,,,True,[],[],,2,,,,,,,,,,,,,,
PV685541.1,,GenBank,,,,2025-06-10,,[],11237,complete,"Chikungunya virus strain S8b47, complete genome",,False,Africa,Reunion,Homo sapiens,"[{'tax_id': 131567, 'name': 'cellular organisms'}, {'tax_id': 2759, 'name': 'Eukaryota'}, {'tax_id': 33154, 'name': 'Opisthokonta'}, {'tax_id': 33208, 'name': 'Metazoa'}, {'tax_id': 6072, 'name': 'Eumetazoa'}, {'tax_id': 33213, 'name': 'Bilateria'}, {'tax_id': 33511, 'name': 'Deuterostomia'}, {'tax_id': 7711, 'name': 'Chordata'}, {'tax_id': 89593, 'name': 'Craniata'}, {'tax_id': 7742, 'name': 'Vertebrata'}, {'tax_id': 7776, 'name': 'Gnathostomata'}, {'tax_id': 117570, 'name': 'Teleostomi'}, {'tax_id': 117571, 'name': 'Euteleostomi'}, {'tax_id': 8287, 'name': 'Sarcopterygii'}, {'tax_id': 1338369, 'name': 'Dipnotetrapodomorpha'}, {'tax_id': 32523, 'name': 'Tetrapoda'}, {'tax_id': 32524, 'name': 'Amniota'}, {'tax_id': 40674, 'name': 'Mammalia'}, {'tax_id': 32525, 'name': 'Theria'}, {'tax_id': 9347, 'name': 'Eutheria'}, {'tax_id': 1437010, 'name': 'Boreoeutheria'}, {'tax_id': 314146, 'name': 'Euarchontoglires'}, {'tax_id': 9443, 'name': 'Primates'}, {'tax_id': 376913, 'name': 'Haplorrhini'}, {'tax_id': 314293, 'name': 'Simiiformes'}, {'tax_id': 9526, 'name': 'Catarrhini'}, {'tax_id': 314295, 'name': 'Hominoidea'}, {'tax_id': 9604, 'name': 'Hominidae'}, {'tax_id': 207598, 'name': 'Homininae'}, {'tax_id': 9605, 'name': 'Homo'}, {'tax_id': 9606, 'name': 'Homo sapiens'}]",False,,,,True,[],[],,2,,,,,,,,,,,,,,
PV685540.1,,GenBank,,,,2025-06-10,,[],11237,complete,"Chikungunya virus strain S8b46, complete genome",,False,Africa,Reunion,Homo sapiens,"[{'tax_id': 131567, 'name': 'cellular organisms'}, {'tax_id': 2759, 'name': 'Eukaryota'}, {'tax_id': 33154, 'name': 'Opisthokonta'}, {'tax_id': 33208, 'name': 'Metazoa'}, {'tax_id': 6072, 'name': 'Eumetazoa'}, {'tax_id': 33213, 'name': 'Bilateria'}, {'tax_id': 33511, 'name': 'Deuterostomia'}, {'tax_id': 7711, 'name': 'Chordata'}, {'tax_id': 89593, 'name': 'Craniata'}, {'tax_id': 7742, 'name': 'Vertebrata'}, {'tax_id': 7776, 'name': 'Gnathostomata'}, {'tax_id': 117570, 'name': 'Teleostomi'}, {'tax_id': 117571, 'name': 'Euteleostomi'}, {'tax_id': 8287, 'name': 'Sarcopterygii'}, {'tax_id': 1338369, 'name': 'Dipnotetrapodomorpha'}, {'tax_id': 32523, 'name': 'Tetrapoda'}, {'tax_id': 32524, 'name': 'Amniota'}, {'tax_id': 40674, 'name': 'Mammalia'}, {'tax_id': 32525, 'name': 'Theria'}, {'tax_id': 9347, 'name': 'Eutheria'}, {'tax_id': 1437010, 'name': 'Boreoeutheria'}, {'tax_id': 314146, 'name': 'Euarchontoglires'}, {'tax_id': 9443, 'name': 'Primates'}, {'tax_id': 376913, 'name': 'Haplorrhini'}, {'tax_id': 314293, 'name': 'Simiiformes'}, {'tax_id': 9526, 'name': 'Catarrhini'}, {'tax_id': 314295, 'name': 'Hominoidea'}, {'tax_id': 9604, 'name': 'Hominidae'}, {'tax_id': 207598, 'name': 'Homininae'}, {'tax_id': 9605, 'name': 'Homo'}, {'tax_id': 9606, 'name': 'Homo sapiens'}]",False,,,,True,[],[],,2,,,,,,,,,,,,,,
PV685539.1,,GenBank,,,,2025-06-10,,[],11237,complete,"Chikungunya virus strain S8b43, complete genome",,False,Africa,Reunion,Homo sapiens,"[{'tax_id': 131567, 'name': 'cellular organisms'}, {'tax_id': 2759, 'name': 'Eukaryota'}, {'tax_id': 33154, 'name': 'Opisthokonta'}, {'tax_id': 33208, 'name': 'Metazoa'}, {'tax_id': 6072, 'name': 'Eumetazoa'}, {'tax_id': 33213, 'name': 'Bilateria'}, {'tax_id': 33511, 'name': 'Deuterostomia'}, {'tax_id': 7711, 'name': 'Chordata'}, {'tax_id': 89593, 'name': 'Craniata'}, {'tax_id': 7742, 'name': 'Vertebrata'}, {'tax_id': 7776, 'name': 'Gnathostomata'}, {'tax_id': 117570, 'name': 'Teleostomi'}, {'tax_id': 117571, 'name': 'Euteleostomi'}, {'tax_id': 8287, 'name': 'Sarcopterygii'}, {'tax_id': 1338369, 'name': 'Dipnotetrapodomorpha'}, {'tax_id': 32523, 'name': 'Tetrapoda'}, {'tax_id': 32524, 'name': 'Amniota'}, {'tax_id': 40674, 'name': 'Mammalia'}, {'tax_id': 32525, 'name': 'Theria'}, {'tax_id': 9347, 'name': 'Eutheria'}, {'tax_id': 1437010, 'name': 'Boreoeutheria'}, {'tax_id': 314146, 'name': 'Euarchontoglires'}, {'tax_id': 9443, 'name': 'Primates'}, {'tax_id': 376913, 'name': 'Haplorrhini'}, {'tax_id': 314293, 'name': 'Simiiformes'}, {'tax_id': 9526, 'name': 'Catarrhini'}, {'tax_id': 314295, 'name': 'Hominoidea'}, {'tax_id': 9604, 'name': 'Hominidae'}, {'tax_id': 207598, 'name': 'Homininae'}, {'tax_id': 9605, 'name': 'Homo'}, {'tax_id': 9606, 'name': 'Homo sapiens'}]",False,,,,True,[],[],,2,,,,,,,,,,,,,,
PV685538.1,,GenBank,,,,2025-06-10,,[],11237,complete,"Chikungunya virus strain S8b05, complete genome",,False,Africa,Reunion,Homo sapiens,"[{'tax_id': 131567, 'name': 'cellular organisms'}, {'tax_id': 2759, 'name': 'Eukaryota'}, {'tax_id': 33154, 'name': 'Opisthokonta'}, {'tax_id': 33208, 'name': 'Metazoa'}, {'tax_id': 6072, 'name': 'Eumetazoa'}, {'tax_id': 33213, 'name': 'Bilateria'}, {'tax_id': 33511, 'name': 'Deuterostomia'}, {'tax_id': 7711, 'name': 'Chordata'}, {'tax_id': 89593, 'name': 'Craniata'}, {'tax_id': 7742, 'name': 'Vertebrata'}, {'tax_id': 7776, 'name': 'Gnathostomata'}, {'tax_id': 117570, 'name': 'Teleostomi'}, {'tax_id': 117571, 'name': 'Euteleostomi'}, {'tax_id': 8287, 'name': 'Sarcopterygii'}, {'tax_id': 1338369, 'name': 'Dipnotetrapodomorpha'}, {'tax_id': 32523, 'name': 'Tetrapoda'}, {'tax_id': 32524, 'name': 'Amniota'}, {'tax_id': 40674, 'name': 'Mammalia'}, {'tax_id': 32525, 'name': 'Theria'}, {'tax_id': 9347, 'name': 'Eutheria'}, {'tax_id': 1437010, 'name': 'Boreoeutheria'}, {'tax_id': 314146, 'name': 'Euarchontoglires'}, {'tax_id': 9443, 'name': 'Primates'}, {'tax_id': 376913, 'name': 'Haplorrhini'}, {'tax_id': 314293, 'name': 'Simiiformes'}, {'tax_id': 9526, 'name': 'Catarrhini'}, {'tax_id': 314295, 'name': 'Hominoidea'}, {'tax_id': 9604, 'name': 'Hominidae'}, {'tax_id': 207598, 'name': 'Homininae'}, {'tax_id': 9605, 'name': 'Homo'}, {'tax_id': 9606, 'name': 'Homo sapiens'}]",False,,,,True,[],[],,2,,,,,,,,,,,,,,
PV685537.1,,GenBank,,,,2025-06-10,,[],11237,complete,"Chikungunya virus strain S8b04, complete genome",,False,Africa,Reunion,Homo sapiens,"[{'tax_id': 131567, 'name': 'cellular organisms'}, {'tax_id': 2759, 'name': 'Eukaryota'}, {'tax_id': 33154, 'name': 'Opisthokonta'}, {'tax_id': 33208, 'name': 'Metazoa'}, {'tax_id': 6072, 'name': 'Eumetazoa'}, {'tax_id': 33213, 'name': 'Bilateria'}, {'tax_id': 33511, 'name': 'Deuterostomia'}, {'tax_id': 7711, 'name': 'Chordata'}, {'tax_id': 89593, 'name': 'Craniata'}, {'tax_id': 7742, 'name': 'Vertebrata'}, {'tax_id': 7776, 'name': 'Gnathostomata'}, {'tax_id': 117570, 'name': 'Teleostomi'}, {'tax_id': 117571, 'name': 'Euteleostomi'}, {'tax_id': 8287, 'name': 'Sarcopterygii'}, {'tax_id': 1338369, 'name': 'Dipnotetrapodomorpha'}, {'tax_id': 32523, 'name': 'Tetrapoda'}, {'tax_id': 32524, 'name': 'Amniota'}, {'tax_id': 40674, 'name': 'Mammalia'}, {'tax_id': 32525, 'name': 'Theria'}, {'tax_id': 9347, 'name': 'Eutheria'}, {'tax_id': 1437010, 'name': 'Boreoeutheria'}, {'tax_id': 314146, 'name': 'Euarchontoglires'}, {'tax_id': 9443, 'name': 'Primates'}, {'tax_id': 376913, 'name': 'Haplorrhini'}, {'tax_id': 314293, 'name': 'Simiiformes'}, {'tax_id': 9526, 'name': 'Catarrhini'}, {'tax_id': 314295, 'name': 'Hominoidea'}, {'tax_id': 9604, 'name': 'Hominidae'}, {'tax_id': 207598, 'name': 'Homininae'}, {'tax_id': 9605, 'name': 'Homo'}, {'tax_id': 9606, 'name': 'Homo sapiens'}]",False,,,,True,[],[],,2,,,,,,,,,,,,,,
PV685536.1,,GenBank,,,,2025-06-10,,[],11237,complete,"Chikungunya virus strain S5b10, complete genome",,False,Africa,Reunion,Homo sapiens,"[{'tax_id': 131567, 'name': 'cellular organisms'}, {'tax_id': 2759, 'name': 'Eukaryota'}, {'tax_id': 33154, 'name': 'Opisthokonta'}, {'tax_id': 33208, 'name': 'Metazoa'}, {'tax_id': 6072, 'name': 'Eumetazoa'}, {'tax_id': 33213, 'name': 'Bilateria'}, {'tax_id': 33511, 'name': 'Deuterostomia'}, {'tax_id': 7711, 'name': 'Chordata'}, {'tax_id': 89593, 'name': 'Craniata'}, {'tax_id': 7742, 'name': 'Vertebrata'}, {'tax_id': 7776, 'name': 'Gnathostomata'}, {'tax_id': 117570, 'name': 'Teleostomi'}, {'tax_id': 117571, 'name': 'Euteleostomi'}, {'tax_id': 8287, 'name': 'Sarcopterygii'}, {'tax_id': 1338369, 'name': 'Dipnotetrapodomorpha'}, {'tax_id': 32523, 'name': 'Tetrapoda'}, {'tax_id': 32524, 'name': 'Amniota'}, {'tax_id': 40674, 'name': 'Mammalia'}, {'tax_id': 32525, 'name': 'Theria'}, {'tax_id': 9347, 'name': 'Eutheria'}, {'tax_id': 1437010, 'name': 'Boreoeutheria'}, {'tax_id': 314146, 'name': 'Euarchontoglires'}, {'tax_id': 9443, 'name': 'Primates'}, {'tax_id': 376913, 'name': 'Haplorrhini'}, {'tax_id': 314293, 'name': 'Simiiformes'}, {'tax_id': 9526, 'name': 'Catarrhini'}, {'tax_id': 314295, 'name': 'Hominoidea'}, {'tax_id': 9604, 'name': 'Hominidae'}, {'tax_id': 207598, 'name': 'Homininae'}, {'tax_id': 9605, 'name': 'Homo'}, {'tax_id': 9606, 'name': 'Homo sapiens'}]",False,,,,True,[],[],,2,,,,,,,,,,,,,,
PV685535.1,,GenBank,,,,2025-06-10,,[],11237,complete,"Chikungunya virus strain S5b06, complete genome",,False,Africa,Reunion,Homo sapiens,"[{'tax_id': 131567, 'name': 'cellular organisms'}, {'tax_id': 2759, 'name': 'Eukaryota'}, {'tax_id': 33154, 'name': 'Opisthokonta'}, {'tax_id': 33208, 'name': 'Metazoa'}, {'tax_id': 6072, 'name': 'Eumetazoa'}, {'tax_id': 33213, 'name': 'Bilateria'}, {'tax_id': 33511, 'name': 'Deuterostomia'}, {'tax_id': 7711, 'name': 'Chordata'}, {'tax_id': 89593, 'name': 'Craniata'}, {'tax_id': 7742, 'name': 'Vertebrata'}, {'tax_id': 7776, 'name': 'Gnathostomata'}, {'tax_id': 117570, 'name': 'Teleostomi'}, {'tax_id': 117571, 'name': 'Euteleostomi'}, {'tax_id': 8287, 'name': 'Sarcopterygii'}, {'tax_id': 1338369, 'name': 'Dipnotetrapodomorpha'}, {'tax_id': 32523, 'name': 'Tetrapoda'}, {'tax_id': 32524, 'name': 'Amniota'}, {'tax_id': 40674, 'name': 'Mammalia'}, {'tax_id': 32525, 'name': 'Theria'}, {'tax_id': 9347, 'name': 'Eutheria'}, {'tax_id': 1437010, 'name': 'Boreoeutheria'}, {'tax_id': 314146, 'name': 'Euarchontoglires'}, {'tax_id': 9443, 'name': 'Primates'}, {'tax_id': 376913, 'name': 'Haplorrhini'}, {'tax_id': 314293, 'name': 'Simiiformes'}, {'tax_id': 9526, 'name': 'Catarrhini'}, {'tax_id': 314295, 'name': 'Hominoidea'}, {'tax_id': 9604, 'name': 'Hominidae'}, {'tax_id': 207598, 'name': 'Homininae'}, {'tax_id': 9605, 'name': 'Homo'}, {'tax_id': 9606, 'name': 'Homo sapiens'}]",False,,,,True,[],[],,2,,,,,,,,,,,,,,
PV685534.1,,GenBank,,,,2025-06-10,,[],11237,complete,"Chikungunya virus strain S5b01, complete genome",,False,Africa,Reunion,Homo sapiens,"[{'tax_id': 131567, 'name': 'cellular organisms'}, {'tax_id': 2759, 'name': 'Eukaryota'}, {'tax_id': 33154, 'name': 'Opisthokonta'}, {'tax_id': 33208, 'name': 'Metazoa'}, {'tax_id': 6072, 'name': 'Eumetazoa'}, {'tax_id': 33213, 'name': 'Bilateria'}, {'tax_id': 33511, 'name': 'Deuterostomia'}, {'tax_id': 7711, 'name': 'Chordata'}, {'tax_id': 89593, 'name': 'Craniata'}, {'tax_id': 7742, 'name': 'Vertebrata'}, {'tax_id': 7776, 'name': 'Gnathostomata'}, {'tax_id': 117570, 'name': 'Teleostomi'}, {'tax_id': 117571, 'name': 'Euteleostomi'}, {'tax_id': 8287, 'name': 'Sarcopterygii'}, {'tax_id': 1338369, 'name': 'Dipnotetrapodomorpha'}, {'tax_id': 32523, 'name': 'Tetrapoda'}, {'tax_id': 32524, 'name': 'Amniota'}, {'tax_id': 40674, 'name': 'Mammalia'}, {'tax_id': 32525, 'name': 'Theria'}, {'tax_id': 9347, 'name': 'Eutheria'}, {'tax_id': 1437010, 'name': 'Boreoeutheria'}, {'tax_id': 314146, 'name': 'Euarchontoglires'}, {'tax_id': 9443, 'name': 'Primates'}, {'tax_id': 376913, 'name': 'Haplorrhini'}, {'tax_id': 314293, 'name': 'Simiiformes'}, {'tax_id': 9526, 'name': 'Catarrhini'}, {'tax_id': 314295, 'name': 'Hominoidea'}, {'tax_id': 9604, 'name': 'Hominidae'}, {'tax_id': 207598, 'name': 'Homininae'}, {'tax_id': 9605, 'name': 'Homo'}, {'tax_id': 9606, 'name': 'Homo sapiens'}]",False,,,,True,[],[],,2,,,,,,,,,,,,,,
PV685533.1,,GenBank,,,,2025-06-10,,[],11237,complete,"Chikungunya virus strain S27b13, complete genome",,False,Africa,Mayotte,Homo sapiens,"[{'tax_id': 131567, 'name': 'cellular organisms'}, {'tax_id': 2759, 'name': 'Eukaryota'}, {'tax_id': 33154, 'name': 'Opisthokonta'}, {'tax_id': 33208, 'name': 'Metazoa'}, {'tax_id': 6072, 'name': 'Eumetazoa'}, {'tax_id': 33213, 'name': 'Bilateria'}, {'tax_id': 33511, 'name': 'Deuterostomia'}, {'tax_id': 7711, 'name': 'Chordata'}, {'tax_id': 89593, 'name': 'Craniata'}, {'tax_id': 7742, 'name': 'Vertebrata'}, {'tax_id': 7776, 'name': 'Gnathostomata'}, {'tax_id': 117570, 'name': 'Teleostomi'}, {'tax_id': 117571, 'name': 'Euteleostomi'}, {'tax_id': 8287, 'name': 'Sarcopterygii'}, {'tax_id': 1338369, 'name': 'Dipnotetrapodomorpha'}, {'tax_id': 32523, 'name': 'Tetrapoda'}, {'tax_id': 32524, 'name': 'Amniota'}, {'tax_id': 40674, 'name': 'Mammalia'}, {'tax_id': 32525, 'name': 'Theria'}, {'tax_id': 9347, 'name': 'Eutheria'}, {'tax_id': 1437010, 'name': 'Boreoeutheria'}, {'tax_id': 314146, 'name': 'Euarchontoglires'}, {'tax_id': 9443, 'name': 'Primates'}, {'tax_id': 376913, 'name': 'Haplorrhini'}, {'tax_id': 314293, 'name': 'Simiiformes'}, {'tax_id': 9526, 'name': 'Catarrhini'}, {'tax_id': 314295, 'name': 'Hominoidea'}, {'tax_id': 9604, 'name': 'Hominidae'}, {'tax_id': 207598, 'name': 'Homininae'}, {'tax_id': 9605, 'name': 'Homo'}, {'tax_id': 9606, 'name': 'Homo sapiens'}]",False,,,,True,[],[],,2,,,,,,,,,,,,,,
PV685531.1,,GenBank,,,,2025-06-10,,[],11237,complete,"Chikungunya virus strain S27b11, complete genome",,False,Africa,Mayotte,Homo sapiens,"[{'tax_id': 131567, 'name': 'cellular organisms'}, {'tax_id': 2759, 'name': 'Eukaryota'}, {'tax_id': 33154, 'name': 'Opisthokonta'}, {'tax_id': 33208, 'name': 'Metazoa'}, {'tax_id': 6072, 'name': 'Eumetazoa'}, {'tax_id': 33213, 'name': 'Bilateria'}, {'tax_id': 33511, 'name': 'Deuterostomia'}, {'tax_id': 7711, 'name': 'Chordata'}, {'tax_id': 89593, 'name': 'Craniata'}, {'tax_id': 7742, 'name': 'Vertebrata'}, {'tax_id': 7776, 'name': 'Gnathostomata'}, {'tax_id': 117570, 'name': 'Teleostomi'}, {'tax_id': 117571, 'name': 'Euteleostomi'}, {'tax_id': 8287, 'name': 'Sarcopterygii'}, {'tax_id': 1338369, 'name': 'Dipnotetrapodomorpha'}, {'tax_id': 32523, 'name': 'Tetrapoda'}, {'tax_id': 32524, 'name': 'Amniota'}, {'tax_id': 40674, 'name': 'Mammalia'}, {'tax_id': 32525, 'name': 'Theria'}, {'tax_id': 9347, 'name': 'Eutheria'}, {'tax_id': 1437010, 'name': 'Boreoeutheria'}, {'tax_id': 314146, 'name': 'Euarchontoglires'}, {'tax_id': 9443, 'name': 'Primates'}, {'tax_id': 376913, 'name': 'Haplorrhini'}, {'tax_id': 314293, 'name': 'Simiiformes'}, {'tax_id': 9526, 'name': 'Catarrhini'}, {'tax_id': 314295, 'name': 'Hominoidea'}, {'tax_id': 9604, 'name': 'Hominidae'}, {'tax_id': 207598, 'name': 'Homininae'}, {'tax_id': 9605, 'name': 'Homo'}, {'tax_id': 9606, 'name': 'Homo sapiens'}]",False,,,,True,[],[],,2,,,,,,,,,,,,,,
PV685529.1,,GenBank,,,,2025-06-10,,[],11237,complete,"Chikungunya virus strain S27b09, complete genome",,False,Africa,Mayotte,Homo sapiens,"[{'tax_id': 131567, 'name': 'cellular organisms'}, {'tax_id': 2759, 'name': 'Eukaryota'}, {'tax_id': 33154, 'name': 'Opisthokonta'}, {'tax_id': 33208, 'name': 'Metazoa'}, {'tax_id': 6072, 'name': 'Eumetazoa'}, {'tax_id': 33213, 'name': 'Bilateria'}, {'tax_id': 33511, 'name': 'Deuterostomia'}, {'tax_id': 7711, 'name': 'Chordata'}, {'tax_id': 89593, 'name': 'Craniata'}, {'tax_id': 7742, 'name': 'Vertebrata'}, {'tax_id': 7776, 'name': 'Gnathostomata'}, {'tax_id': 117570, 'name': 'Teleostomi'}, {'tax_id': 117571, 'name': 'Euteleostomi'}, {'tax_id': 8287, 'name': 'Sarcopterygii'}, {'tax_id': 1338369, 'name': 'Dipnotetrapodomorpha'}, {'tax_id': 32523, 'name': 'Tetrapoda'}, {'tax_id': 32524, 'name': 'Amniota'}, {'tax_id': 40674, 'name': 'Mammalia'}, {'tax_id': 32525, 'name': 'Theria'}, {'tax_id': 9347, 'name': 'Eutheria'}, {'tax_id': 1437010, 'name': 'Boreoeutheria'}, {'tax_id': 314146, 'name': 'Euarchontoglires'}, {'tax_id': 9443, 'name': 'Primates'}, {'tax_id': 376913, 'name': 'Haplorrhini'}, {'tax_id': 314293, 'name': 'Simiiformes'}, {'tax_id': 9526, 'name': 'Catarrhini'}, {'tax_id': 314295, 'name': 'Hominoidea'}, {'tax_id': 9604, 'name': 'Hominidae'}, {'tax_id': 207598, 'name': 'Homininae'}, {'tax_id': 9605, 'name': 'Homo'}, {'tax_id': 9606, 'name': 'Homo sapiens'}]",False,,,,True,[],[],,2,,,,,,,,,,,,,,
PV685527.1,,GenBank,,,,2025-06-10,,[],11237,complete,"Chikungunya virus strain S27b07, complete genome",,False,Africa,Mayotte,Homo sapiens,"[{'tax_id': 131567, 'name': 'cellular organisms'}, {'tax_id': 2759, 'name': 'Eukaryota'}, {'tax_id': 33154, 'name': 'Opisthokonta'}, {'tax_id': 33208, 'name': 'Metazoa'}, {'tax_id': 6072, 'name': 'Eumetazoa'}, {'tax_id': 33213, 'name': 'Bilateria'}, {'tax_id': 33511, 'name': 'Deuterostomia'}, {'tax_id': 7711, 'name': 'Chordata'}, {'tax_id': 89593, 'name': 'Craniata'}, {'tax_id': 7742, 'name': 'Vertebrata'}, {'tax_id': 7776, 'name': 'Gnathostomata'}, {'tax_id': 117570, 'name': 'Teleostomi'}, {'tax_id': 117571, 'name': 'Euteleostomi'}, {'tax_id': 8287, 'name': 'Sarcopterygii'}, {'tax_id': 1338369, 'name': 'Dipnotetrapodomorpha'}, {'tax_id': 32523, 'name': 'Tetrapoda'}, {'tax_id': 32524, 'name': 'Amniota'}, {'tax_id': 40674, 'name': 'Mammalia'}, {'tax_id': 32525, 'name': 'Theria'}, {'tax_id': 9347, 'name': 'Eutheria'}, {'tax_id': 1437010, 'name': 'Boreoeutheria'}, {'tax_id': 314146, 'name': 'Euarchontoglires'}, {'tax_id': 9443, 'name': 'Primates'}, {'tax_id': 376913, 'name': 'Haplorrhini'}, {'tax_id': 314293, 'name': 'Simiiformes'}, {'tax_id': 9526, 'name': 'Catarrhini'}, {'tax_id': 314295, 'name': 'Hominoidea'}, {'tax_id': 9604, 'name': 'Hominidae'}, {'tax_id': 207598, 'name': 'Homininae'}, {'tax_id': 9605, 'name': 'Homo'}, {'tax_id': 9606, 'name': 'Homo sapiens'}]",False,,,,True,[],[],,2,,,,,,,,,,,,,,
PV685525.1,,GenBank,,,,2025-06-10,,[],11237,complete,"Chikungunya virus strain S27b04, complete genome",,False,Africa,Mayotte,Homo sapiens,"[{'tax_id': 131567, 'name': 'cellular organisms'}, {'tax_id': 2759, 'name': 'Eukaryota'}, {'tax_id': 33154, 'name': 'Opisthokonta'}, {'tax_id': 33208, 'name': 'Metazoa'}, {'tax_id': 6072, 'name': 'Eumetazoa'}, {'tax_id': 33213, 'name': 'Bilateria'}, {'tax_id': 33511, 'name': 'Deuterostomia'}, {'tax_id': 7711, 'name': 'Chordata'}, {'tax_id': 89593, 'name': 'Craniata'}, {'tax_id': 7742, 'name': 'Vertebrata'}, {'tax_id': 7776, 'name': 'Gnathostomata'}, {'tax_id': 117570, 'name': 'Teleostomi'}, {'tax_id': 117571, 'name': 'Euteleostomi'}, {'tax_id': 8287, 'name': 'Sarcopterygii'}, {'tax_id': 1338369, 'name': 'Dipnotetrapodomorpha'}, {'tax_id': 32523, 'name': 'Tetrapoda'}, {'tax_id': 32524, 'name': 'Amniota'}, {'tax_id': 40674, 'name': 'Mammalia'}, {'tax_id': 32525, 'name': 'Theria'}, {'tax_id': 9347, 'name': 'Eutheria'}, {'tax_id': 1437010, 'name': 'Boreoeutheria'}, {'tax_id': 314146, 'name': 'Euarchontoglires'}, {'tax_id': 9443, 'name': 'Primates'}, {'tax_id': 376913, 'name': 'Haplorrhini'}, {'tax_id': 314293, 'name': 'Simiiformes'}, {'tax_id': 9526, 'name': 'Catarrhini'}, {'tax_id': 314295, 'name': 'Hominoidea'}, {'tax_id': 9604, 'name': 'Hominidae'}, {'tax_id': 207598, 'name': 'Homininae'}, {'tax_id': 9605, 'name': 'Homo'}, {'tax_id': 9606, 'name': 'Homo sapiens'}]",False,,,,True,[],[],,2,,,,,,,,,,,,,,
PV685524.1,,GenBank,,,,2025-06-10,,[],11237,complete,"Chikungunya virus strain S27b03, complete genome",,False,Africa,Mayotte,Homo sapiens,"[{'tax_id': 131567, 'name': 'cellular organisms'}, {'tax_id': 2759, 'name': 'Eukaryota'}, {'tax_id': 33154, 'name': 'Opisthokonta'}, {'tax_id': 33208, 'name': 'Metazoa'}, {'tax_id': 6072, 'name': 'Eumetazoa'}, {'tax_id': 33213, 'name': 'Bilateria'}, {'tax_id': 33511, 'name': 'Deuterostomia'}, {'tax_id': 7711, 'name': 'Chordata'}, {'tax_id': 89593, 'name': 'Craniata'}, {'tax_id': 7742, 'name': 'Vertebrata'}, {'tax_id': 7776, 'name': 'Gnathostomata'}, {'tax_id': 117570, 'name': 'Teleostomi'}, {'tax_id': 117571, 'name': 'Euteleostomi'}, {'tax_id': 8287, 'name': 'Sarcopterygii'}, {'tax_id': 1338369, 'name': 'Dipnotetrapodomorpha'}, {'tax_id': 32523, 'name': 'Tetrapoda'}, {'tax_id': 32524, 'name': 'Amniota'}, {'tax_id': 40674, 'name': 'Mammalia'}, {'tax_id': 32525, 'name': 'Theria'}, {'tax_id': 9347, 'name': 'Eutheria'}, {'tax_id': 1437010, 'name': 'Boreoeutheria'}, {'tax_id': 314146, 'name': 'Euarchontoglires'}, {'tax_id': 9443, 'name': 'Primates'}, {'tax_id': 376913, 'name': 'Haplorrhini'}, {'tax_id': 314293, 'name': 'Simiiformes'}, {'tax_id': 9526, 'name': 'Catarrhini'}, {'tax_id': 314295, 'name': 'Hominoidea'}, {'tax_id': 9604, 'name': 'Hominidae'}, {'tax_id': 207598, 'name': 'Homininae'}, {'tax_id': 9605, 'name': 'Homo'}, {'tax_id': 9606, 'name': 'Homo sapiens'}]",False,,,,True,[],[],,2,,,,,,,,,,,,,,
PV685523.1,,GenBank,,,,2025-06-10,,[],11237,complete,"Chikungunya virus strain S27b02, complete genome",,False,Africa,Mayotte,Homo sapiens,"[{'tax_id': 131567, 'name': 'cellular organisms'}, {'tax_id': 2759, 'name': 'Eukaryota'}, {'tax_id': 33154, 'name': 'Opisthokonta'}, {'tax_id': 33208, 'name': 'Metazoa'}, {'tax_id': 6072, 'name': 'Eumetazoa'}, {'tax_id': 33213, 'name': 'Bilateria'}, {'tax_id': 33511, 'name': 'Deuterostomia'}, {'tax_id': 7711, 'name': 'Chordata'}, {'tax_id': 89593, 'name': 'Craniata'}, {'tax_id': 7742, 'name': 'Vertebrata'}, {'tax_id': 7776, 'name': 'Gnathostomata'}, {'tax_id': 117570, 'name': 'Teleostomi'}, {'tax_id': 117571, 'name': 'Euteleostomi'}, {'tax_id': 8287, 'name': 'Sarcopterygii'}, {'tax_id': 1338369, 'name': 'Dipnotetrapodomorpha'}, {'tax_id': 32523, 'name': 'Tetrapoda'}, {'tax_id': 32524, 'name': 'Amniota'}, {'tax_id': 40674, 'name': 'Mammalia'}, {'tax_id': 32525, 'name': 'Theria'}, {'tax_id': 9347, 'name': 'Eutheria'}, {'tax_id': 1437010, 'name': 'Boreoeutheria'}, {'tax_id': 314146, 'name': 'Euarchontoglires'}, {'tax_id': 9443, 'name': 'Primates'}, {'tax_id': 376913, 'name': 'Haplorrhini'}, {'tax_id': 314293, 'name': 'Simiiformes'}, {'tax_id': 9526, 'name': 'Catarrhini'}, {'tax_id': 314295, 'name': 'Hominoidea'}, {'tax_id': 9604, 'name': 'Hominidae'}, {'tax_id': 207598, 'name': 'Homininae'}, {'tax_id': 9605, 'name': 'Homo'}, {'tax_id': 9606, 'name': 'Homo sapiens'}]",False,,,,True,[],[],,2,,,,,,,,,,,,,,
PV472104.1,,GenBank,,,,2025-04-19,,[],11646,partial,"Ndumu virus isolate MAL_S9_44233, partial genome",,False,Africa,Kenya: Malindi,Culex univittatus,"[{'tax_id': 131567, 'name': 'cellular organisms'}, {'tax_id': 2759, 'name': 'Eukaryota'}, {'tax_id': 33154, 'name': 'Opisthokonta'}, {'tax_id': 33208, 'name': 'Metazoa'}, {'tax_id': 6072, 'name': 'Eumetazoa'}, {'tax_id': 33213, 'name': 'Bilateria'}, {'tax_id': 33317, 'name': 'Protostomia'}, {'tax_id': 1206794, 'name': 'Ecdysozoa'}, {'tax_id': 88770, 'name': 'Panarthropoda'}, {'tax_id': 6656, 'name': 'Arthropoda'}, {'tax_id': 197563, 'name': 'Mandibulata'}, {'tax_id': 197562, 'name': 'Pancrustacea'}, {'tax_id': 3701028, 'name': 'Altocrustacea'}, {'tax_id': 3701030, 'name': 'Allotriocarida'}, {'tax_id': 6960, 'name': 'Hexapoda'}, {'tax_id': 50557, 'name': 'Insecta'}, {'tax_id': 85512, 'name': 'Dicondylia'}, {'tax_id': 7496, 'name': 'Pterygota'}, {'tax_id': 33340, 'name': 'Neoptera'}, {'tax_id': 3701061, 'name': 'Eumetabola'}, {'tax_id': 33392, 'name': 'Endopterygota'}, {'tax_id': 3701062, 'name': 'Aparaglossata'}, {'tax_id': 3701063, 'name': 'Panorpida'}, {'tax_id': 7147, 'name': 'Diptera'}, {'tax_id': 7148, 'name': 'Nematocera'}, {'tax_id': 43786, 'name': 'Culicomorpha'}, {'tax_id': 41827, 'name': 'Culicoidea'}, {'tax_id': 7157, 'name': 'Culicidae'}, {'tax_id': 43817, 'name': 'Culicinae'}, {'tax_id': 53550, 'name': 'Culicini'}, {'tax_id': 7174, 'name': 'Culex'}, {'tax_id': 53527, 'name': 'Culex'}, {'tax_id': 420550, 'name': 'Culex univittatus'}]",False,,,,True,[],[],,3,,,,,,,,,,,,,,
PV472103.1,,GenBank,,,,2025-04-19,,[],11646,partial,"Ndumu virus isolate MAL_S9_44251, partial genome",,False,Africa,Kenya: Malindi,Culex annulioris,"[{'tax_id': 131567, 'name': 'cellular organisms'}, {'tax_id': 2759, 'name': 'Eukaryota'}, {'tax_id': 33154, 'name': 'Opisthokonta'}, {'tax_id': 33208, 'name': 'Metazoa'}, {'tax_id': 6072, 'name': 'Eumetazoa'}, {'tax_id': 33213, 'name': 'Bilateria'}, {'tax_id': 33317, 'name': 'Protostomia'}, {'tax_id': 1206794, 'name': 'Ecdysozoa'}, {'tax_id': 88770, 'name': 'Panarthropoda'}, {'tax_id': 6656, 'name': 'Arthropoda'}, {'tax_id': 197563, 'name': 'Mandibulata'}, {'tax_id': 197562, 'name': 'Pancrustacea'}, {'tax_id': 3701028, 'name': 'Altocrustacea'}, {'tax_id': 3701030, 'name': 'Allotriocarida'}, {'tax_id': 6960, 'name': 'Hexapoda'}, {'tax_id': 50557, 'name': 'Insecta'}, {'tax_id': 85512, 'name': 'Dicondylia'}, {'tax_id': 7496, 'name': 'Pterygota'}, {'tax_id': 33340, 'name': 'Neoptera'}, {'tax_id': 3701061, 'name': 'Eumetabola'}, {'tax_id': 33392, 'name': 'Endopterygota'}, {'tax_id': 3701062, 'name': 'Aparaglossata'}, {'tax_id': 3701063, 'name': 'Panorpida'}, {'tax_id': 7147, 'name': 'Diptera'}, {'tax_id': 7148, 'name': 'Nematocera'}, {'tax_id': 43786, 'name': 'Culicomorpha'}, {'tax_id': 41827, 'name': 'Culicoidea'}, {'tax_id': 7157, 'name': 'Culicidae'}, {'tax_id': 43817, 'name': 'Culicinae'}, {'tax_id': 53550, 'name': 'Culicini'}, {'tax_id': 7174, 'name': 'Culex'}, {'tax_id': 667565, 'name': 'Oculeomyia'}, {'tax_id': 667566, 'name': 'Culex annulioris'}]",False,,,,True,[],[],,3,,,,,,,,,,,,,,
PV472102.1,,GenBank,,,,2025-04-19,,[],11632,partial,"Ndumu virus isolate KWL_S5_44618, partial genome",,False,Africa,Kenya: Kwale,Mansonia africana,"[{'tax_id': 131567, 'name': 'cellular organisms'}, {'tax_id': 2759, 'name': 'Eukaryota'}, {'tax_id': 33154, 'name': 'Opisthokonta'}, {'tax_id': 33208, 'name': 'Metazoa'}, {'tax_id': 6072, 'name': 'Eumetazoa'}, {'tax_id': 33213, 'name': 'Bilateria'}, {'tax_id': 33317, 'name': 'Protostomia'}, {'tax_id': 1206794, 'name': 'Ecdysozoa'}, {'tax_id': 88770, 'name': 'Panarthropoda'}, {'tax_id': 6656, 'name': 'Arthropoda'}, {'tax_id': 197563, 'name': 'Mandibulata'}, {'tax_id': 197562, 'name': 'Pancrustacea'}, {'tax_id': 3701028, 'name': 'Altocrustacea'}, {'tax_id': 3701030, 'name': 'Allotriocarida'}, {'tax_id': 6960, 'name': 'Hexapoda'}, {'tax_id': 50557, 'name': 'Insecta'}, {'tax_id': 85512, 'name': 'Dicondylia'}, {'tax_id': 7496, 'name': 'Pterygota'}, {'tax_id': 33340, 'name': 'Neoptera'}, {'tax_id': 3701061, 'name': 'Eumetabola'}, {'tax_id': 33392, 'name': 'Endopterygota'}, {'tax_id': 3701062, 'name': 'Aparaglossata'}, {'tax_id': 3701063, 'name': 'Panorpida'}, {'tax_id': 7147, 'name': 'Diptera'}, {'tax_id': 7148, 'name': 'Nematocera'}, {'tax_id': 43786, 'name': 'Culicomorpha'}, {'tax_id': 41827, 'name': 'Culicoidea'}, {'tax_id': 7157, 'name': 'Culicidae'}, {'tax_id': 43817, 'name': 'Culicinae'}, {'tax_id': 254792, 'name': 'Mansoniini'}, {'tax_id': 149459, 'name': 'Mansonia'}, {'tax_id': 308733, 'name': 'Mansonioides'}, {'tax_id': 667564, 'name': 'Mansonia africana'}]",False,,,,True,[],[],,3,,,,,,,,,,,,,,
PV346704.1,,GenBank,,,,2025-09-25,,[],11532,partial,"Sindbis virus isolate ARD410729 nonstructural polyprotein and structural polyprotein genes, complete cds",,False,Africa,Senegal,Mansonia uniformis,"[{'tax_id': 131567, 'name': 'cellular organisms'}, {'tax_id': 2759, 'name': 'Eukaryota'}, {'tax_id': 33154, 'name': 'Opisthokonta'}, {'tax_id': 33208, 'name': 'Metazoa'}, {'tax_id': 6072, 'name': 'Eumetazoa'}, {'tax_id': 33213, 'name': 'Bilateria'}, {'tax_id': 33317, 'name': 'Protostomia'}, {'tax_id': 1206794, 'name': 'Ecdysozoa'}, {'tax_id': 88770, 'name': 'Panarthropoda'}, {'tax_id': 6656, 'name': 'Arthropoda'}, {'tax_id': 197563, 'name': 'Mandibulata'}, {'tax_id': 197562, 'name': 'Pancrustacea'}, {'tax_id': 3701028, 'name': 'Altocrustacea'}, {'tax_id': 3701030, 'name': 'Allotriocarida'}, {'tax_id': 6960, 'name': 'Hexapoda'}, {'tax_id': 50557, 'name': 'Insecta'}, {'tax_id': 85512, 'name': 'Dicondylia'}, {'tax_id': 7496, 'name': 'Pterygota'}, {'tax_id': 33340, 'name': 'Neoptera'}, {'tax_id': 3701061, 'name': 'Eumetabola'}, {'tax_id': 33392, 'name': 'Endopterygota'}, {'tax_id': 3701062, 'name': 'Aparaglossata'}, {'tax_id': 3701063, 'name': 'Panorpida'}, {'tax_id': 7147, 'name': 'Diptera'}, {'tax_id': 7148, 'name': 'Nematocera'}, {'tax_id': 43786, 'name': 'Culicomorpha'}, {'tax_id': 41827, 'name': 'Culicoidea'}, {'tax_id': 7157, 'name': 'Culicidae'}, {'tax_id': 43817, 'name': 'Culicinae'}, {'tax_id': 254792, 'name': 'Mansoniini'}, {'tax_id': 149459, 'name': 'Mansonia'}, {'tax_id': 308733, 'name': 'Mansonioides'}, {'tax_id': 308735, 'name': 'Mansonia uniformis'}]",False,,,,True,[],[],,2,,,,,,,,,,,,,,
PV075212.1,,GenBank,,,,2025-03-02,,[],11532,partial,"Sindbis virus isolate 159, partial genome",,False,Africa,"Nigeria: Amurum Forest, Jos City",Turdus pelios,"[{'tax_id': 131567, 'name': 'cellular organisms'}, {'tax_id': 2759, 'name': 'Eukaryota'}, {'tax_id': 33154, 'name': 'Opisthokonta'}, {'tax_id': 33208, 'name': 'Metazoa'}, {'tax_id': 6072, 'name': 'Eumetazoa'}, {'tax_id': 33213, 'name': 'Bilateria'}, {'tax_id': 33511, 'name': 'Deuterostomia'}, {'tax_id': 7711, 'name': 'Chordata'}, {'tax_id': 89593, 'name': 'Craniata'}, {'tax_id': 7742, 'name': 'Vertebrata'}, {'tax_id': 7776, 'name': 'Gnathostomata'}, {'tax_id': 117570, 'name': 'Teleostomi'}, {'tax_id': 117571, 'name': 'Euteleostomi'}, {'tax_id': 8287, 'name': 'Sarcopterygii'}, {'tax_id': 1338369, 'name': 'Dipnotetrapodomorpha'}, {'tax_id': 32523, 'name': 'Tetrapoda'}, {'tax_id': 32524, 'name': 'Amniota'}, {'tax_id': 8457, 'name': 'Sauropsida'}, {'tax_id': 32561, 'name': 'Sauria'}, {'tax_id': 1329799, 'name': 'Archelosauria'}, {'tax_id': 8492, 'name': 'Archosauria'}, {'tax_id': 436486, 'name': 'Dinosauria'}, {'tax_id': 436489, 'name': 'Saurischia'}, {'tax_id': 436491, 'name': 'Theropoda'}, {'tax_id': 436492, 'name': 'Coelurosauria'}, {'tax_id': 8782, 'name': 'Aves'}, {'tax_id': 8825, 'name': 'Neognathae'}, {'tax_id': 3078114, 'name': 'Neoaves'}, {'tax_id': 3073808, 'name': 'Telluraves'}, {'tax_id': 3073809, 'name': 'Australaves'}, {'tax_id': 9126, 'name': 'Passeriformes'}, {'tax_id': 9183, 'name': 'Turdidae'}, {'tax_id': 9186, 'name': 'Turdus'}, {'tax_id': 338146, 'name': 'Turdus pelios'}]",False,blood,,,True,[],[],,2,,,,,,,,,,,,,,
PV035814.1,,GenBank,,,,2025-04-30,,[],11237,partial,"Chikungunya virus isolate CHIKV_RUN_S2b93_2024, partial genome",,False,Africa,Reunion,Homo sapiens,"[{'tax_id': 131567, 'name': 'cellular organisms'}, {'tax_id': 2759, 'name': 'Eukaryota'}, {'tax_id': 33154, 'name': 'Opisthokonta'}, {'tax_id': 33208, 'name': 'Metazoa'}, {'tax_id': 6072, 'name': 'Eumetazoa'}, {'tax_id': 33213, 'name': 'Bilateria'}, {'tax_id': 33511, 'name': 'Deuterostomia'}, {'tax_id': 7711, 'name': 'Chordata'}, {'tax_id': 89593, 'name': 'Craniata'}, {'tax_id': 7742, 'name': 'Vertebrata'}, {'tax_id': 7776, 'name': 'Gnathostomata'}, {'tax_id': 117570, 'name': 'Teleostomi'}, {'tax_id': 117571, 'name': 'Euteleostomi'}, {'tax_id': 8287, 'name': 'Sarcopterygii'}, {'tax_id': 1338369, 'name': 'Dipnotetrapodomorpha'}, {'tax_id': 32523, 'name': 'Tetrapoda'}, {'tax_id': 32524, 'name': 'Amniota'}, {'tax_id': 40674, 'name': 'Mammalia'}, {'tax_id': 32525, 'name': 'Theria'}, {'tax_id': 9347, 'name': 'Eutheria'}, {'tax_id': 1437010, 'name': 'Boreoeutheria'}, {'tax_id': 314146, 'name': 'Euarchontoglires'}, {'tax_id': 9443, 'name': 'Primates'}, {'tax_id': 376913, 'name': 'Haplorrhini'}, {'tax_id': 314293, 'name': 'Simiiformes'}, {'tax_id': 9526, 'name': 'Catarrhini'}, {'tax_id': 314295, 'name': 'Hominoidea'}, {'tax_id': 9604, 'name': 'Hominidae'}, {'tax_id': 207598, 'name': 'Homininae'}, {'tax_id': 9605, 'name': 'Homo'}, {'tax_id': 9606, 'name': 'Homo sapiens'}]",False,,,,True,[],[],,2,,,,,,,,,,,,,,
PQ483514.1,,GenBank,,,,2024-11-19,,[],11250,partial,"Chikungunya virus isolate CHIKV-77349 non-structural protein gene, complete cds; and structural protein gene, partial cds",,False,Africa,Cote d'Ivoire,Homo sapiens,"[{'tax_id': 131567, 'name': 'cellular organisms'}, {'tax_id': 2759, 'name': 'Eukaryota'}, {'tax_id': 33154, 'name': 'Opisthokonta'}, {'tax_id': 33208, 'name': 'Metazoa'}, {'tax_id': 6072, 'name': 'Eumetazoa'}, {'tax_id': 33213, 'name': 'Bilateria'}, {'tax_id': 33511, 'name': 'Deuterostomia'}, {'tax_id': 7711, 'name': 'Chordata'}, {'tax_id': 89593, 'name': 'Craniata'}, {'tax_id': 7742, 'name': 'Vertebrata'}, {'tax_id': 7776, 'name': 'Gnathostomata'}, {'tax_id': 117570, 'name': 'Teleostomi'}, {'tax_id': 117571, 'name': 'Euteleostomi'}, {'tax_id': 8287, 'name': 'Sarcopterygii'}, {'tax_id': 1338369, 'name': 'Dipnotetrapodomorpha'}, {'tax_id': 32523, 'name': 'Tetrapoda'}, {'tax_id': 32524, 'name': 'Amniota'}, {'tax_id': 40674, 'name': 'Mammalia'}, {'tax_id': 32525, 'name': 'Theria'}, {'tax_id': 9347, 'name': 'Eutheria'}, {'tax_id': 1437010, 'name': 'Boreoeutheria'}, {'tax_id': 314146, 'name': 'Euarchontoglires'}, {'tax_id': 9443, 'name': 'Primates'}, {'tax_id': 376913, 'name': 'Haplorrhini'}, {'tax_id': 314293, 'name': 'Simiiformes'}, {'tax_id': 9526, 'name': 'Catarrhini'}, {'tax_id': 314295, 'name': 'Hominoidea'}, {'tax_id': 9604, 'name': 'Hominidae'}, {'tax_id': 207598, 'name': 'Homininae'}, {'tax_id': 9605, 'name': 'Homo'}, {'tax_id': 9606, 'name': 'Homo sapiens'}]",False,,,,True,[],[],,2,,,,,,,,,,,,,,
PQ483513.1,,GenBank,,,,2024-11-19,,[],11364,partial,"Chikungunya virus isolate CHIKV-66622 non-structural protein and structural protein genes, complete cds",,False,Africa,Cote d'Ivoire,Homo sapiens,"[{'tax_id': 131567, 'name': 'cellular organisms'}, {'tax_id': 2759, 'name': 'Eukaryota'}, {'tax_id': 33154, 'name': 'Opisthokonta'}, {'tax_id': 33208, 'name': 'Metazoa'}, {'tax_id': 6072, 'name': 'Eumetazoa'}, {'tax_id': 33213, 'name': 'Bilateria'}, {'tax_id': 33511, 'name': 'Deuterostomia'}, {'tax_id': 7711, 'name': 'Chordata'}, {'tax_id': 89593, 'name': 'Craniata'}, {'tax_id': 7742, 'name': 'Vertebrata'}, {'tax_id': 7776, 'name': 'Gnathostomata'}, {'tax_id': 117570, 'name': 'Teleostomi'}, {'tax_id': 117571, 'name': 'Euteleostomi'}, {'tax_id': 8287, 'name': 'Sarcopterygii'}, {'tax_id': 1338369, 'name': 'Dipnotetrapodomorpha'}, {'tax_id': 32523, 'name': 'Tetrapoda'}, {'tax_id': 32524, 'name': 'Amniota'}, {'tax_id': 40674, 'name': 'Mammalia'}, {'tax_id': 32525, 'name': 'Theria'}, {'tax_id': 9347, 'name': 'Eutheria'}, {'tax_id': 1437010, 'name': 'Boreoeutheria'}, {'tax_id': 314146, 'name': 'Euarchontoglires'}, {'tax_id': 9443, 'name': 'Primates'}, {'tax_id': 376913, 'name': 'Haplorrhini'}, {'tax_id': 314293, 'name': 'Simiiformes'}, {'tax_id': 9526, 'name': 'Catarrhini'}, {'tax_id': 314295, 'name': 'Hominoidea'}, {'tax_id': 9604, 'name': 'Hominidae'}, {'tax_id': 207598, 'name': 'Homininae'}, {'tax_id': 9605, 'name': 'Homo'}, {'tax_id': 9606, 'name': 'Homo sapiens'}]",False,,,,True,[],[],,2,,,,,,,,,,,,,,
PQ483512.1,,GenBank,,,,2024-11-19,,[],11374,partial,"Chikungunya virus isolate CHIKV-68001 non-structural protein and structural protein genes, complete cds",,False,Africa,Cote d'Ivoire,Homo sapiens,"[{'tax_id': 131567, 'name': 'cellular organisms'}, {'tax_id': 2759, 'name': 'Eukaryota'}, {'tax_id': 33154, 'name': 'Opisthokonta'}, {'tax_id': 33208, 'name': 'Metazoa'}, {'tax_id': 6072, 'name': 'Eumetazoa'}, {'tax_id': 33213, 'name': 'Bilateria'}, {'tax_id': 33511, 'name': 'Deuterostomia'}, {'tax_id': 7711, 'name': 'Chordata'}, {'tax_id': 89593, 'name': 'Craniata'}, {'tax_id': 7742, 'name': 'Vertebrata'}, {'tax_id': 7776, 'name': 'Gnathostomata'}, {'tax_id': 117570, 'name': 'Teleostomi'}, {'tax_id': 117571, 'name': 'Euteleostomi'}, {'tax_id': 8287, 'name': 'Sarcopterygii'}, {'tax_id': 1338369, 'name': 'Dipnotetrapodomorpha'}, {'tax_id': 32523, 'name': 'Tetrapoda'}, {'tax_id': 32524, 'name': 'Amniota'}, {'tax_id': 40674, 'name': 'Mammalia'}, {'tax_id': 32525, 'name': 'Theria'}, {'tax_id': 9347, 'name': 'Eutheria'}, {'tax_id': 1437010, 'name': 'Boreoeutheria'}, {'tax_id': 314146, 'name': 'Euarchontoglires'}, {'tax_id': 9443, 'name': 'Primates'}, {'tax_id': 376913, 'name': 'Haplorrhini'}, {'tax_id': 314293, 'name': 'Simiiformes'}, {'tax_id': 9526, 'name': 'Catarrhini'}, {'tax_id': 314295, 'name': 'Hominoidea'}, {'tax_id': 9604, 'name': 'Hominidae'}, {'tax_id': 207598, 'name': 'Homininae'}, {'tax_id': 9605, 'name': 'Homo'}, {'tax_id': 9606, 'name': 'Homo sapiens'}]",False,,,,True,[],[],,2,,,,,,,,,,,,,,
PQ483510.1,,GenBank,,,,2024-11-19,,[],11251,partial,"Chikungunya virus isolate CHIKV-77000-1 non-structural protein gene, complete cds; and structural protein gene, partial cds",,False,Africa,Cote d'Ivoire,Homo sapiens,"[{'tax_id': 131567, 'name': 'cellular organisms'}, {'tax_id': 2759, 'name': 'Eukaryota'}, {'tax_id': 33154, 'name': 'Opisthokonta'}, {'tax_id': 33208, 'name': 'Metazoa'}, {'tax_id': 6072, 'name': 'Eumetazoa'}, {'tax_id': 33213, 'name': 'Bilateria'}, {'tax_id': 33511, 'name': 'Deuterostomia'}, {'tax_id': 7711, 'name': 'Chordata'}, {'tax_id': 89593, 'name': 'Craniata'}, {'tax_id': 7742, 'name': 'Vertebrata'}, {'tax_id': 7776, 'name': 'Gnathostomata'}, {'tax_id': 117570, 'name': 'Teleostomi'}, {'tax_id': 117571, 'name': 'Euteleostomi'}, {'tax_id': 8287, 'name': 'Sarcopterygii'}, {'tax_id': 1338369, 'name': 'Dipnotetrapodomorpha'}, {'tax_id': 32523, 'name': 'Tetrapoda'}, {'tax_id': 32524, 'name': 'Amniota'}, {'tax_id': 40674, 'name': 'Mammalia'}, {'tax_id': 32525, 'name': 'Theria'}, {'tax_id': 9347, 'name': 'Eutheria'}, {'tax_id': 1437010, 'name': 'Boreoeutheria'}, {'tax_id': 314146, 'name': 'Euarchontoglires'}, {'tax_id': 9443, 'name': 'Primates'}, {'tax_id': 376913, 'name': 'Haplorrhini'}, {'tax_id': 314293, 'name': 'Simiiformes'}, {'tax_id': 9526, 'name': 'Catarrhini'}, {'tax_id': 314295, 'name': 'Hominoidea'}, {'tax_id': 9604, 'name': 'Hominidae'}, {'tax_id': 207598, 'name': 'Homininae'}, {'tax_id': 9605, 'name': 'Homo'}, {'tax_id': 9606, 'name': 'Homo sapiens'}]",False,,,,True,[],[],,2,,,,,,,,,,,,,,
PQ483509.1,,GenBank,,,,2024-11-19,,[],11250,partial,"Chikungunya virus isolate CHIKV-76987-2 non-structural protein gene, complete cds; and structural protein gene, partial cds",,False,Africa,Cote d'Ivoire,Homo sapiens,"[{'tax_id': 131567, 'name': 'cellular organisms'}, {'tax_id': 2759, 'name': 'Eukaryota'}, {'tax_id': 33154, 'name': 'Opisthokonta'}, {'tax_id': 33208, 'name': 'Metazoa'}, {'tax_id': 6072, 'name': 'Eumetazoa'}, {'tax_id': 33213, 'name': 'Bilateria'}, {'tax_id': 33511, 'name': 'Deuterostomia'}, {'tax_id': 7711, 'name': 'Chordata'}, {'tax_id': 89593, 'name': 'Craniata'}, {'tax_id': 7742, 'name': 'Vertebrata'}, {'tax_id': 7776, 'name': 'Gnathostomata'}, {'tax_id': 117570, 'name': 'Teleostomi'}, {'tax_id': 117571, 'name': 'Euteleostomi'}, {'tax_id': 8287, 'name': 'Sarcopterygii'}, {'tax_id': 1338369, 'name': 'Dipnotetrapodomorpha'}, {'tax_id': 32523, 'name': 'Tetrapoda'}, {'tax_id': 32524, 'name': 'Amniota'}, {'tax_id': 40674, 'name': 'Mammalia'}, {'tax_id': 32525, 'name': 'Theria'}, {'tax_id': 9347, 'name': 'Eutheria'}, {'tax_id': 1437010, 'name': 'Boreoeutheria'}, {'tax_id': 314146, 'name': 'Euarchontoglires'}, {'tax_id': 9443, 'name': 'Primates'}, {'tax_id': 376913, 'name': 'Haplorrhini'}, {'tax_id': 314293, 'name': 'Simiiformes'}, {'tax_id': 9526, 'name': 'Catarrhini'}, {'tax_id': 314295, 'name': 'Hominoidea'}, {'tax_id': 9604, 'name': 'Hominidae'}, {'tax_id': 207598, 'name': 'Homininae'}, {'tax_id': 9605, 'name': 'Homo'}, {'tax_id': 9606, 'name': 'Homo sapiens'}]",False,,,,True,[],[],,2,,,,,,,,,,,,,,
PP236756.1,,GenBank,,,,2024-06-10,,[],11222,partial,"Chikungunya virus isolate 427972, partial genome",,False,Africa,Senegal,Homo sapiens,"[{'tax_id': 131567, 'name': 'cellular organisms'}, {'tax_id': 2759, 'name': 'Eukaryota'}, {'tax_id': 33154, 'name': 'Opisthokonta'}, {'tax_id': 33208, 'name': 'Metazoa'}, {'tax_id': 6072, 'name': 'Eumetazoa'}, {'tax_id': 33213, 'name': 'Bilateria'}, {'tax_id': 33511, 'name': 'Deuterostomia'}, {'tax_id': 7711, 'name': 'Chordata'}, {'tax_id': 89593, 'name': 'Craniata'}, {'tax_id': 7742, 'name': 'Vertebrata'}, {'tax_id': 7776, 'name': 'Gnathostomata'}, {'tax_id': 117570, 'name': 'Teleostomi'}, {'tax_id': 117571, 'name': 'Euteleostomi'}, {'tax_id': 8287, 'name': 'Sarcopterygii'}, {'tax_id': 1338369, 'name': 'Dipnotetrapodomorpha'}, {'tax_id': 32523, 'name': 'Tetrapoda'}, {'tax_id': 32524, 'name': 'Amniota'}, {'tax_id': 40674, 'name': 'Mammalia'}, {'tax_id': 32525, 'name': 'Theria'}, {'tax_id': 9347, 'name': 'Eutheria'}, {'tax_id': 1437010, 'name': 'Boreoeutheria'}, {'tax_id': 314146, 'name': 'Euarchontoglires'}, {'tax_id': 9443, 'name': 'Primates'}, {'tax_id': 376913, 'name': 'Haplorrhini'}, {'tax_id': 314293, 'name': 'Simiiformes'}, {'tax_id': 9526, 'name': 'Catarrhini'}, {'tax_id': 314295, 'name': 'Hominoidea'}, {'tax_id': 9604, 'name': 'Hominidae'}, {'tax_id': 207598, 'name': 'Homininae'}, {'tax_id': 9605, 'name': 'Homo'}, {'tax_id': 9606, 'name': 'Homo sapiens'}]",False,blood,,,True,[],[],,2,,,,,,,,,,,,,,
PP236755.1,,GenBank,,,,2024-06-10,,[],11224,partial,"Chikungunya virus isolate 427924, partial genome",,False,Africa,Senegal,Homo sapiens,"[{'tax_id': 131567, 'name': 'cellular organisms'}, {'tax_id': 2759, 'name': 'Eukaryota'}, {'tax_id': 33154, 'name': 'Opisthokonta'}, {'tax_id': 33208, 'name': 'Metazoa'}, {'tax_id': 6072, 'name': 'Eumetazoa'}, {'tax_id': 33213, 'name': 'Bilateria'}, {'tax_id': 33511, 'name': 'Deuterostomia'}, {'tax_id': 7711, 'name': 'Chordata'}, {'tax_id': 89593, 'name': 'Craniata'}, {'tax_id': 7742, 'name': 'Vertebrata'}, {'tax_id': 7776, 'name': 'Gnathostomata'}, {'tax_id': 117570, 'name': 'Teleostomi'}, {'tax_id': 117571, 'name': 'Euteleostomi'}, {'tax_id': 8287, 'name': 'Sarcopterygii'}, {'tax_id': 1338369, 'name': 'Dipnotetrapodomorpha'}, {'tax_id': 32523, 'name': 'Tetrapoda'}, {'tax_id': 32524, 'name': 'Amniota'}, {'tax_id': 40674, 'name': 'Mammalia'}, {'tax_id': 32525, 'name': 'Theria'}, {'tax_id': 9347, 'name': 'Eutheria'}, {'tax_id': 1437010, 'name': 'Boreoeutheria'}, {'tax_id': 314146, 'name': 'Euarchontoglires'}, {'tax_id': 9443, 'name': 'Primates'}, {'tax_id': 376913, 'name': 'Haplorrhini'}, {'tax_id': 314293, 'name': 'Simiiformes'}, {'tax_id': 9526, 'name': 'Catarrhini'}, {'tax_id': 314295, 'name': 'Hominoidea'}, {'tax_id': 9604, 'name': 'Hominidae'}, {'tax_id': 207598, 'name': 'Homininae'}, {'tax_id': 9605, 'name': 'Homo'}, {'tax_id': 9606, 'name': 'Homo sapiens'}]",False,blood,,,True,[],[],,2,,,,,,,,,,,,,,
PP236754.1,,GenBank,,,,2024-06-10,,[],11008,partial,"Chikungunya virus isolate 418135, partial genome",,False,Africa,Senegal,Homo sapiens,"[{'tax_id': 131567, 'name': 'cellular organisms'}, {'tax_id': 2759, 'name': 'Eukaryota'}, {'tax_id': 33154, 'name': 'Opisthokonta'}, {'tax_id': 33208, 'name': 'Metazoa'}, {'tax_id': 6072, 'name': 'Eumetazoa'}, {'tax_id': 33213, 'name': 'Bilateria'}, {'tax_id': 33511, 'name': 'Deuterostomia'}, {'tax_id': 7711, 'name': 'Chordata'}, {'tax_id': 89593, 'name': 'Craniata'}, {'tax_id': 7742, 'name': 'Vertebrata'}, {'tax_id': 7776, 'name': 'Gnathostomata'}, {'tax_id': 117570, 'name': 'Teleostomi'}, {'tax_id': 117571, 'name': 'Euteleostomi'}, {'tax_id': 8287, 'name': 'Sarcopterygii'}, {'tax_id': 1338369, 'name': 'Dipnotetrapodomorpha'}, {'tax_id': 32523, 'name': 'Tetrapoda'}, {'tax_id': 32524, 'name': 'Amniota'}, {'tax_id': 40674, 'name': 'Mammalia'}, {'tax_id': 32525, 'name': 'Theria'}, {'tax_id': 9347, 'name': 'Eutheria'}, {'tax_id': 1437010, 'name': 'Boreoeutheria'}, {'tax_id': 314146, 'name': 'Euarchontoglires'}, {'tax_id': 9443, 'name': 'Primates'}, {'tax_id': 376913, 'name': 'Haplorrhini'}, {'tax_id': 314293, 'name': 'Simiiformes'}, {'tax_id': 9526, 'name': 'Catarrhini'}, {'tax_id': 314295, 'name': 'Hominoidea'}, {'tax_id': 9604, 'name': 'Hominidae'}, {'tax_id': 207598, 'name': 'Homininae'}, {'tax_id': 9605, 'name': 'Homo'}, {'tax_id': 9606, 'name': 'Homo sapiens'}]",False,blood,,,True,[],[],,2,,,,,,,,,,,,,,
PP236753.1,,GenBank,,,,2024-06-10,,[],11094,partial,"Chikungunya virus isolate 418118, partial genome",,False,Africa,Senegal,Homo sapiens,"[{'tax_id': 131567, 'name': 'cellular organisms'}, {'tax_id': 2759, 'name': 'Eukaryota'}, {'tax_id': 33154, 'name': 'Opisthokonta'}, {'tax_id': 33208, 'name': 'Metazoa'}, {'tax_id': 6072, 'name': 'Eumetazoa'}, {'tax_id': 33213, 'name': 'Bilateria'}, {'tax_id': 33511, 'name': 'Deuterostomia'}, {'tax_id': 7711, 'name': 'Chordata'}, {'tax_id': 89593, 'name': 'Craniata'}, {'tax_id': 7742, 'name': 'Vertebrata'}, {'tax_id': 7776, 'name': 'Gnathostomata'}, {'tax_id': 117570, 'name': 'Teleostomi'}, {'tax_id': 117571, 'name': 'Euteleostomi'}, {'tax_id': 8287, 'name': 'Sarcopterygii'}, {'tax_id': 1338369, 'name': 'Dipnotetrapodomorpha'}, {'tax_id': 32523, 'name': 'Tetrapoda'}, {'tax_id': 32524, 'name': 'Amniota'}, {'tax_id': 40674, 'name': 'Mammalia'}, {'tax_id': 32525, 'name': 'Theria'}, {'tax_id': 9347, 'name': 'Eutheria'}, {'tax_id': 1437010, 'name': 'Boreoeutheria'}, {'tax_id': 314146, 'name': 'Euarchontoglires'}, {'tax_id': 9443, 'name': 'Primates'}, {'tax_id': 376913, 'name': 'Haplorrhini'}, {'tax_id': 314293, 'name': 'Simiiformes'}, {'tax_id': 9526, 'name': 'Catarrhini'}, {'tax_id': 314295, 'name': 'Hominoidea'}, {'tax_id': 9604, 'name': 'Hominidae'}, {'tax_id': 207598, 'name': 'Homininae'}, {'tax_id': 9605, 'name': 'Homo'}, {'tax_id': 9606, 'name': 'Homo sapiens'}]",False,blood,,,True,[],[],,2,,,,,,,,,,,,,,
PP236752.1,,GenBank,,,,2024-06-10,,[],11134,partial,"Chikungunya virus isolate 418042, partial genome",,False,Africa,Senegal,Homo sapiens,"[{'tax_id': 131567, 'name': 'cellular organisms'}, {'tax_id': 2759, 'name': 'Eukaryota'}, {'tax_id': 33154, 'name': 'Opisthokonta'}, {'tax_id': 33208, 'name': 'Metazoa'}, {'tax_id': 6072, 'name': 'Eumetazoa'}, {'tax_id': 33213, 'name': 'Bilateria'}, {'tax_id': 33511, 'name': 'Deuterostomia'}, {'tax_id': 7711, 'name': 'Chordata'}, {'tax_id': 89593, 'name': 'Craniata'}, {'tax_id': 7742, 'name': 'Vertebrata'}, {'tax_id': 7776, 'name': 'Gnathostomata'}, {'tax_id': 117570, 'name': 'Teleostomi'}, {'tax_id': 117571, 'name': 'Euteleostomi'}, {'tax_id': 8287, 'name': 'Sarcopterygii'}, {'tax_id': 1338369, 'name': 'Dipnotetrapodomorpha'}, {'tax_id': 32523, 'name': 'Tetrapoda'}, {'tax_id': 32524, 'name': 'Amniota'}, {'tax_id': 40674, 'name': 'Mammalia'}, {'tax_id': 32525, 'name': 'Theria'}, {'tax_id': 9347, 'name': 'Eutheria'}, {'tax_id': 1437010, 'name': 'Boreoeutheria'}, {'tax_id': 314146, 'name': 'Euarchontoglires'}, {'tax_id': 9443, 'name': 'Primates'}, {'tax_id': 376913, 'name': 'Haplorrhini'}, {'tax_id': 314293, 'name': 'Simiiformes'}, {'tax_id': 9526, 'name': 'Catarrhini'}, {'tax_id': 314295, 'name': 'Hominoidea'}, {'tax_id': 9604, 'name': 'Hominidae'}, {'tax_id': 207598, 'name': 'Homininae'}, {'tax_id': 9605, 'name': 'Homo'}, {'tax_id': 9606, 'name': 'Homo sapiens'}]",False,blood,,,True,[],[],,2,,,,,,,,,,,,,,
PP236751.1,,GenBank,,,,2024-06-10,,[],10913,partial,"Chikungunya virus isolate 418017, partial genome",,False,Africa,Senegal,Homo sapiens,"[{'tax_id': 131567, 'name': 'cellular organisms'}, {'tax_id': 2759, 'name': 'Eukaryota'}, {'tax_id': 33154, 'name': 'Opisthokonta'}, {'tax_id': 33208, 'name': 'Metazoa'}, {'tax_id': 6072, 'name': 'Eumetazoa'}, {'tax_id': 33213, 'name': 'Bilateria'}, {'tax_id': 33511, 'name': 'Deuterostomia'}, {'tax_id': 7711, 'name': 'Chordata'}, {'tax_id': 89593, 'name': 'Craniata'}, {'tax_id': 7742, 'name': 'Vertebrata'}, {'tax_id': 7776, 'name': 'Gnathostomata'}, {'tax_id': 117570, 'name': 'Teleostomi'}, {'tax_id': 117571, 'name': 'Euteleostomi'}, {'tax_id': 8287, 'name': 'Sarcopterygii'}, {'tax_id': 1338369, 'name': 'Dipnotetrapodomorpha'}, {'tax_id': 32523, 'name': 'Tetrapoda'}, {'tax_id': 32524, 'name': 'Amniota'}, {'tax_id': 40674, 'name': 'Mammalia'}, {'tax_id': 32525, 'name': 'Theria'}, {'tax_id': 9347, 'name': 'Eutheria'}, {'tax_id': 1437010, 'name': 'Boreoeutheria'}, {'tax_id': 314146, 'name': 'Euarchontoglires'}, {'tax_id': 9443, 'name': 'Primates'}, {'tax_id': 376913, 'name': 'Haplorrhini'}, {'tax_id': 314293, 'name': 'Simiiformes'}, {'tax_id': 9526, 'name': 'Catarrhini'}, {'tax_id': 314295, 'name': 'Hominoidea'}, {'tax_id': 9604, 'name': 'Hominidae'}, {'tax_id': 207598, 'name': 'Homininae'}, {'tax_id': 9605, 'name': 'Homo'}, {'tax_id': 9606, 'name': 'Homo sapiens'}]",False,blood,,,True,[],[],,2,,,,,,,,,,,,,,
PP236749.1,,GenBank,,,,2024-06-10,,[],10908,partial,"Chikungunya virus isolate 417995, partial genome",,False,Africa,Senegal,Homo sapiens,"[{'tax_id': 131567, 'name': 'cellular organisms'}, {'tax_id': 2759, 'name': 'Eukaryota'}, {'tax_id': 33154, 'name': 'Opisthokonta'}, {'tax_id': 33208, 'name': 'Metazoa'}, {'tax_id': 6072, 'name': 'Eumetazoa'}, {'tax_id': 33213, 'name': 'Bilateria'}, {'tax_id': 33511, 'name': 'Deuterostomia'}, {'tax_id': 7711, 'name': 'Chordata'}, {'tax_id': 89593, 'name': 'Craniata'}, {'tax_id': 7742, 'name': 'Vertebrata'}, {'tax_id': 7776, 'name': 'Gnathostomata'}, {'tax_id': 117570, 'name': 'Teleostomi'}, {'tax_id': 117571, 'name': 'Euteleostomi'}, {'tax_id': 8287, 'name': 'Sarcopterygii'}, {'tax_id': 1338369, 'name': 'Dipnotetrapodomorpha'}, {'tax_id': 32523, 'name': 'Tetrapoda'}, {'tax_id': 32524, 'name': 'Amniota'}, {'tax_id': 40674, 'name': 'Mammalia'}, {'tax_id': 32525, 'name': 'Theria'}, {'tax_id': 9347, 'name': 'Eutheria'}, {'tax_id': 1437010, 'name': 'Boreoeutheria'}, {'tax_id': 314146, 'name': 'Euarchontoglires'}, {'tax_id': 9443, 'name': 'Primates'}, {'tax_id': 376913, 'name': 'Haplorrhini'}, {'tax_id': 314293, 'name': 'Simiiformes'}, {'tax_id': 9526, 'name': 'Catarrhini'}, {'tax_id': 314295, 'name': 'Hominoidea'}, {'tax_id': 9604, 'name': 'Hominidae'}, {'tax_id': 207598, 'name': 'Homininae'}, {'tax_id': 9605, 'name': 'Homo'}, {'tax_id': 9606, 'name': 'Homo sapiens'}]",False,blood,,,True,[],[],,2,,,,,,,,,,,,,,
PP236748.1,,GenBank,,,,2024-06-10,,[],11009,partial,"Chikungunya virus isolate 417986, partial genome",,False,Africa,Senegal,Homo sapiens,"[{'tax_id': 131567, 'name': 'cellular organisms'}, {'tax_id': 2759, 'name': 'Eukaryota'}, {'tax_id': 33154, 'name': 'Opisthokonta'}, {'tax_id': 33208, 'name': 'Metazoa'}, {'tax_id': 6072, 'name': 'Eumetazoa'}, {'tax_id': 33213, 'name': 'Bilateria'}, {'tax_id': 33511, 'name': 'Deuterostomia'}, {'tax_id': 7711, 'name': 'Chordata'}, {'tax_id': 89593, 'name': 'Craniata'}, {'tax_id': 7742, 'name': 'Vertebrata'}, {'tax_id': 7776, 'name': 'Gnathostomata'}, {'tax_id': 117570, 'name': 'Teleostomi'}, {'tax_id': 117571, 'name': 'Euteleostomi'}, {'tax_id': 8287, 'name': 'Sarcopterygii'}, {'tax_id': 1338369, 'name': 'Dipnotetrapodomorpha'}, {'tax_id': 32523, 'name': 'Tetrapoda'}, {'tax_id': 32524, 'name': 'Amniota'}, {'tax_id': 40674, 'name': 'Mammalia'}, {'tax_id': 32525, 'name': 'Theria'}, {'tax_id': 9347, 'name': 'Eutheria'}, {'tax_id': 1437010, 'name': 'Boreoeutheria'}, {'tax_id': 314146, 'name': 'Euarchontoglires'}, {'tax_id': 9443, 'name': 'Primates'}, {'tax_id': 376913, 'name': 'Haplorrhini'}, {'tax_id': 314293, 'name': 'Simiiformes'}, {'tax_id': 9526, 'name': 'Catarrhini'}, {'tax_id': 314295, 'name': 'Hominoidea'}, {'tax_id': 9604, 'name': 'Hominidae'}, {'tax_id': 207598, 'name': 'Homininae'}, {'tax_id': 9605, 'name': 'Homo'}, {'tax_id': 9606, 'name': 'Homo sapiens'}]",False,blood,,,True,[],[],,2,,,,,,,,,,,,,,
PP236746.1,,GenBank,,,,2024-06-10,,[],10891,partial,"Chikungunya virus isolate 417878, partial genome",,False,Africa,Senegal,Homo sapiens,"[{'tax_id': 131567, 'name': 'cellular organisms'}, {'tax_id': 2759, 'name': 'Eukaryota'}, {'tax_id': 33154, 'name': 'Opisthokonta'}, {'tax_id': 33208, 'name': 'Metazoa'}, {'tax_id': 6072, 'name': 'Eumetazoa'}, {'tax_id': 33213, 'name': 'Bilateria'}, {'tax_id': 33511, 'name': 'Deuterostomia'}, {'tax_id': 7711, 'name': 'Chordata'}, {'tax_id': 89593, 'name': 'Craniata'}, {'tax_id': 7742, 'name': 'Vertebrata'}, {'tax_id': 7776, 'name': 'Gnathostomata'}, {'tax_id': 117570, 'name': 'Teleostomi'}, {'tax_id': 117571, 'name': 'Euteleostomi'}, {'tax_id': 8287, 'name': 'Sarcopterygii'}, {'tax_id': 1338369, 'name': 'Dipnotetrapodomorpha'}, {'tax_id': 32523, 'name': 'Tetrapoda'}, {'tax_id': 32524, 'name': 'Amniota'}, {'tax_id': 40674, 'name': 'Mammalia'}, {'tax_id': 32525, 'name': 'Theria'}, {'tax_id': 9347, 'name': 'Eutheria'}, {'tax_id': 1437010, 'name': 'Boreoeutheria'}, {'tax_id': 314146, 'name': 'Euarchontoglires'}, {'tax_id': 9443, 'name': 'Primates'}, {'tax_id': 376913, 'name': 'Haplorrhini'}, {'tax_id': 314293, 'name': 'Simiiformes'}, {'tax_id': 9526, 'name': 'Catarrhini'}, {'tax_id': 314295, 'name': 'Hominoidea'}, {'tax_id': 9604, 'name': 'Hominidae'}, {'tax_id': 207598, 'name': 'Homininae'}, {'tax_id': 9605, 'name': 'Homo'}, {'tax_id': 9606, 'name': 'Homo sapiens'}]",False,blood,,,True,[],[],,2,,,,,,,,,,,,,,
PP236745.1,,GenBank,,,,2024-06-10,,[],10904,partial,"Chikungunya virus isolate 417864, partial genome",,False,Africa,Senegal,Homo sapiens,"[{'tax_id': 131567, 'name': 'cellular organisms'}, {'tax_id': 2759, 'name': 'Eukaryota'}, {'tax_id': 33154, 'name': 'Opisthokonta'}, {'tax_id': 33208, 'name': 'Metazoa'}, {'tax_id': 6072, 'name': 'Eumetazoa'}, {'tax_id': 33213, 'name': 'Bilateria'}, {'tax_id': 33511, 'name': 'Deuterostomia'}, {'tax_id': 7711, 'name': 'Chordata'}, {'tax_id': 89593, 'name': 'Craniata'}, {'tax_id': 7742, 'name': 'Vertebrata'}, {'tax_id': 7776, 'name': 'Gnathostomata'}, {'tax_id': 117570, 'name': 'Teleostomi'}, {'tax_id': 117571, 'name': 'Euteleostomi'}, {'tax_id': 8287, 'name': 'Sarcopterygii'}, {'tax_id': 1338369, 'name': 'Dipnotetrapodomorpha'}, {'tax_id': 32523, 'name': 'Tetrapoda'}, {'tax_id': 32524, 'name': 'Amniota'}, {'tax_id': 40674, 'name': 'Mammalia'}, {'tax_id': 32525, 'name': 'Theria'}, {'tax_id': 9347, 'name': 'Eutheria'}, {'tax_id': 1437010, 'name': 'Boreoeutheria'}, {'tax_id': 314146, 'name': 'Euarchontoglires'}, {'tax_id': 9443, 'name': 'Primates'}, {'tax_id': 376913, 'name': 'Haplorrhini'}, {'tax_id': 314293, 'name': 'Simiiformes'}, {'tax_id': 9526, 'name': 'Catarrhini'}, {'tax_id': 314295, 'name': 'Hominoidea'}, {'tax_id': 9604, 'name': 'Hominidae'}, {'tax_id': 207598, 'name': 'Homininae'}, {'tax_id': 9605, 'name': 'Homo'}, {'tax_id': 9606, 'name': 'Homo sapiens'}]",False,blood,,,True,[],[],,2,,,,,,,,,,,,,,
PP236744.1,,GenBank,,,,2024-06-10,,[],10920,partial,"Chikungunya virus isolate 417861, partial genome",,False,Africa,Senegal,Homo sapiens,"[{'tax_id': 131567, 'name': 'cellular organisms'}, {'tax_id': 2759, 'name': 'Eukaryota'}, {'tax_id': 33154, 'name': 'Opisthokonta'}, {'tax_id': 33208, 'name': 'Metazoa'}, {'tax_id': 6072, 'name': 'Eumetazoa'}, {'tax_id': 33213, 'name': 'Bilateria'}, {'tax_id': 33511, 'name': 'Deuterostomia'}, {'tax_id': 7711, 'name': 'Chordata'}, {'tax_id': 89593, 'name': 'Craniata'}, {'tax_id': 7742, 'name': 'Vertebrata'}, {'tax_id': 7776, 'name': 'Gnathostomata'}, {'tax_id': 117570, 'name': 'Teleostomi'}, {'tax_id': 117571, 'name': 'Euteleostomi'}, {'tax_id': 8287, 'name': 'Sarcopterygii'}, {'tax_id': 1338369, 'name': 'Dipnotetrapodomorpha'}, {'tax_id': 32523, 'name': 'Tetrapoda'}, {'tax_id': 32524, 'name': 'Amniota'}, {'tax_id': 40674, 'name': 'Mammalia'}, {'tax_id': 32525, 'name': 'Theria'}, {'tax_id': 9347, 'name': 'Eutheria'}, {'tax_id': 1437010, 'name': 'Boreoeutheria'}, {'tax_id': 314146, 'name': 'Euarchontoglires'}, {'tax_id': 9443, 'name': 'Primates'}, {'tax_id': 376913, 'name': 'Haplorrhini'}, {'tax_id': 314293, 'name': 'Simiiformes'}, {'tax_id': 9526, 'name': 'Catarrhini'}, {'tax_id': 314295, 'name': 'Hominoidea'}, {'tax_id': 9604, 'name': 'Hominidae'}, {'tax_id': 207598, 'name': 'Homininae'}, {'tax_id': 9605, 'name': 'Homo'}, {'tax_id': 9606, 'name': 'Homo sapiens'}]",False,blood,,,True,[],[],,2,,,,,,,,,,,,,,
PP236743.1,,GenBank,,,,2024-06-10,,[],11053,partial,"Chikungunya virus isolate 417854, partial genome",,False,Africa,Senegal,Homo sapiens,"[{'tax_id': 131567, 'name': 'cellular organisms'}, {'tax_id': 2759, 'name': 'Eukaryota'}, {'tax_id': 33154, 'name': 'Opisthokonta'}, {'tax_id': 33208, 'name': 'Metazoa'}, {'tax_id': 6072, 'name': 'Eumetazoa'}, {'tax_id': 33213, 'name': 'Bilateria'}, {'tax_id': 33511, 'name': 'Deuterostomia'}, {'tax_id': 7711, 'name': 'Chordata'}, {'tax_id': 89593, 'name': 'Craniata'}, {'tax_id': 7742, 'name': 'Vertebrata'}, {'tax_id': 7776, 'name': 'Gnathostomata'}, {'tax_id': 117570, 'name': 'Teleostomi'}, {'tax_id': 117571, 'name': 'Euteleostomi'}, {'tax_id': 8287, 'name': 'Sarcopterygii'}, {'tax_id': 1338369, 'name': 'Dipnotetrapodomorpha'}, {'tax_id': 32523, 'name': 'Tetrapoda'}, {'tax_id': 32524, 'name': 'Amniota'}, {'tax_id': 40674, 'name': 'Mammalia'}, {'tax_id': 32525, 'name': 'Theria'}, {'tax_id': 9347, 'name': 'Eutheria'}, {'tax_id': 1437010, 'name': 'Boreoeutheria'}, {'tax_id': 314146, 'name': 'Euarchontoglires'}, {'tax_id': 9443, 'name': 'Primates'}, {'tax_id': 376913, 'name': 'Haplorrhini'}, {'tax_id': 314293, 'name': 'Simiiformes'}, {'tax_id': 9526, 'name': 'Catarrhini'}, {'tax_id': 314295, 'name': 'Hominoidea'}, {'tax_id': 9604, 'name': 'Hominidae'}, {'tax_id': 207598, 'name': 'Homininae'}, {'tax_id': 9605, 'name': 'Homo'}, {'tax_id': 9606, 'name': 'Homo sapiens'}]",False,blood,,,True,[],[],,2,,,,,,,,,,,,,,
PP236742.1,,GenBank,,,,2024-06-10,,[],10991,partial,"Chikungunya virus isolate 417824, partial genome",,False,Africa,Senegal,Homo sapiens,"[{'tax_id': 131567, 'name': 'cellular organisms'}, {'tax_id': 2759, 'name': 'Eukaryota'}, {'tax_id': 33154, 'name': 'Opisthokonta'}, {'tax_id': 33208, 'name': 'Metazoa'}, {'tax_id': 6072, 'name': 'Eumetazoa'}, {'tax_id': 33213, 'name': 'Bilateria'}, {'tax_id': 33511, 'name': 'Deuterostomia'}, {'tax_id': 7711, 'name': 'Chordata'}, {'tax_id': 89593, 'name': 'Craniata'}, {'tax_id': 7742, 'name': 'Vertebrata'}, {'tax_id': 7776, 'name': 'Gnathostomata'}, {'tax_id': 117570, 'name': 'Teleostomi'}, {'tax_id': 117571, 'name': 'Euteleostomi'}, {'tax_id': 8287, 'name': 'Sarcopterygii'}, {'tax_id': 1338369, 'name': 'Dipnotetrapodomorpha'}, {'tax_id': 32523, 'name': 'Tetrapoda'}, {'tax_id': 32524, 'name': 'Amniota'}, {'tax_id': 40674, 'name': 'Mammalia'}, {'tax_id': 32525, 'name': 'Theria'}, {'tax_id': 9347, 'name': 'Eutheria'}, {'tax_id': 1437010, 'name': 'Boreoeutheria'}, {'tax_id': 314146, 'name': 'Euarchontoglires'}, {'tax_id': 9443, 'name': 'Primates'}, {'tax_id': 376913, 'name': 'Haplorrhini'}, {'tax_id': 314293, 'name': 'Simiiformes'}, {'tax_id': 9526, 'name': 'Catarrhini'}, {'tax_id': 314295, 'name': 'Hominoidea'}, {'tax_id': 9604, 'name': 'Hominidae'}, {'tax_id': 207598, 'name': 'Homininae'}, {'tax_id': 9605, 'name': 'Homo'}, {'tax_id': 9606, 'name': 'Homo sapiens'}]",False,blood,,,True,[],[],,2,,,,,,,,,,,,,,
PP196614.1,,GenBank,,,,2025-01-21,,[],11120,partial,"Chikungunya virus isolate ONT_427972_400, partial genome",,False,Africa,Senegal,Homo sapiens,"[{'tax_id': 131567, 'name': 'cellular organisms'}, {'tax_id': 2759, 'name': 'Eukaryota'}, {'tax_id': 33154, 'name': 'Opisthokonta'}, {'tax_id': 33208, 'name': 'Metazoa'}, {'tax_id': 6072, 'name': 'Eumetazoa'}, {'tax_id': 33213, 'name': 'Bilateria'}, {'tax_id': 33511, 'name': 'Deuterostomia'}, {'tax_id': 7711, 'name': 'Chordata'}, {'tax_id': 89593, 'name': 'Craniata'}, {'tax_id': 7742, 'name': 'Vertebrata'}, {'tax_id': 7776, 'name': 'Gnathostomata'}, {'tax_id': 117570, 'name': 'Teleostomi'}, {'tax_id': 117571, 'name': 'Euteleostomi'}, {'tax_id': 8287, 'name': 'Sarcopterygii'}, {'tax_id': 1338369, 'name': 'Dipnotetrapodomorpha'}, {'tax_id': 32523, 'name': 'Tetrapoda'}, {'tax_id': 32524, 'name': 'Amniota'}, {'tax_id': 40674, 'name': 'Mammalia'}, {'tax_id': 32525, 'name': 'Theria'}, {'tax_id': 9347, 'name': 'Eutheria'}, {'tax_id': 1437010, 'name': 'Boreoeutheria'}, {'tax_id': 314146, 'name': 'Euarchontoglires'}, {'tax_id': 9443, 'name': 'Primates'}, {'tax_id': 376913, 'name': 'Haplorrhini'}, {'tax_id': 314293, 'name': 'Simiiformes'}, {'tax_id': 9526, 'name': 'Catarrhini'}, {'tax_id': 314295, 'name': 'Hominoidea'}, {'tax_id': 9604, 'name': 'Hominidae'}, {'tax_id': 207598, 'name': 'Homininae'}, {'tax_id': 9605, 'name': 'Homo'}, {'tax_id': 9606, 'name': 'Homo sapiens'}]",False,blood,,,True,[],[],,2,,,,,,,,,,,,,,
PP196613.1,,GenBank,,,,2025-01-21,,[],11108,partial,"Chikungunya virus isolate ONT_427972_1200, partial genome",,False,Africa,Senegal,Homo sapiens,"[{'tax_id': 131567, 'name': 'cellular organisms'}, {'tax_id': 2759, 'name': 'Eukaryota'}, {'tax_id': 33154, 'name': 'Opisthokonta'}, {'tax_id': 33208, 'name': 'Metazoa'}, {'tax_id': 6072, 'name': 'Eumetazoa'}, {'tax_id': 33213, 'name': 'Bilateria'}, {'tax_id': 33511, 'name': 'Deuterostomia'}, {'tax_id': 7711, 'name': 'Chordata'}, {'tax_id': 89593, 'name': 'Craniata'}, {'tax_id': 7742, 'name': 'Vertebrata'}, {'tax_id': 7776, 'name': 'Gnathostomata'}, {'tax_id': 117570, 'name': 'Teleostomi'}, {'tax_id': 117571, 'name': 'Euteleostomi'}, {'tax_id': 8287, 'name': 'Sarcopterygii'}, {'tax_id': 1338369, 'name': 'Dipnotetrapodomorpha'}, {'tax_id': 32523, 'name': 'Tetrapoda'}, {'tax_id': 32524, 'name': 'Amniota'}, {'tax_id': 40674, 'name': 'Mammalia'}, {'tax_id': 32525, 'name': 'Theria'}, {'tax_id': 9347, 'name': 'Eutheria'}, {'tax_id': 1437010, 'name': 'Boreoeutheria'}, {'tax_id': 314146, 'name': 'Euarchontoglires'}, {'tax_id': 9443, 'name': 'Primates'}, {'tax_id': 376913, 'name': 'Haplorrhini'}, {'tax_id': 314293, 'name': 'Simiiformes'}, {'tax_id': 9526, 'name': 'Catarrhini'}, {'tax_id': 314295, 'name': 'Hominoidea'}, {'tax_id': 9604, 'name': 'Hominidae'}, {'tax_id': 207598, 'name': 'Homininae'}, {'tax_id': 9605, 'name': 'Homo'}, {'tax_id': 9606, 'name': 'Homo sapiens'}]",False,blood,,,True,[],[],,2,,,,,,,,,,,,,,
PP196612.1,,GenBank,,,,2025-01-21,,[],11153,partial,"Chikungunya virus isolate ONT_427924_400, partial genome",,False,Africa,Senegal,Homo sapiens,"[{'tax_id': 131567, 'name': 'cellular organisms'}, {'tax_id': 2759, 'name': 'Eukaryota'}, {'tax_id': 33154, 'name': 'Opisthokonta'}, {'tax_id': 33208, 'name': 'Metazoa'}, {'tax_id': 6072, 'name': 'Eumetazoa'}, {'tax_id': 33213, 'name': 'Bilateria'}, {'tax_id': 33511, 'name': 'Deuterostomia'}, {'tax_id': 7711, 'name': 'Chordata'}, {'tax_id': 89593, 'name': 'Craniata'}, {'tax_id': 7742, 'name': 'Vertebrata'}, {'tax_id': 7776, 'name': 'Gnathostomata'}, {'tax_id': 117570, 'name': 'Teleostomi'}, {'tax_id': 117571, 'name': 'Euteleostomi'}, {'tax_id': 8287, 'name': 'Sarcopterygii'}, {'tax_id': 1338369, 'name': 'Dipnotetrapodomorpha'}, {'tax_id': 32523, 'name': 'Tetrapoda'}, {'tax_id': 32524, 'name': 'Amniota'}, {'tax_id': 40674, 'name': 'Mammalia'}, {'tax_id': 32525, 'name': 'Theria'}, {'tax_id': 9347, 'name': 'Eutheria'}, {'tax_id': 1437010, 'name': 'Boreoeutheria'}, {'tax_id': 314146, 'name': 'Euarchontoglires'}, {'tax_id': 9443, 'name': 'Primates'}, {'tax_id': 376913, 'name': 'Haplorrhini'}, {'tax_id': 314293, 'name': 'Simiiformes'}, {'tax_id': 9526, 'name': 'Catarrhini'}, {'tax_id': 314295, 'name': 'Hominoidea'}, {'tax_id': 9604, 'name': 'Hominidae'}, {'tax_id': 207598, 'name': 'Homininae'}, {'tax_id': 9605, 'name': 'Homo'}, {'tax_id': 9606, 'name': 'Homo sapiens'}]",False,blood,,,True,[],[],,2,,,,,,,,,,,,,,
PP196611.1,,GenBank,,,,2025-01-21,,[],11161,partial,"Chikungunya virus isolate ONT_427924_1200, partial genome",,False,Africa,Senegal,Homo sapiens,"[{'tax_id': 131567, 'name': 'cellular organisms'}, {'tax_id': 2759, 'name': 'Eukaryota'}, {'tax_id': 33154, 'name': 'Opisthokonta'}, {'tax_id': 33208, 'name': 'Metazoa'}, {'tax_id': 6072, 'name': 'Eumetazoa'}, {'tax_id': 33213, 'name': 'Bilateria'}, {'tax_id': 33511, 'name': 'Deuterostomia'}, {'tax_id': 7711, 'name': 'Chordata'}, {'tax_id': 89593, 'name': 'Craniata'}, {'tax_id': 7742, 'name': 'Vertebrata'}, {'tax_id': 7776, 'name': 'Gnathostomata'}, {'tax_id': 117570, 'name': 'Teleostomi'}, {'tax_id': 117571, 'name': 'Euteleostomi'}, {'tax_id': 8287, 'name': 'Sarcopterygii'}, {'tax_id': 1338369, 'name': 'Dipnotetrapodomorpha'}, {'tax_id': 32523, 'name': 'Tetrapoda'}, {'tax_id': 32524, 'name': 'Amniota'}, {'tax_id': 40674, 'name': 'Mammalia'}, {'tax_id': 32525, 'name': 'Theria'}, {'tax_id': 9347, 'name': 'Eutheria'}, {'tax_id': 1437010, 'name': 'Boreoeutheria'}, {'tax_id': 314146, 'name': 'Euarchontoglires'}, {'tax_id': 9443, 'name': 'Primates'}, {'tax_id': 376913, 'name': 'Haplorrhini'}, {'tax_id': 314293, 'name': 'Simiiformes'}, {'tax_id': 9526, 'name': 'Catarrhini'}, {'tax_id': 314295, 'name': 'Hominoidea'}, {'tax_id': 9604, 'name': 'Hominidae'}, {'tax_id': 207598, 'name': 'Homininae'}, {'tax_id': 9605, 'name': 'Homo'}, {'tax_id': 9606, 'name': 'Homo sapiens'}]",False,blood,,,True,[],[],,2,,,,,,,,,,,,,,
PP196610.1,,GenBank,,,,2025-01-21,,[],11063,partial,"Chikungunya virus isolate ONT_418135_400, partial genome",,False,Africa,Senegal,Homo sapiens,"[{'tax_id': 131567, 'name': 'cellular organisms'}, {'tax_id': 2759, 'name': 'Eukaryota'}, {'tax_id': 33154, 'name': 'Opisthokonta'}, {'tax_id': 33208, 'name': 'Metazoa'}, {'tax_id': 6072, 'name': 'Eumetazoa'}, {'tax_id': 33213, 'name': 'Bilateria'}, {'tax_id': 33511, 'name': 'Deuterostomia'}, {'tax_id': 7711, 'name': 'Chordata'}, {'tax_id': 89593, 'name': 'Craniata'}, {'tax_id': 7742, 'name': 'Vertebrata'}, {'tax_id': 7776, 'name': 'Gnathostomata'}, {'tax_id': 117570, 'name': 'Teleostomi'}, {'tax_id': 117571, 'name': 'Euteleostomi'}, {'tax_id': 8287, 'name': 'Sarcopterygii'}, {'tax_id': 1338369, 'name': 'Dipnotetrapodomorpha'}, {'tax_id': 32523, 'name': 'Tetrapoda'}, {'tax_id': 32524, 'name': 'Amniota'}, {'tax_id': 40674, 'name': 'Mammalia'}, {'tax_id': 32525, 'name': 'Theria'}, {'tax_id': 9347, 'name': 'Eutheria'}, {'tax_id': 1437010, 'name': 'Boreoeutheria'}, {'tax_id': 314146, 'name': 'Euarchontoglires'}, {'tax_id': 9443, 'name': 'Primates'}, {'tax_id': 376913, 'name': 'Haplorrhini'}, {'tax_id': 314293, 'name': 'Simiiformes'}, {'tax_id': 9526, 'name': 'Catarrhini'}, {'tax_id': 314295, 'name': 'Hominoidea'}, {'tax_id': 9604, 'name': 'Hominidae'}, {'tax_id': 207598, 'name': 'Homininae'}, {'tax_id': 9605, 'name': 'Homo'}, {'tax_id': 9606, 'name': 'Homo sapiens'}]",False,blood,,,True,[],[],,2,,,,,,,,,,,,,,
PP196609.1,,GenBank,,,,2025-01-21,,[],11107,partial,"Chikungunya virus isolate ONT_418135_1200, partial genome",,False,Africa,Senegal,Homo sapiens,"[{'tax_id': 131567, 'name': 'cellular organisms'}, {'tax_id': 2759, 'name': 'Eukaryota'}, {'tax_id': 33154, 'name': 'Opisthokonta'}, {'tax_id': 33208, 'name': 'Metazoa'}, {'tax_id': 6072, 'name': 'Eumetazoa'}, {'tax_id': 33213, 'name': 'Bilateria'}, {'tax_id': 33511, 'name': 'Deuterostomia'}, {'tax_id': 7711, 'name': 'Chordata'}, {'tax_id': 89593, 'name': 'Craniata'}, {'tax_id': 7742, 'name': 'Vertebrata'}, {'tax_id': 7776, 'name': 'Gnathostomata'}, {'tax_id': 117570, 'name': 'Teleostomi'}, {'tax_id': 117571, 'name': 'Euteleostomi'}, {'tax_id': 8287, 'name': 'Sarcopterygii'}, {'tax_id': 1338369, 'name': 'Dipnotetrapodomorpha'}, {'tax_id': 32523, 'name': 'Tetrapoda'}, {'tax_id': 32524, 'name': 'Amniota'}, {'tax_id': 40674, 'name': 'Mammalia'}, {'tax_id': 32525, 'name': 'Theria'}, {'tax_id': 9347, 'name': 'Eutheria'}, {'tax_id': 1437010, 'name': 'Boreoeutheria'}, {'tax_id': 314146, 'name': 'Euarchontoglires'}, {'tax_id': 9443, 'name': 'Primates'}, {'tax_id': 376913, 'name': 'Haplorrhini'}, {'tax_id': 314293, 'name': 'Simiiformes'}, {'tax_id': 9526, 'name': 'Catarrhini'}, {'tax_id': 314295, 'name': 'Hominoidea'}, {'tax_id': 9604, 'name': 'Hominidae'}, {'tax_id': 207598, 'name': 'Homininae'}, {'tax_id': 9605, 'name': 'Homo'}, {'tax_id': 9606, 'name': 'Homo sapiens'}]",False,blood,,,True,[],[],,2,,,,,,,,,,,,,,
PP196608.1,,GenBank,,,,2025-01-21,,[],11107,partial,"Chikungunya virus isolate ONT_418118_400, partial genome",,False,Africa,Senegal,Homo sapiens,"[{'tax_id': 131567, 'name': 'cellular organisms'}, {'tax_id': 2759, 'name': 'Eukaryota'}, {'tax_id': 33154, 'name': 'Opisthokonta'}, {'tax_id': 33208, 'name': 'Metazoa'}, {'tax_id': 6072, 'name': 'Eumetazoa'}, {'tax_id': 33213, 'name': 'Bilateria'}, {'tax_id': 33511, 'name': 'Deuterostomia'}, {'tax_id': 7711, 'name': 'Chordata'}, {'tax_id': 89593, 'name': 'Craniata'}, {'tax_id': 7742, 'name': 'Vertebrata'}, {'tax_id': 7776, 'name': 'Gnathostomata'}, {'tax_id': 117570, 'name': 'Teleostomi'}, {'tax_id': 117571, 'name': 'Euteleostomi'}, {'tax_id': 8287, 'name': 'Sarcopterygii'}, {'tax_id': 1338369, 'name': 'Dipnotetrapodomorpha'}, {'tax_id': 32523, 'name': 'Tetrapoda'}, {'tax_id': 32524, 'name': 'Amniota'}, {'tax_id': 40674, 'name': 'Mammalia'}, {'tax_id': 32525, 'name': 'Theria'}, {'tax_id': 9347, 'name': 'Eutheria'}, {'tax_id': 1437010, 'name': 'Boreoeutheria'}, {'tax_id': 314146, 'name': 'Euarchontoglires'}, {'tax_id': 9443, 'name': 'Primates'}, {'tax_id': 376913, 'name': 'Haplorrhini'}, {'tax_id': 314293, 'name': 'Simiiformes'}, {'tax_id': 9526, 'name': 'Catarrhini'}, {'tax_id': 314295, 'name': 'Hominoidea'}, {'tax_id': 9604, 'name': 'Hominidae'}, {'tax_id': 207598, 'name': 'Homininae'}, {'tax_id': 9605, 'name': 'Homo'}, {'tax_id': 9606, 'name': 'Homo sapiens'}]",False,blood,,,True,[],[],,2,,,,,,,,,,,,,,
PP196607.1,,GenBank,,,,2025-01-21,,[],10957,partial,"Chikungunya virus isolate ONT_418118_1200, partial genome",,False,Africa,Senegal,Homo sapiens,"[{'tax_id': 131567, 'name': 'cellular organisms'}, {'tax_id': 2759, 'name': 'Eukaryota'}, {'tax_id': 33154, 'name': 'Opisthokonta'}, {'tax_id': 33208, 'name': 'Metazoa'}, {'tax_id': 6072, 'name': 'Eumetazoa'}, {'tax_id': 33213, 'name': 'Bilateria'}, {'tax_id': 33511, 'name': 'Deuterostomia'}, {'tax_id': 7711, 'name': 'Chordata'}, {'tax_id': 89593, 'name': 'Craniata'}, {'tax_id': 7742, 'name': 'Vertebrata'}, {'tax_id': 7776, 'name': 'Gnathostomata'}, {'tax_id': 117570, 'name': 'Teleostomi'}, {'tax_id': 117571, 'name': 'Euteleostomi'}, {'tax_id': 8287, 'name': 'Sarcopterygii'}, {'tax_id': 1338369, 'name': 'Dipnotetrapodomorpha'}, {'tax_id': 32523, 'name': 'Tetrapoda'}, {'tax_id': 32524, 'name': 'Amniota'}, {'tax_id': 40674, 'name': 'Mammalia'}, {'tax_id': 32525, 'name': 'Theria'}, {'tax_id': 9347, 'name': 'Eutheria'}, {'tax_id': 1437010, 'name': 'Boreoeutheria'}, {'tax_id': 314146, 'name': 'Euarchontoglires'}, {'tax_id': 9443, 'name': 'Primates'}, {'tax_id': 376913, 'name': 'Haplorrhini'}, {'tax_id': 314293, 'name': 'Simiiformes'}, {'tax_id': 9526, 'name': 'Catarrhini'}, {'tax_id': 314295, 'name': 'Hominoidea'}, {'tax_id': 9604, 'name': 'Hominidae'}, {'tax_id': 207598, 'name': 'Homininae'}, {'tax_id': 9605, 'name': 'Homo'}, {'tax_id': 9606, 'name': 'Homo sapiens'}]",False,blood,,,True,[],[],,2,,,,,,,,,,,,,,
PP196606.1,,GenBank,,,,2025-01-21,,[],11142,partial,"Chikungunya virus isolate ONT_418042_400, partial genome",,False,Africa,Senegal,Homo sapiens,"[{'tax_id': 131567, 'name': 'cellular organisms'}, {'tax_id': 2759, 'name': 'Eukaryota'}, {'tax_id': 33154, 'name': 'Opisthokonta'}, {'tax_id': 33208, 'name': 'Metazoa'}, {'tax_id': 6072, 'name': 'Eumetazoa'}, {'tax_id': 33213, 'name': 'Bilateria'}, {'tax_id': 33511, 'name': 'Deuterostomia'}, {'tax_id': 7711, 'name': 'Chordata'}, {'tax_id': 89593, 'name': 'Craniata'}, {'tax_id': 7742, 'name': 'Vertebrata'}, {'tax_id': 7776, 'name': 'Gnathostomata'}, {'tax_id': 117570, 'name': 'Teleostomi'}, {'tax_id': 117571, 'name': 'Euteleostomi'}, {'tax_id': 8287, 'name': 'Sarcopterygii'}, {'tax_id': 1338369, 'name': 'Dipnotetrapodomorpha'}, {'tax_id': 32523, 'name': 'Tetrapoda'}, {'tax_id': 32524, 'name': 'Amniota'}, {'tax_id': 40674, 'name': 'Mammalia'}, {'tax_id': 32525, 'name': 'Theria'}, {'tax_id': 9347, 'name': 'Eutheria'}, {'tax_id': 1437010, 'name': 'Boreoeutheria'}, {'tax_id': 314146, 'name': 'Euarchontoglires'}, {'tax_id': 9443, 'name': 'Primates'}, {'tax_id': 376913, 'name': 'Haplorrhini'}, {'tax_id': 314293, 'name': 'Simiiformes'}, {'tax_id': 9526, 'name': 'Catarrhini'}, {'tax_id': 314295, 'name': 'Hominoidea'}, {'tax_id': 9604, 'name': 'Hominidae'}, {'tax_id': 207598, 'name': 'Homininae'}, {'tax_id': 9605, 'name': 'Homo'}, {'tax_id': 9606, 'name': 'Homo sapiens'}]",False,blood,,,True,[],[],,2,,,,,,,,,,,,,,
PP196605.1,,GenBank,,,,2025-01-21,,[],11153,partial,"Chikungunya virus isolate ONT_418042_1200, partial genome",,False,Africa,Senegal,Homo sapiens,"[{'tax_id': 131567, 'name': 'cellular organisms'}, {'tax_id': 2759, 'name': 'Eukaryota'}, {'tax_id': 33154, 'name': 'Opisthokonta'}, {'tax_id': 33208, 'name': 'Metazoa'}, {'tax_id': 6072, 'name': 'Eumetazoa'}, {'tax_id': 33213, 'name': 'Bilateria'}, {'tax_id': 33511, 'name': 'Deuterostomia'}, {'tax_id': 7711, 'name': 'Chordata'}, {'tax_id': 89593, 'name': 'Craniata'}, {'tax_id': 7742, 'name': 'Vertebrata'}, {'tax_id': 7776, 'name': 'Gnathostomata'}, {'tax_id': 117570, 'name': 'Teleostomi'}, {'tax_id': 117571, 'name': 'Euteleostomi'}, {'tax_id': 8287, 'name': 'Sarcopterygii'}, {'tax_id': 1338369, 'name': 'Dipnotetrapodomorpha'}, {'tax_id': 32523, 'name': 'Tetrapoda'}, {'tax_id': 32524, 'name': 'Amniota'}, {'tax_id': 40674, 'name': 'Mammalia'}, {'tax_id': 32525, 'name': 'Theria'}, {'tax_id': 9347, 'name': 'Eutheria'}, {'tax_id': 1437010, 'name': 'Boreoeutheria'}, {'tax_id': 314146, 'name': 'Euarchontoglires'}, {'tax_id': 9443, 'name': 'Primates'}, {'tax_id': 376913, 'name': 'Haplorrhini'}, {'tax_id': 314293, 'name': 'Simiiformes'}, {'tax_id': 9526, 'name': 'Catarrhini'}, {'tax_id': 314295, 'name': 'Hominoidea'}, {'tax_id': 9604, 'name': 'Hominidae'}, {'tax_id': 207598, 'name': 'Homininae'}, {'tax_id': 9605, 'name': 'Homo'}, {'tax_id': 9606, 'name': 'Homo sapiens'}]",False,blood,,,True,[],[],,2,,,,,,,,,,,,,,
PP196604.1,,GenBank,,,,2025-01-21,,[],10842,partial,"Chikungunya virus isolate ONT_418017_400, partial genome",,False,Africa,Senegal,Homo sapiens,"[{'tax_id': 131567, 'name': 'cellular organisms'}, {'tax_id': 2759, 'name': 'Eukaryota'}, {'tax_id': 33154, 'name': 'Opisthokonta'}, {'tax_id': 33208, 'name': 'Metazoa'}, {'tax_id': 6072, 'name': 'Eumetazoa'}, {'tax_id': 33213, 'name': 'Bilateria'}, {'tax_id': 33511, 'name': 'Deuterostomia'}, {'tax_id': 7711, 'name': 'Chordata'}, {'tax_id': 89593, 'name': 'Craniata'}, {'tax_id': 7742, 'name': 'Vertebrata'}, {'tax_id': 7776, 'name': 'Gnathostomata'}, {'tax_id': 117570, 'name': 'Teleostomi'}, {'tax_id': 117571, 'name': 'Euteleostomi'}, {'tax_id': 8287, 'name': 'Sarcopterygii'}, {'tax_id': 1338369, 'name': 'Dipnotetrapodomorpha'}, {'tax_id': 32523, 'name': 'Tetrapoda'}, {'tax_id': 32524, 'name': 'Amniota'}, {'tax_id': 40674, 'name': 'Mammalia'}, {'tax_id': 32525, 'name': 'Theria'}, {'tax_id': 9347, 'name': 'Eutheria'}, {'tax_id': 1437010, 'name': 'Boreoeutheria'}, {'tax_id': 314146, 'name': 'Euarchontoglires'}, {'tax_id': 9443, 'name': 'Primates'}, {'tax_id': 376913, 'name': 'Haplorrhini'}, {'tax_id': 314293, 'name': 'Simiiformes'}, {'tax_id': 9526, 'name': 'Catarrhini'}, {'tax_id': 314295, 'name': 'Hominoidea'}, {'tax_id': 9604, 'name': 'Hominidae'}, {'tax_id': 207598, 'name': 'Homininae'}, {'tax_id': 9605, 'name': 'Homo'}, {'tax_id': 9606, 'name': 'Homo sapiens'}]",False,blood,,,True,[],[],,2,,,,,,,,,,,,,,
PP196603.1,,GenBank,,,,2025-01-21,,[],11093,partial,"Chikungunya virus isolate ONT_418017_1200, partial genome",,False,Africa,Senegal,Homo sapiens,"[{'tax_id': 131567, 'name': 'cellular organisms'}, {'tax_id': 2759, 'name': 'Eukaryota'}, {'tax_id': 33154, 'name': 'Opisthokonta'}, {'tax_id': 33208, 'name': 'Metazoa'}, {'tax_id': 6072, 'name': 'Eumetazoa'}, {'tax_id': 33213, 'name': 'Bilateria'}, {'tax_id': 33511, 'name': 'Deuterostomia'}, {'tax_id': 7711, 'name': 'Chordata'}, {'tax_id': 89593, 'name': 'Craniata'}, {'tax_id': 7742, 'name': 'Vertebrata'}, {'tax_id': 7776, 'name': 'Gnathostomata'}, {'tax_id': 117570, 'name': 'Teleostomi'}, {'tax_id': 117571, 'name': 'Euteleostomi'}, {'tax_id': 8287, 'name': 'Sarcopterygii'}, {'tax_id': 1338369, 'name': 'Dipnotetrapodomorpha'}, {'tax_id': 32523, 'name': 'Tetrapoda'}, {'tax_id': 32524, 'name': 'Amniota'}, {'tax_id': 40674, 'name': 'Mammalia'}, {'tax_id': 32525, 'name': 'Theria'}, {'tax_id': 9347, 'name': 'Eutheria'}, {'tax_id': 1437010, 'name': 'Boreoeutheria'}, {'tax_id': 314146, 'name': 'Euarchontoglires'}, {'tax_id': 9443, 'name': 'Primates'}, {'tax_id': 376913, 'name': 'Haplorrhini'}, {'tax_id': 314293, 'name': 'Simiiformes'}, {'tax_id': 9526, 'name': 'Catarrhini'}, {'tax_id': 314295, 'name': 'Hominoidea'}, {'tax_id': 9604, 'name': 'Hominidae'}, {'tax_id': 207598, 'name': 'Homininae'}, {'tax_id': 9605, 'name': 'Homo'}, {'tax_id': 9606, 'name': 'Homo sapiens'}]",False,blood,,,True,[],[],,2,,,,,,,,,,,,,,
PP196601.1,,GenBank,,,,2025-01-21,,[],10510,partial,"Chikungunya virus isolate ONT_418013_1200, partial genome",,False,Africa,Senegal,Homo sapiens,"[{'tax_id': 131567, 'name': 'cellular organisms'}, {'tax_id': 2759, 'name': 'Eukaryota'}, {'tax_id': 33154, 'name': 'Opisthokonta'}, {'tax_id': 33208, 'name': 'Metazoa'}, {'tax_id': 6072, 'name': 'Eumetazoa'}, {'tax_id': 33213, 'name': 'Bilateria'}, {'tax_id': 33511, 'name': 'Deuterostomia'}, {'tax_id': 7711, 'name': 'Chordata'}, {'tax_id': 89593, 'name': 'Craniata'}, {'tax_id': 7742, 'name': 'Vertebrata'}, {'tax_id': 7776, 'name': 'Gnathostomata'}, {'tax_id': 117570, 'name': 'Teleostomi'}, {'tax_id': 117571, 'name': 'Euteleostomi'}, {'tax_id': 8287, 'name': 'Sarcopterygii'}, {'tax_id': 1338369, 'name': 'Dipnotetrapodomorpha'}, {'tax_id': 32523, 'name': 'Tetrapoda'}, {'tax_id': 32524, 'name': 'Amniota'}, {'tax_id': 40674, 'name': 'Mammalia'}, {'tax_id': 32525, 'name': 'Theria'}, {'tax_id': 9347, 'name': 'Eutheria'}, {'tax_id': 1437010, 'name': 'Boreoeutheria'}, {'tax_id': 314146, 'name': 'Euarchontoglires'}, {'tax_id': 9443, 'name': 'Primates'}, {'tax_id': 376913, 'name': 'Haplorrhini'}, {'tax_id': 314293, 'name': 'Simiiformes'}, {'tax_id': 9526, 'name': 'Catarrhini'}, {'tax_id': 314295, 'name': 'Hominoidea'}, {'tax_id': 9604, 'name': 'Hominidae'}, {'tax_id': 207598, 'name': 'Homininae'}, {'tax_id': 9605, 'name': 'Homo'}, {'tax_id': 9606, 'name': 'Homo sapiens'}]",False,blood,,,True,[],[],,2,,,,,,,,,,,,,,
PP196600.1,,GenBank,,,,2025-01-21,,[],10844,partial,"Chikungunya virus isolate ONT_417995_400, partial genome",,False,Africa,Senegal,Homo sapiens,"[{'tax_id': 131567, 'name': 'cellular organisms'}, {'tax_id': 2759, 'name': 'Eukaryota'}, {'tax_id': 33154, 'name': 'Opisthokonta'}, {'tax_id': 33208, 'name': 'Metazoa'}, {'tax_id': 6072, 'name': 'Eumetazoa'}, {'tax_id': 33213, 'name': 'Bilateria'}, {'tax_id': 33511, 'name': 'Deuterostomia'}, {'tax_id': 7711, 'name': 'Chordata'}, {'tax_id': 89593, 'name': 'Craniata'}, {'tax_id': 7742, 'name': 'Vertebrata'}, {'tax_id': 7776, 'name': 'Gnathostomata'}, {'tax_id': 117570, 'name': 'Teleostomi'}, {'tax_id': 117571, 'name': 'Euteleostomi'}, {'tax_id': 8287, 'name': 'Sarcopterygii'}, {'tax_id': 1338369, 'name': 'Dipnotetrapodomorpha'}, {'tax_id': 32523, 'name': 'Tetrapoda'}, {'tax_id': 32524, 'name': 'Amniota'}, {'tax_id': 40674, 'name': 'Mammalia'}, {'tax_id': 32525, 'name': 'Theria'}, {'tax_id': 9347, 'name': 'Eutheria'}, {'tax_id': 1437010, 'name': 'Boreoeutheria'}, {'tax_id': 314146, 'name': 'Euarchontoglires'}, {'tax_id': 9443, 'name': 'Primates'}, {'tax_id': 376913, 'name': 'Haplorrhini'}, {'tax_id': 314293, 'name': 'Simiiformes'}, {'tax_id': 9526, 'name': 'Catarrhini'}, {'tax_id': 314295, 'name': 'Hominoidea'}, {'tax_id': 9604, 'name': 'Hominidae'}, {'tax_id': 207598, 'name': 'Homininae'}, {'tax_id': 9605, 'name': 'Homo'}, {'tax_id': 9606, 'name': 'Homo sapiens'}]",False,blood,,,True,[],[],,2,,,,,,,,,,,,,,
PP196599.1,,GenBank,,,,2025-01-21,,[],11091,partial,"Chikungunya virus isolate ONT_417995_1200, partial genome",,False,Africa,Senegal,Homo sapiens,"[{'tax_id': 131567, 'name': 'cellular organisms'}, {'tax_id': 2759, 'name': 'Eukaryota'}, {'tax_id': 33154, 'name': 'Opisthokonta'}, {'tax_id': 33208, 'name': 'Metazoa'}, {'tax_id': 6072, 'name': 'Eumetazoa'}, {'tax_id': 33213, 'name': 'Bilateria'}, {'tax_id': 33511, 'name': 'Deuterostomia'}, {'tax_id': 7711, 'name': 'Chordata'}, {'tax_id': 89593, 'name': 'Craniata'}, {'tax_id': 7742, 'name': 'Vertebrata'}, {'tax_id': 7776, 'name': 'Gnathostomata'}, {'tax_id': 117570, 'name': 'Teleostomi'}, {'tax_id': 117571, 'name': 'Euteleostomi'}, {'tax_id': 8287, 'name': 'Sarcopterygii'}, {'tax_id': 1338369, 'name': 'Dipnotetrapodomorpha'}, {'tax_id': 32523, 'name': 'Tetrapoda'}, {'tax_id': 32524, 'name': 'Amniota'}, {'tax_id': 40674, 'name': 'Mammalia'}, {'tax_id': 32525, 'name': 'Theria'}, {'tax_id': 9347, 'name': 'Eutheria'}, {'tax_id': 1437010, 'name': 'Boreoeutheria'}, {'tax_id': 314146, 'name': 'Euarchontoglires'}, {'tax_id': 9443, 'name': 'Primates'}, {'tax_id': 376913, 'name': 'Haplorrhini'}, {'tax_id': 314293, 'name': 'Simiiformes'}, {'tax_id': 9526, 'name': 'Catarrhini'}, {'tax_id': 314295, 'name': 'Hominoidea'}, {'tax_id': 9604, 'name': 'Hominidae'}, {'tax_id': 207598, 'name': 'Homininae'}, {'tax_id': 9605, 'name': 'Homo'}, {'tax_id': 9606, 'name': 'Homo sapiens'}]",False,blood,,,True,[],[],,2,,,,,,,,,,,,,,
PP196598.1,,GenBank,,,,2025-01-21,,[],10961,partial,"Chikungunya virus isolate ONT_417986_400, partial genome",,False,Africa,Senegal,Homo sapiens,"[{'tax_id': 131567, 'name': 'cellular organisms'}, {'tax_id': 2759, 'name': 'Eukaryota'}, {'tax_id': 33154, 'name': 'Opisthokonta'}, {'tax_id': 33208, 'name': 'Metazoa'}, {'tax_id': 6072, 'name': 'Eumetazoa'}, {'tax_id': 33213, 'name': 'Bilateria'}, {'tax_id': 33511, 'name': 'Deuterostomia'}, {'tax_id': 7711, 'name': 'Chordata'}, {'tax_id': 89593, 'name': 'Craniata'}, {'tax_id': 7742, 'name': 'Vertebrata'}, {'tax_id': 7776, 'name': 'Gnathostomata'}, {'tax_id': 117570, 'name': 'Teleostomi'}, {'tax_id': 117571, 'name': 'Euteleostomi'}, {'tax_id': 8287, 'name': 'Sarcopterygii'}, {'tax_id': 1338369, 'name': 'Dipnotetrapodomorpha'}, {'tax_id': 32523, 'name': 'Tetrapoda'}, {'tax_id': 32524, 'name': 'Amniota'}, {'tax_id': 40674, 'name': 'Mammalia'}, {'tax_id': 32525, 'name': 'Theria'}, {'tax_id': 9347, 'name': 'Eutheria'}, {'tax_id': 1437010, 'name': 'Boreoeutheria'}, {'tax_id': 314146, 'name': 'Euarchontoglires'}, {'tax_id': 9443, 'name': 'Primates'}, {'tax_id': 376913, 'name': 'Haplorrhini'}, {'tax_id': 314293, 'name': 'Simiiformes'}, {'tax_id': 9526, 'name': 'Catarrhini'}, {'tax_id': 314295, 'name': 'Hominoidea'}, {'tax_id': 9604, 'name': 'Hominidae'}, {'tax_id': 207598, 'name': 'Homininae'}, {'tax_id': 9605, 'name': 'Homo'}, {'tax_id': 9606, 'name': 'Homo sapiens'}]",False,blood,,,True,[],[],,2,,,,,,,,,,,,,,
PP196597.1,,GenBank,,,,2025-01-21,,[],11116,partial,"Chikungunya virus isolate ONT_417986_1200, partial genome",,False,Africa,Senegal,Homo sapiens,"[{'tax_id': 131567, 'name': 'cellular organisms'}, {'tax_id': 2759, 'name': 'Eukaryota'}, {'tax_id': 33154, 'name': 'Opisthokonta'}, {'tax_id': 33208, 'name': 'Metazoa'}, {'tax_id': 6072, 'name': 'Eumetazoa'}, {'tax_id': 33213, 'name': 'Bilateria'}, {'tax_id': 33511, 'name': 'Deuterostomia'}, {'tax_id': 7711, 'name': 'Chordata'}, {'tax_id': 89593, 'name': 'Craniata'}, {'tax_id': 7742, 'name': 'Vertebrata'}, {'tax_id': 7776, 'name': 'Gnathostomata'}, {'tax_id': 117570, 'name': 'Teleostomi'}, {'tax_id': 117571, 'name': 'Euteleostomi'}, {'tax_id': 8287, 'name': 'Sarcopterygii'}, {'tax_id': 1338369, 'name': 'Dipnotetrapodomorpha'}, {'tax_id': 32523, 'name': 'Tetrapoda'}, {'tax_id': 32524, 'name': 'Amniota'}, {'tax_id': 40674, 'name': 'Mammalia'}, {'tax_id': 32525, 'name': 'Theria'}, {'tax_id': 9347, 'name': 'Eutheria'}, {'tax_id': 1437010, 'name': 'Boreoeutheria'}, {'tax_id': 314146, 'name': 'Euarchontoglires'}, {'tax_id': 9443, 'name': 'Primates'}, {'tax_id': 376913, 'name': 'Haplorrhini'}, {'tax_id': 314293, 'name': 'Simiiformes'}, {'tax_id': 9526, 'name': 'Catarrhini'}, {'tax_id': 314295, 'name': 'Hominoidea'}, {'tax_id': 9604, 'name': 'Hominidae'}, {'tax_id': 207598, 'name': 'Homininae'}, {'tax_id': 9605, 'name': 'Homo'}, {'tax_id': 9606, 'name': 'Homo sapiens'}]",False,blood,,,True,[],[],,2,,,,,,,,,,,,,,
PP196596.1,,GenBank,,,,2025-01-21,,[],11145,partial,"Chikungunya virus isolate ONT_417905_400, partial genome",,False,Africa,Senegal,Homo sapiens,"[{'tax_id': 131567, 'name': 'cellular organisms'}, {'tax_id': 2759, 'name': 'Eukaryota'}, {'tax_id': 33154, 'name': 'Opisthokonta'}, {'tax_id': 33208, 'name': 'Metazoa'}, {'tax_id': 6072, 'name': 'Eumetazoa'}, {'tax_id': 33213, 'name': 'Bilateria'}, {'tax_id': 33511, 'name': 'Deuterostomia'}, {'tax_id': 7711, 'name': 'Chordata'}, {'tax_id': 89593, 'name': 'Craniata'}, {'tax_id': 7742, 'name': 'Vertebrata'}, {'tax_id': 7776, 'name': 'Gnathostomata'}, {'tax_id': 117570, 'name': 'Teleostomi'}, {'tax_id': 117571, 'name': 'Euteleostomi'}, {'tax_id': 8287, 'name': 'Sarcopterygii'}, {'tax_id': 1338369, 'name': 'Dipnotetrapodomorpha'}, {'tax_id': 32523, 'name': 'Tetrapoda'}, {'tax_id': 32524, 'name': 'Amniota'}, {'tax_id': 40674, 'name': 'Mammalia'}, {'tax_id': 32525, 'name': 'Theria'}, {'tax_id': 9347, 'name': 'Eutheria'}, {'tax_id': 1437010, 'name': 'Boreoeutheria'}, {'tax_id': 314146, 'name': 'Euarchontoglires'}, {'tax_id': 9443, 'name': 'Primates'}, {'tax_id': 376913, 'name': 'Haplorrhini'}, {'tax_id': 314293, 'name': 'Simiiformes'}, {'tax_id': 9526, 'name': 'Catarrhini'}, {'tax_id': 314295, 'name': 'Hominoidea'}, {'tax_id': 9604, 'name': 'Hominidae'}, {'tax_id': 207598, 'name': 'Homininae'}, {'tax_id': 9605, 'name': 'Homo'}, {'tax_id': 9606, 'name': 'Homo sapiens'}]",False,blood,,,True,[],[],,2,,,,,,,,,,,,,,
PP196593.1,,GenBank,,,,2025-01-21,,[],10519,partial,"Chikungunya virus isolate ONT_417878_1200, partial genome",,False,Africa,Senegal,Homo sapiens,"[{'tax_id': 131567, 'name': 'cellular organisms'}, {'tax_id': 2759, 'name': 'Eukaryota'}, {'tax_id': 33154, 'name': 'Opisthokonta'}, {'tax_id': 33208, 'name': 'Metazoa'}, {'tax_id': 6072, 'name': 'Eumetazoa'}, {'tax_id': 33213, 'name': 'Bilateria'}, {'tax_id': 33511, 'name': 'Deuterostomia'}, {'tax_id': 7711, 'name': 'Chordata'}, {'tax_id': 89593, 'name': 'Craniata'}, {'tax_id': 7742, 'name': 'Vertebrata'}, {'tax_id': 7776, 'name': 'Gnathostomata'}, {'tax_id': 117570, 'name': 'Teleostomi'}, {'tax_id': 117571, 'name': 'Euteleostomi'}, {'tax_id': 8287, 'name': 'Sarcopterygii'}, {'tax_id': 1338369, 'name': 'Dipnotetrapodomorpha'}, {'tax_id': 32523, 'name': 'Tetrapoda'}, {'tax_id': 32524, 'name': 'Amniota'}, {'tax_id': 40674, 'name': 'Mammalia'}, {'tax_id': 32525, 'name': 'Theria'}, {'tax_id': 9347, 'name': 'Eutheria'}, {'tax_id': 1437010, 'name': 'Boreoeutheria'}, {'tax_id': 314146, 'name': 'Euarchontoglires'}, {'tax_id': 9443, 'name': 'Primates'}, {'tax_id': 376913, 'name': 'Haplorrhini'}, {'tax_id': 314293, 'name': 'Simiiformes'}, {'tax_id': 9526, 'name': 'Catarrhini'}, {'tax_id': 314295, 'name': 'Hominoidea'}, {'tax_id': 9604, 'name': 'Hominidae'}, {'tax_id': 207598, 'name': 'Homininae'}, {'tax_id': 9605, 'name': 'Homo'}, {'tax_id': 9606, 'name': 'Homo sapiens'}]",False,blood,,,True,[],[],,2,,,,,,,,,,,,,,
PP196592.1,,GenBank,,,,2025-01-21,,[],10848,partial,"Chikungunya virus isolate ONT_417864_400, partial genome",,False,Africa,Senegal,Homo sapiens,"[{'tax_id': 131567, 'name': 'cellular organisms'}, {'tax_id': 2759, 'name': 'Eukaryota'}, {'tax_id': 33154, 'name': 'Opisthokonta'}, {'tax_id': 33208, 'name': 'Metazoa'}, {'tax_id': 6072, 'name': 'Eumetazoa'}, {'tax_id': 33213, 'name': 'Bilateria'}, {'tax_id': 33511, 'name': 'Deuterostomia'}, {'tax_id': 7711, 'name': 'Chordata'}, {'tax_id': 89593, 'name': 'Craniata'}, {'tax_id': 7742, 'name': 'Vertebrata'}, {'tax_id': 7776, 'name': 'Gnathostomata'}, {'tax_id': 117570, 'name': 'Teleostomi'}, {'tax_id': 117571, 'name': 'Euteleostomi'}, {'tax_id': 8287, 'name': 'Sarcopterygii'}, {'tax_id': 1338369, 'name': 'Dipnotetrapodomorpha'}, {'tax_id': 32523, 'name': 'Tetrapoda'}, {'tax_id': 32524, 'name': 'Amniota'}, {'tax_id': 40674, 'name': 'Mammalia'}, {'tax_id': 32525, 'name': 'Theria'}, {'tax_id': 9347, 'name': 'Eutheria'}, {'tax_id': 1437010, 'name': 'Boreoeutheria'}, {'tax_id': 314146, 'name': 'Euarchontoglires'}, {'tax_id': 9443, 'name': 'Primates'}, {'tax_id': 376913, 'name': 'Haplorrhini'}, {'tax_id': 314293, 'name': 'Simiiformes'}, {'tax_id': 9526, 'name': 'Catarrhini'}, {'tax_id': 314295, 'name': 'Hominoidea'}, {'tax_id': 9604, 'name': 'Hominidae'}, {'tax_id': 207598, 'name': 'Homininae'}, {'tax_id': 9605, 'name': 'Homo'}, {'tax_id': 9606, 'name': 'Homo sapiens'}]",False,blood,,,True,[],[],,2,,,,,,,,,,,,,,
PP196591.1,,GenBank,,,,2025-01-21,,[],11142,partial,"Chikungunya virus isolate ONT_417864_1200, partial genome",,False,Africa,Senegal,Homo sapiens,"[{'tax_id': 131567, 'name': 'cellular organisms'}, {'tax_id': 2759, 'name': 'Eukaryota'}, {'tax_id': 33154, 'name': 'Opisthokonta'}, {'tax_id': 33208, 'name': 'Metazoa'}, {'tax_id': 6072, 'name': 'Eumetazoa'}, {'tax_id': 33213, 'name': 'Bilateria'}, {'tax_id': 33511, 'name': 'Deuterostomia'}, {'tax_id': 7711, 'name': 'Chordata'}, {'tax_id': 89593, 'name': 'Craniata'}, {'tax_id': 7742, 'name': 'Vertebrata'}, {'tax_id': 7776, 'name': 'Gnathostomata'}, {'tax_id': 117570, 'name': 'Teleostomi'}, {'tax_id': 117571, 'name': 'Euteleostomi'}, {'tax_id': 8287, 'name': 'Sarcopterygii'}, {'tax_id': 1338369, 'name': 'Dipnotetrapodomorpha'}, {'tax_id': 32523, 'name': 'Tetrapoda'}, {'tax_id': 32524, 'name': 'Amniota'}, {'tax_id': 40674, 'name': 'Mammalia'}, {'tax_id': 32525, 'name': 'Theria'}, {'tax_id': 9347, 'name': 'Eutheria'}, {'tax_id': 1437010, 'name': 'Boreoeutheria'}, {'tax_id': 314146, 'name': 'Euarchontoglires'}, {'tax_id': 9443, 'name': 'Primates'}, {'tax_id': 376913, 'name': 'Haplorrhini'}, {'tax_id': 314293, 'name': 'Simiiformes'}, {'tax_id': 9526, 'name': 'Catarrhini'}, {'tax_id': 314295, 'name': 'Hominoidea'}, {'tax_id': 9604, 'name': 'Hominidae'}, {'tax_id': 207598, 'name': 'Homininae'}, {'tax_id': 9605, 'name': 'Homo'}, {'tax_id': 9606, 'name': 'Homo sapiens'}]",False,blood,,,True,[],[],,2,,,,,,,,,,,,,,
PP196590.1,,GenBank,,,,2025-01-21,,[],11084,partial,"Chikungunya virus isolate ONT_417861_400, partial genome",,False,Africa,Senegal,Homo sapiens,"[{'tax_id': 131567, 'name': 'cellular organisms'}, {'tax_id': 2759, 'name': 'Eukaryota'}, {'tax_id': 33154, 'name': 'Opisthokonta'}, {'tax_id': 33208, 'name': 'Metazoa'}, {'tax_id': 6072, 'name': 'Eumetazoa'}, {'tax_id': 33213, 'name': 'Bilateria'}, {'tax_id': 33511, 'name': 'Deuterostomia'}, {'tax_id': 7711, 'name': 'Chordata'}, {'tax_id': 89593, 'name': 'Craniata'}, {'tax_id': 7742, 'name': 'Vertebrata'}, {'tax_id': 7776, 'name': 'Gnathostomata'}, {'tax_id': 117570, 'name': 'Teleostomi'}, {'tax_id': 117571, 'name': 'Euteleostomi'}, {'tax_id': 8287, 'name': 'Sarcopterygii'}, {'tax_id': 1338369, 'name': 'Dipnotetrapodomorpha'}, {'tax_id': 32523, 'name': 'Tetrapoda'}, {'tax_id': 32524, 'name': 'Amniota'}, {'tax_id': 40674, 'name': 'Mammalia'}, {'tax_id': 32525, 'name': 'Theria'}, {'tax_id': 9347, 'name': 'Eutheria'}, {'tax_id': 1437010, 'name': 'Boreoeutheria'}, {'tax_id': 314146, 'name': 'Euarchontoglires'}, {'tax_id': 9443, 'name': 'Primates'}, {'tax_id': 376913, 'name': 'Haplorrhini'}, {'tax_id': 314293, 'name': 'Simiiformes'}, {'tax_id': 9526, 'name': 'Catarrhini'}, {'tax_id': 314295, 'name': 'Hominoidea'}, {'tax_id': 9604, 'name': 'Hominidae'}, {'tax_id': 207598, 'name': 'Homininae'}, {'tax_id': 9605, 'name': 'Homo'}, {'tax_id': 9606, 'name': 'Homo sapiens'}]",False,blood,,,True,[],[],,2,,,,,,,,,,,,,,
PP196589.1,,GenBank,,,,2025-01-21,,[],11102,partial,"Chikungunya virus isolate ONT_417861_1200, partial genome",,False,Africa,Senegal,Homo sapiens,"[{'tax_id': 131567, 'name': 'cellular organisms'}, {'tax_id': 2759, 'name': 'Eukaryota'}, {'tax_id': 33154, 'name': 'Opisthokonta'}, {'tax_id': 33208, 'name': 'Metazoa'}, {'tax_id': 6072, 'name': 'Eumetazoa'}, {'tax_id': 33213, 'name': 'Bilateria'}, {'tax_id': 33511, 'name': 'Deuterostomia'}, {'tax_id': 7711, 'name': 'Chordata'}, {'tax_id': 89593, 'name': 'Craniata'}, {'tax_id': 7742, 'name': 'Vertebrata'}, {'tax_id': 7776, 'name': 'Gnathostomata'}, {'tax_id': 117570, 'name': 'Teleostomi'}, {'tax_id': 117571, 'name': 'Euteleostomi'}, {'tax_id': 8287, 'name': 'Sarcopterygii'}, {'tax_id': 1338369, 'name': 'Dipnotetrapodomorpha'}, {'tax_id': 32523, 'name': 'Tetrapoda'}, {'tax_id': 32524, 'name': 'Amniota'}, {'tax_id': 40674, 'name': 'Mammalia'}, {'tax_id': 32525, 'name': 'Theria'}, {'tax_id': 9347, 'name': 'Eutheria'}, {'tax_id': 1437010, 'name': 'Boreoeutheria'}, {'tax_id': 314146, 'name': 'Euarchontoglires'}, {'tax_id': 9443, 'name': 'Primates'}, {'tax_id': 376913, 'name': 'Haplorrhini'}, {'tax_id': 314293, 'name': 'Simiiformes'}, {'tax_id': 9526, 'name': 'Catarrhini'}, {'tax_id': 314295, 'name': 'Hominoidea'}, {'tax_id': 9604, 'name': 'Hominidae'}, {'tax_id': 207598, 'name': 'Homininae'}, {'tax_id': 9605, 'name': 'Homo'}, {'tax_id': 9606, 'name': 'Homo sapiens'}]",False,blood,,,True,[],[],,2,,,,,,,,,,,,,,
PP196588.1,,GenBank,,,,2025-01-21,,[],11044,partial,"Chikungunya virus isolate ONT_417854_400, partial genome",,False,Africa,Senegal,Homo sapiens,"[{'tax_id': 131567, 'name': 'cellular organisms'}, {'tax_id': 2759, 'name': 'Eukaryota'}, {'tax_id': 33154, 'name': 'Opisthokonta'}, {'tax_id': 33208, 'name': 'Metazoa'}, {'tax_id': 6072, 'name': 'Eumetazoa'}, {'tax_id': 33213, 'name': 'Bilateria'}, {'tax_id': 33511, 'name': 'Deuterostomia'}, {'tax_id': 7711, 'name': 'Chordata'}, {'tax_id': 89593, 'name': 'Craniata'}, {'tax_id': 7742, 'name': 'Vertebrata'}, {'tax_id': 7776, 'name': 'Gnathostomata'}, {'tax_id': 117570, 'name': 'Teleostomi'}, {'tax_id': 117571, 'name': 'Euteleostomi'}, {'tax_id': 8287, 'name': 'Sarcopterygii'}, {'tax_id': 1338369, 'name': 'Dipnotetrapodomorpha'}, {'tax_id': 32523, 'name': 'Tetrapoda'}, {'tax_id': 32524, 'name': 'Amniota'}, {'tax_id': 40674, 'name': 'Mammalia'}, {'tax_id': 32525, 'name': 'Theria'}, {'tax_id': 9347, 'name': 'Eutheria'}, {'tax_id': 1437010, 'name': 'Boreoeutheria'}, {'tax_id': 314146, 'name': 'Euarchontoglires'}, {'tax_id': 9443, 'name': 'Primates'}, {'tax_id': 376913, 'name': 'Haplorrhini'}, {'tax_id': 314293, 'name': 'Simiiformes'}, {'tax_id': 9526, 'name': 'Catarrhini'}, {'tax_id': 314295, 'name': 'Hominoidea'}, {'tax_id': 9604, 'name': 'Hominidae'}, {'tax_id': 207598, 'name': 'Homininae'}, {'tax_id': 9605, 'name': 'Homo'}, {'tax_id': 9606, 'name': 'Homo sapiens'}]",False,blood,,,True,[],[],,2,,,,,,,,,,,,,,
PP196587.1,,GenBank,,,,2025-01-21,,[],11140,partial,"Chikungunya virus isolate ONT_417854_1200, partial genome",,False,Africa,Senegal,Homo sapiens,"[{'tax_id': 131567, 'name': 'cellular organisms'}, {'tax_id': 2759, 'name': 'Eukaryota'}, {'tax_id': 33154, 'name': 'Opisthokonta'}, {'tax_id': 33208, 'name': 'Metazoa'}, {'tax_id': 6072, 'name': 'Eumetazoa'}, {'tax_id': 33213, 'name': 'Bilateria'}, {'tax_id': 33511, 'name': 'Deuterostomia'}, {'tax_id': 7711, 'name': 'Chordata'}, {'tax_id': 89593, 'name': 'Craniata'}, {'tax_id': 7742, 'name': 'Vertebrata'}, {'tax_id': 7776, 'name': 'Gnathostomata'}, {'tax_id': 117570, 'name': 'Teleostomi'}, {'tax_id': 117571, 'name': 'Euteleostomi'}, {'tax_id': 8287, 'name': 'Sarcopterygii'}, {'tax_id': 1338369, 'name': 'Dipnotetrapodomorpha'}, {'tax_id': 32523, 'name': 'Tetrapoda'}, {'tax_id': 32524, 'name': 'Amniota'}, {'tax_id': 40674, 'name': 'Mammalia'}, {'tax_id': 32525, 'name': 'Theria'}, {'tax_id': 9347, 'name': 'Eutheria'}, {'tax_id': 1437010, 'name': 'Boreoeutheria'}, {'tax_id': 314146, 'name': 'Euarchontoglires'}, {'tax_id': 9443, 'name': 'Primates'}, {'tax_id': 376913, 'name': 'Haplorrhini'}, {'tax_id': 314293, 'name': 'Simiiformes'}, {'tax_id': 9526, 'name': 'Catarrhini'}, {'tax_id': 314295, 'name': 'Hominoidea'}, {'tax_id': 9604, 'name': 'Hominidae'}, {'tax_id': 207598, 'name': 'Homininae'}, {'tax_id': 9605, 'name': 'Homo'}, {'tax_id': 9606, 'name': 'Homo sapiens'}]",False,blood,,,True,[],[],,2,,,,,,,,,,,,,,
OR659083.1,,GenBank,,,,2023-10-23,,[],11244,partial,"MAG: Sindbis virus isolate Bobo_Vk3, partial genome",,False,Africa,Burkina Faso,Culex quinquefasciatus,"[{'tax_id': 131567, 'name': 'cellular organisms'}, {'tax_id': 2759, 'name': 'Eukaryota'}, {'tax_id': 33154, 'name': 'Opisthokonta'}, {'tax_id': 33208, 'name': 'Metazoa'}, {'tax_id': 6072, 'name': 'Eumetazoa'}, {'tax_id': 33213, 'name': 'Bilateria'}, {'tax_id': 33317, 'name': 'Protostomia'}, {'tax_id': 1206794, 'name': 'Ecdysozoa'}, {'tax_id': 88770, 'name': 'Panarthropoda'}, {'tax_id': 6656, 'name': 'Arthropoda'}, {'tax_id': 197563, 'name': 'Mandibulata'}, {'tax_id': 197562, 'name': 'Pancrustacea'}, {'tax_id': 6960, 'name': 'Hexapoda'}, {'tax_id': 50557, 'name': 'Insecta'}, {'tax_id': 85512, 'name': 'Dicondylia'}, {'tax_id': 7496, 'name': 'Pterygota'}, {'tax_id': 33340, 'name': 'Neoptera'}, {'tax_id': 33392, 'name': 'Endopterygota'}, {'tax_id': 7147, 'name': 'Diptera'}, {'tax_id': 7148, 'name': 'Nematocera'}, {'tax_id': 43786, 'name': 'Culicomorpha'}, {'tax_id': 41827, 'name': 'Culicoidea'}, {'tax_id': 7157, 'name': 'Culicidae'}, {'tax_id': 43817, 'name': 'Culicinae'}, {'tax_id': 53550, 'name': 'Culicini'}, {'tax_id': 7174, 'name': 'Culex'}, {'tax_id': 53527, 'name': 'Culex'}, {'tax_id': 518105, 'name': 'Culex pipiens complex'}, {'tax_id': 7176, 'name': 'Culex quinquefasciatus'}]",False,,,,True,[],[],,2,,,,,,,,,,,,,,
